namespace,key,english,es,shared_with_english
accountLink,title,Connect to OSI Server,Conectar a OSI Server,
accountLink,navLink,OSI Server,OSI Server,yes
accountLink,backToDashboard,Back to Dashboard,Volver al panel,
accountLink,status.linked,Account linked to OSI Server,Cuenta vinculada a OSI Server,
accountLink,status.notLinked,Not connected to OSI Server,No conectado a OSI Server,
accountLink,status.linkedAs,Linked as: {{username}},Vinculado como: {{username}},
accountLink,status.linkedSince,Since: {{date}},Desde: {{date}},
accountLink,form.serverUrl,OSI Server URL,URL del servidor OSI,
accountLink,form.actionLabel,Action,Acción,
accountLink,form.actionLogin,Link existing account,Vincular cuenta existente,
accountLink,form.actionRegister,Create new account,Crear nueva cuenta,
accountLink,form.username,Server Username,Nombre de usuario del servidor,
accountLink,form.email,Email,Correo electrónico,
accountLink,form.password,Password,Contraseña,
accountLink,form.submit,Connect to OSI Server,Conectar a OSI Server,
accountLink,form.submitting,Connecting...,Conectando...,
accountLink,form.cancel,Cancel,Cancelar,
accountLink,warning.title,Important,Importante,
accountLink,warning.message,"After linking, you must use your OSI Server credentials to log in. OSI OS stores a gateway-specific offline verifier for linked login.","Después de vincular, debes usar tus credenciales de OSI Server para iniciar sesión. OSI OS guarda un verificador offline específico de la puerta de enlace para el inicio de sesión vinculado.",
accountLink,warning.proceed,Proceed,Continuar,
accountLink,success.title,Successfully Connected,Conectado correctamente,
accountLink,success.message,Your account is now linked as {{username}} on OSI Server.,Tu cuenta ahora está vinculada como {{username}} en OSI Server.,
accountLink,success.claimedDevices,Devices claimed on server: {{count}},Dispositivos reclamados en el servidor: {{count}},
accountLink,success.skippedDevices,Devices skipped (already claimed): {{count}},Dispositivos omitidos (ya reclamados): {{count}},
accountLink,unlink.button,Disconnect from OSI Server,Desconectar de OSI Server,
accountLink,unlink.confirm,"Are you sure? After disconnecting, you must use your original local password to log in.","¿Estás seguro? Después de desconectarte, debes usar tu contraseña local original.",
accountLink,unlink.success,Disconnected from OSI Server,Desconectado de OSI Server,
accountLink,errors.networkError,Cannot reach OSI Server. Check the URL and your internet connection.,No se puede llegar a OSI Server. Comprueba la URL y tu conexión a Internet.,
accountLink,errors.authFailed,Invalid OSI Server credentials.,Credenciales de OSI Server no válidas.,
accountLink,errors.generic,An error occurred. Please try again.,"Ocurrió un error. Por favor, inténtalo de nuevo.",
accountLink,errors.forceSyncFailed,Manual sync failed. Please try again.,Error en la sincronización manual. Inténtalo de nuevo.,
accountLink,sync.title,Manual sync,Sincronización manual,
accountLink,sync.description,Run an immediate recovery sync with OSI Server.,Ejecuta una sincronización de recuperación inmediata con OSI Server.,
accountLink,sync.button,Force sync now,Forzar sincronización ahora,
accountLink,sync.running,Syncing...,Sincronizando...,
accountLink,sync.successTitle,Manual sync completed,Sincronización manual completada,
accountLink,sync.partialTitle,Manual sync finished with issues,Sincronización manual finalizada con incidencias,
accountLink,sync.refreshed,Sync token refreshed before sync.,Token de sincronización renovado antes de sincronizar.,
accountLink,sync.usedCurrentToken,Using current sync token.,Usando el token de sincronización actual.,
accountLink,sync.bootstrap,"Bootstrap applied: {{applied}}, skipped: {{skipped}}","Bootstrap aplicado: {{applied}}, omitido: {{skipped}}",
accountLink,sync.outbox,Outbox delivered: {{delivered}} ({{before}} -> {{after}} pending),Bandeja de salida entregada: {{delivered}} ({{before}} -> {{after}} pendientes),
accountLink,sync.pending,"Pending commands fetched: {{fetched}}, queued for local apply: {{queued}}","Comandos pendientes obtenidos: {{fetched}}, en cola para aplicación local: {{queued}}",
accountLink,sync.pendingAfterResponse,Local apply continues after this response returns.,La aplicación local continúa después de que esta respuesta se reciba.,
accountLink,sync.lastError,Last error from {{source}}: {{message}},Último error de {{source}}: {{message}},
accountLink,reauth.title,Sync token expired,Token de sincronización caducado,
accountLink,reauth.description,Re-authenticate with OSI Server to mint a fresh sync token for this gateway.,Vuelve a autenticarte con OSI Server para generar un nuevo token de sincronización para esta puerta de enlace.,
accountLink,reauth.button,Re-authenticate,Volver a autenticar,
accountLink,reauth.username,Server Username,Nombre de usuario del servidor,
accountLink,reauth.password,OSI Server Password,Contraseña de OSI Server,
accountLink,reauth.submit,Refresh connection,Renovar conexión,
accountLink,reauth.running,Refreshing...,Renovando...,
auth,login.title,AgroLink,AgroLink,yes
auth,login.subtitle,Sign in to your account,Inicia sesión en tu cuenta,
auth,login.username,Username,Nombre de usuario,
auth,login.usernamePlaceholder,Enter your username,Introduce tu nombre de usuario,
auth,login.password,Password,Contraseña,
auth,login.passwordPlaceholder,Enter your password,Introduce tu contraseña,
auth,login.signingIn,Signing In...,Iniciando sesión...,
auth,login.signIn,Sign In,Iniciar sesión,
auth,login.noAccount,Register Account,Registrar cuenta,
auth,login.failed,Login failed. Please check your credentials.,Error de inicio de sesión. Verifica tus credenciales.,
auth,register.title,Create Account,Crear cuenta,
auth,register.subtitle,Register for AgroLink,Regístrate en AgroLink,
auth,register.username,Username,Nombre de usuario,
auth,register.usernamePlaceholder,Choose a username,Elige un nombre de usuario,
auth,register.password,Password,Contraseña,
auth,register.passwordPlaceholder,Choose a password,Elige una contraseña,
auth,register.confirmPassword,Confirm Password,Confirmar contraseña,
auth,register.confirmPasswordPlaceholder,Re-enter your password,Vuelve a introducir tu contraseña,
auth,register.creating,Creating Account...,Creando cuenta...,
auth,register.submit,Create Account,Crear cuenta,
auth,register.haveAccount,Already have an account? Sign in,¿Ya tienes cuenta? Inicia sesión,
auth,register.failed,Registration failed. Please try again.,Error en el registro. Inténtalo de nuevo.,
auth,register.passwordMismatch,Passwords do not match,Las contraseñas no coinciden,
auth,register.passwordTooShort,Password must be at least 6 characters,La contraseña debe tener al menos 6 caracteres,
auth,register.successTitle,Success!,¡Éxito!,
auth,register.successMessage,Account created successfully. Redirecting to login...,Cuenta creada con éxito. Redirigiendo al inicio de sesión...,
common,cancel,Cancel,Cancelar,
common,loading,Loading...,Cargando...,
common,delete,Delete,Eliminar,
common,na,N/A,N/D,
common,retry,Retry,Reintentar,
common,analysis.title,Data analysis,Análisis de datos,
common,analysis.axis.rename,Rename axis label,Cambiar el nombre de la etiqueta del eje,
common,analysis.backToDashboard,← Back to Dashboard,← Volver al panel,
common,analysis.loadError,Analysis data could not be loaded.,No se pudieron cargar los datos de análisis.,
common,analysis.pooled.tooltip,"Correlates all zones' points as one combined dataset, in addition to each zone separately.","Correlaciona los puntos de todas las zonas como un único conjunto combinado, además de cada zona por separado.",
common,analysis.empty,Select one or more series to start comparing zones.,Seleccione una o más series para empezar a comparar zonas.,
common,analysis.catalog.loading,Loading available series...,Cargando series disponibles...,
common,analysis.series.loading,Loading series...,Cargando series...,
common,analysis.aggregation.label,Aggregation,Agregación,
common,analysis.aggregation.raw,Raw,Sin agregación,
common,analysis.aggregation.fifteenMinute,15 minutes,15 minutos,
common,analysis.aggregation.hourly,Hourly,Por hora,
common,analysis.aggregation.daily,Daily,Diaria,
common,analysis.aggregation.weekly,Weekly,Semanal,
common,analysis.preset.metricLabel,Metric across zones,Métrica entre zonas,
common,analysis.tray.label,Analysis series,Series de análisis,
common,analysis.tray.title,Series,Series,yes
common,analysis.tray.search,Search for zones or devices,Buscar zonas o dispositivos,
common,analysis.tray.unknownSite,Unknown site,Sitio desconocido,
common,analysis.tray.reason.unsupported,Unsupported,No compatible,
common,analysis.tray.reason.available_no_recent_data,No recent data available,No hay datos recientes disponibles,
common,analysis.range.label,Analysis range,Rango de análisis,
common,analysis.range.custom,Custom,Personalizado,
common,analysis.range.from,From,Desde,
common,analysis.range.to,To,Hasta,
common,analysis.range.apply,Apply,Aplicar,
common,analysis.range.invalid,Start must be before end.,El inicio debe ser anterior al fin.,
common,analysis.mode.label,Analysis mode,Modo de análisis,
common,analysis.mode.timeline,Timeline,Cronología,
common,analysis.mode.correlation,Correlation,Correlación,
common,analysis.layout.label,Layout,Disposición,
common,analysis.layout.stacked,Stacked,Apilado,
common,analysis.layout.overlaid,Overlaid,Superpuesto,
common,analysis.layout.smallMultiples,Small multiples,Múltiplos pequeños,
common,analysis.toggle.normalize,Normalize,Normalizar,
common,analysis.export.csv,Export CSV,Exportar CSV,
common,analysis.export.png,Export PNG,Exportar PNG,
common,analysis.legend.label,Chart legend,Leyenda del gráfico,
common,analysis.legend.rename,Rename series,Renombrar serie,
common,analysis.views.title,Saved views,Vistas guardadas,
common,analysis.views.save,Save view,Guardar vista,
common,analysis.views.namePlaceholder,Name this view,Nombre esta vista,
common,analysis.views.delete,Delete view,Eliminar vista,
common,analysis.views.empty,No saved views yet.,Aún no hay vistas guardadas.,
common,analysis.droppedNotice,{{count}} series could not be loaded,{{count}} series no se pudieron cargar,
common,analysis.correlation.comingSoon,Correlation scatter is planned for the next slice.,El diagrama de dispersión de correlación está previsto para la próxima fase.,
common,analysis.correlation.needTwoChannels,Add series for at least two different channels to compare them.,Añada series de al menos dos canales diferentes para compararlas.,
common,analysis.correlation.x,X channel,Canal X,
common,analysis.correlation.y,Y channel,Canal Y,
common,analysis.correlation.pooled,Pooled (all zones),Agrupado (todas las zonas),
common,analysis.correlation.zone,Zone,Zona,
common,analysis.correlation.droppedPairs,Dropped,Descartados,
common,analysis.correlation.insufficient,insufficient (n={{n}}),insuficiente (n={{n}}),
common,analysis.correlation.exploratory,Exploratory only — Pearson r over aligned buckets; not a significance test.,Solo exploratorio — r de Pearson sobre intervalos alineados; no es una prueba de significancia.,
dashboard,title,Dashboard,Dashboard,yes
dashboard,welcome,"Welcome, {{username}}","Bienvenido, {{username}}",
dashboard,add,Add,Añadir,
dashboard,addMenu.zone,Add Zone,Añadir zona,
dashboard,addMenu.device,Add Device,Añadir dispositivo,
dashboard,addMenu.activity,Log activity,Registrar actividad,
dashboard,data,Data,Datos,
dashboard,account,Account,Cuenta,
dashboard,accountMenu.osiServer,OSI Server,OSI Server,yes
dashboard,logout,Logout,Cerrar sesión,
dashboard,loading,Loading dashboard...,Cargando panel de control...,
dashboard,failedToLoad,Failed to load data,Error al cargar los datos,
dashboard,autoRefresh,Auto-refreshing every 10 seconds,Actualización automática cada 10 segundos,
dashboard,emptyState.title,Welcome to your farm!,¡Bienvenido a tu granja!,
dashboard,emptyState.subtitle,Get started by creating a zone and adding devices,Comienza creando una zona y añadiendo dispositivos,
dashboard,emptyState.createZone,Create Zone,Crear zona,
dashboard,emptyState.addDevice,Add Device,Añadir dispositivo,
dashboard,irrigationZones,Zones,Zonas,
dashboard,unassignedDevices,Unassigned Devices,Dispositivos sin asignar,
dashboard,unassignedSubtitle,These devices are not assigned to any zone,Estos dispositivos no están asignados a ninguna zona,
dashboard,soilSensors,Soil Sensors,Sensores de suelo,
dashboard,smartValves,Smart Valves,Válvulas inteligentes,
dashboard,journal,Journal,Diario,
dashboard,tabs.zones,Zones,Zonas,
dashboard,tabs.data,Data,Datos,
dashboard,tabs.journal,Journal,Diario,
devices,addModal.title,Add Device,Añadir dispositivo,
devices,addModal.deviceType,Device Type,Tipo de dispositivo,
devices,addModal.deviceName,Device Name,Nombre del dispositivo,
devices,addModal.deviceNamePlaceholder,"e.g., North Field, Main Valve","ej. Campo Norte, Válvula principal",
devices,addModal.deveui,DevEUI,DevEUI,yes
devices,addModal.deveuiPlaceholder,16 hex characters,16 caracteres hexadecimales,
devices,addModal.deveuiHint,"Enter exactly 16 hexadecimal characters (0-9, A-F)","Introduce exactamente 16 caracteres hexadecimales (0-9, A-F)",
devices,addModal.deveuiInvalid,DevEUI must be exactly 16 hexadecimal characters,El DevEUI debe tener exactamente 16 caracteres hexadecimales,
devices,addModal.adding,Adding...,Añadiendo...,
devices,addModal.submit,Add Device,Añadir dispositivo,
devices,addModal.failed,Failed to add device,Error al añadir el dispositivo,
devices,assignModal.title,Assign Device to {{zoneName}},Asignar dispositivo a {{zoneName}},
devices,assignModal.selectDevice,Select Device,Seleccionar dispositivo,
devices,assignModal.selectPlaceholder,-- Select a device --,-- Seleccionar un dispositivo --,
devices,assignModal.noDevicesTitle,No unassigned devices,No hay dispositivos sin asignar,
devices,assignModal.noDevicesSubtitle,All your devices are already assigned to zones. Add more devices or remove them from other zones first.,Todos los dispositivos ya están asignados a zonas. Añade más dispositivos o retíralos de otras zonas.,
devices,assignModal.assigning,Assigning...,Asignando...,
devices,assignModal.submit,Assign Device,Asignar dispositivo,
devices,assignModal.pleaseSelect,Please select a device,Selecciona un dispositivo,
devices,assignModal.failed,Failed to assign device,Error al asignar el dispositivo,
devices,createZoneModal.title,Create Zone,Crear zona,
devices,createZoneModal.zoneName,Zone Name,Nombre de la zona,
devices,createZoneModal.zoneNamePlaceholder,"e.g., Garden A, North Field, Orchard 1","ej. Jardín A, Campo Norte, Huerto 1",
devices,createZoneModal.zoneNameRequired,Zone name is required,El nombre de la zona es obligatorio,
devices,createZoneModal.creating,Creating...,Creando...,
devices,createZoneModal.submit,Create Zone,Crear zona,
devices,createZoneModal.failed,Failed to create zone,Error al crear la zona,
devices,kiwiSensor.badge,KIWI SENSOR,SENSOR KIWI,
devices,kiwiSensor.tooDry,TOO DRY!,¡DEMASIADO SECO!,
devices,kiwiSensor.soilNeedsWater,Soil needs watering,El suelo necesita riego,
devices,kiwiSensor.removeConfirm,Remove this device?,¿Eliminar este dispositivo?,
devices,kiwiSensor.removeSubtitle,This will unlink the device from your account.,El dispositivo se desvinculará de tu cuenta.,
devices,kiwiSensor.yesRemove,"Yes, Remove","Sí, eliminar",
devices,kiwiSensor.removing,Removing...,Eliminando...,
devices,kiwiSensor.failedToRemove,Failed to remove device,Error al eliminar el dispositivo,
devices,kiwiSensor.soilWaterTension1,SOIL WATER TENSION 1,TENSIÓN HÍDRICA DEL SUELO 1,
devices,kiwiSensor.soilWaterTension2,SOIL WATER TENSION 2,TENSIÓN HÍDRICA DEL SUELO 2,
devices,kiwiSensor.lightIntensity,LIGHT INTENSITY,INTENSIDAD LUMÍNICA,
devices,kiwiSensor.ambientTemperature,AMBIENT TEMPERATURE,TEMPERATURA AMBIENTE,
devices,kiwiSensor.relativeHumidity,RELATIVE HUMIDITY,HUMEDAD RELATIVA,
devices,kiwiSensor.lastSeen,Last seen: {{minutes}} minutes ago,Visto hace {{minutes}} minutos,
devices,kiwiSensor.neverSeen,Never seen,Nunca visto,
devices,kiwiSensor.settings,SETTINGS,CONFIGURACIÓN,
devices,kiwiSensor.intervalLabel,Desired interval (minutes),Intervalo deseado (minutos),
devices,kiwiSensor.intervalPlaceholder,e.g. 15,ej. 15,
devices,kiwiSensor.intervalNote,Kiwi interval changes use LoRaWAN FPort 100. Enter whole minutes between 1 and 1440.,Los cambios de intervalo de Kiwi usan LoRaWAN FPort 100. Introduce un número entero de minutos entre 1 y 1440.,
devices,kiwiSensor.invalidInterval,Enter a whole number of minutes between 1 and 1440.,Introduce un número entero de minutos entre 1 y 1440.,
devices,kiwiSensor.applyInterval,Apply interval,Aplicar intervalo,
devices,kiwiSensor.applyingInterval,Applying interval...,Aplicando intervalo...,
devices,kiwiSensor.intervalPending,Uplink interval change requested for {{minutes}} minute(s).,Cambio de intervalo de uplink solicitado para {{minutes}} minuto(s).,
devices,kiwiSensor.failedToSetInterval,Failed to change Kiwi uplink interval,Error al cambiar el intervalo de uplink de Kiwi,
devices,kiwiSensor.enableTempHumidityTitle,AMBIENT TEMPERATURE + HUMIDITY,TEMPERATURA AMBIENTE + HUMEDAD,
devices,kiwiSensor.enableTempHumidityNote,Enable ambient temperature and humidity reporting using the interval entered above.,Activa el informe de temperatura ambiente y humedad usando el intervalo introducido arriba.,
devices,kiwiSensor.enableTempHumidity,Enable temperature + humidity,Activar temperatura + humedad,
devices,kiwiSensor.enablingTempHumidity,Enabling temperature + humidity...,Activando temperatura + humedad...,
devices,kiwiSensor.enableTempHumidityPending,Ambient temperature and humidity reporting requested. The command uses a {{minutes}} minute interval.,Informe de temperatura ambiente y humedad solicitado. El comando usa un intervalo de {{minutes}} minutos.,
devices,kiwiSensor.failedToEnableTempHumidity,Failed to enable Kiwi temperature and humidity,Error al activar la temperatura y humedad de Kiwi,
devices,kiwiSensor.enableTempHumidityRequiresInterval,Enter a whole number of minutes between 1 and 1440 before enabling ambient temperature and humidity.,Introduce un número entero de minutos entre 1 y 1440 antes de activar la temperatura y humedad ambiente.,
devices,stregaValve.badge,STREGA VALVE,VÁLVULA STREGA,
devices,stregaValve.status,STATUS,ESTADO,
devices,stregaValve.open,OPEN,ABIERTA,
devices,stregaValve.closed,CLOSED,CERRADA,
devices,stregaValve.target,Target: {{state}},Objetivo: {{state}},
devices,stregaValve.opening,Opening...,Abriendo...,
devices,stregaValve.closing,Closing...,Cerrando...,
devices,stregaValve.removeConfirm,Remove this device?,¿Eliminar este dispositivo?,
devices,stregaValve.removeSubtitle,This will unlink the device from your account.,El dispositivo se desvinculará de tu cuenta.,
devices,stregaValve.yesRemove,"Yes, Remove","Sí, eliminar",
devices,stregaValve.removing,Removing...,Eliminando...,
devices,stregaValve.failedToRemove,Failed to remove device,Error al eliminar el dispositivo,
devices,stregaValve.lastSeen,Last seen: {{minutes}} minutes ago,Visto hace {{minutes}} minutos,
devices,stregaValve.neverSeen,Never seen,Nunca visto,
devices,stregaValve.settings,SETTINGS,CONFIGURACIÓN,
devices,stregaValve.intervalLabel,Closed-box interval (minutes),Intervalo de caja cerrada (minutos),
devices,stregaValve.intervalPlaceholder,e.g. 10,ej. 10,
devices,stregaValve.intervalNote,OSI sets the normal closed-box interval on FPort 11. The opened interval stays fixed at 2 minutes and tamper remains enabled.,OSI establece el intervalo normal de caja cerrada en FPort 11. El intervalo de caja abierta permanece fijo en 2 minutos y la protección antimanipulación permanece activada.,
devices,stregaValve.invalidInterval,Enter a whole number of minutes between 1 and 255.,Introduce un número entero de minutos entre 1 y 255.,
devices,stregaValve.applyInterval,Apply interval,Aplicar intervalo,
devices,stregaValve.applyingInterval,Applying interval...,Aplicando intervalo...,
devices,stregaValve.intervalPending,Closed-box uplink interval change requested for {{minutes}} minute(s). The opened interval stays at 2 minutes.,Cambio de intervalo de uplink de caja cerrada solicitado para {{minutes}} minuto(s). El intervalo de caja abierta permanece en 2 minutos.,
devices,stregaValve.failedToSetInterval,Failed to change Strega uplink interval,Error al cambiar el intervalo de uplink de Strega,
devices,stregaValve.actuationFeedback.closed,Closed,Cerrada,
devices,stregaValve.actuationFeedback.closedAt,Closed at {{time}},Cerrada a las {{time}},
devices,stregaValve.actuationFeedback.open,OPEN,ABIERTA,
devices,stregaValve.actuationFeedback.openClosesAt,OPEN — closes at {{time}},ABIERTA — cierra a las {{time}},
devices,stregaValve.actuationFeedback.openQueued,Open queued,Apertura en cola,
devices,stregaValve.actuationFeedback.waitingForUplink,waiting for valve uplink (≈ {{minutes}} min),esperando uplink de válvula (≈ {{minutes}} min),
devices,zone.deviceCount_one,{{count}} device,{{count}} dispositivo,
devices,zone.deviceCount_other,{{count}} devices,{{count}} dispositivos,
devices,zone.assignDevice,+ Device,+ Dispositivo,
devices,zone.deleteZone,Delete,Eliminar,
devices,zone.deleteConfirm,Delete this zone?,¿Eliminar esta zona?,
devices,zone.deleteSubtitle,All devices will be unassigned from this zone. This action cannot be undone.,Todos los dispositivos se desasignarán de esta zona. Esta acción no se puede deshacer.,
devices,zone.yesDelete,"Yes, Delete","Sí, eliminar",
devices,zone.deleting,Deleting...,Eliminando...,
devices,zone.failedToDelete,Failed to delete zone,Error al eliminar la zona,
devices,zone.failedToRemoveDevice,Failed to remove device from zone,Error al retirar el dispositivo de la zona,
devices,zone.noDevices,No devices in this zone yet,No hay dispositivos en esta zona,
devices,zone.assignFirst,Assign First Device,Asignar primer dispositivo,
devices,zone.devicesInZone,Devices in this zone:,Dispositivos en esta zona:,
devices,zone.data,Data,Datos,
devices,zone.export.title,Data export,Exportar datos,
devices,zone.export.selectRange,Pick a date range to download zone data.,Elige un rango de fechas para descargar datos de la zona.,
devices,zone.export.from,From,Desde,
devices,zone.export.to,To,Hasta,
devices,zone.export.granularity,Granularity,Granularidad,
devices,zone.export.raw,Raw,Crudo,
devices,zone.export.hourly,Hourly,Por hora,
devices,zone.export.daily,Daily,Diario,
devices,zone.export.download,Download CSV,Descargar CSV,
devices,zone.export.downloading,Preparing...,Preparando...,
devices,zone.export.rangeSummary,{{from}} to {{to}},{{from}} a {{to}},
devices,zone.export.error,Export failed,Error de exportacion,
devices,zone.export.tooLarge,Range too large. Choose a coarser granularity.,Rango demasiado grande. Elige una granularidad mas amplia.,
devices,zone.export.fullExport,Full export,Exportacion completa,
devices,schedule.irrigationSchedule,Irrigation Schedule,Programa de riego,
devices,schedule.triggerMetric,Trigger Metric,Métrica de activación,
devices,schedule.soilWaterTension1,Soil Water Tension 1,Tensión hídrica del suelo 1,
devices,schedule.soilWaterTension2,Soil Water Tension 2,Tensión hídrica del suelo 2,
devices,schedule.average,Average (WM1 + WM2),Promedio (WM1 + WM2),
devices,schedule.thresholdKpa,Threshold (kPa),Umbral (kPa),
devices,schedule.duration,Irrigation duration (min),Duración del riego (min),
devices,schedule.enabled,Enabled,Activado,
devices,schedule.on,On,Sí,
devices,schedule.off,Off,No,
devices,schedule.loadingSchedule,Loading schedule...,Cargando programa...,
devices,schedule.loadFailed,Failed to load schedule,Error al cargar el programa,
devices,schedule.saving,Saving...,Guardando...,
devices,schedule.saveSchedule,Save schedule,Guardar programa,
devices,schedule.saveFailed,Failed to save schedule,Error al guardar el programa,
devices,schedule.reload,Reload,Recargar,
devices,schedule.reloadFailed,Failed to reload schedule,Error al recargar el programa,
devices,schedule.saved,Saved.,Guardado.,
devices,schedule.triggerHint,"Trigger if {{metric}} ≥ {{threshold}} kPa (once/day, 06:00).","Activar si {{metric}} ≥ {{threshold}} kPa (una vez/día, 06:00).",
devices,environment.sectionTitle,Environment & weather forecast,Entorno y previsión meteorológica,
devices,environment.tabs.local,Local,Local,yes
devices,environment.tabs.online,Online,Online,yes
devices,environment.tabs.agronomic,Agronomic,Agronómico,
devices,environment.tabs.forecast,Forecast,Pronóstico,
devices,environment.source.openagri,OpenAgri,OpenAgri,yes
devices,environment.source.open_meteo,Open-Meteo,Open-Meteo,yes
devices,environment.source.local,Local sensors,Sensores locales,
devices,environment.source.unavailable,Unavailable,No disponible,
devices,environment.cache.live,Live,En vivo,
devices,environment.cache.stale,Stale,Desactualizado,
devices,environment.cache.miss,No data,Sin datos,
devices,environment.location.zone,Zone coordinates,Coordenadas de zona,
devices,environment.location.gateway,Gateway GPS,GPS del gateway,
devices,environment.location.unavailable,No location set,Sin ubicación,
devices,environment.local.freshSensors,{{count}} fresh,{{count}} reciente,
devices,environment.local.staleSensors_one,{{count}} stale,{{count}} desactualizado,
devices,environment.local.staleSensors_other,{{count}} stale,{{count}} desactualizados,
devices,environment.local.perDevice,Per-device readings,Lecturas por dispositivo,
devices,environment.local.noData,No local sensor data available,No hay datos de sensores locales,
devices,environment.local.observedAt,Observed {{time}},Observado {{time}},
devices,environment.online.unavailable,No online weather available for this zone,No hay datos meteorológicos online para esta zona,
devices,environment.online.noLocation,Set zone coordinates to enable online weather,Configura coordenadas de zona para activar el clima online,
devices,environment.online.updatesAt,Updates at {{time}},Actualiza a las {{time}},
devices,environment.agronomic.vpd,VPD,VPD,yes
devices,environment.agronomic.dewPoint,Dew point,Punto de rocío,
devices,environment.agronomic.heatIndex,Heat index,Índice de calor,
devices,environment.agronomic.thi,THI,THI,yes
devices,environment.agronomic.et0,Reference ET₀,ET₀ referencia,
devices,environment.agronomic.kc,Crop coeff. Kc,Coef. cultivo Kc,
devices,environment.agronomic.etc,Crop ET,ET cultivo,
devices,environment.agronomic.noData,No agronomic data available,No hay datos agronómicos disponibles,
devices,environment.agronomic.fromSource,from {{source}},de {{source}},
devices,environment.forecast.next24h,Next 24 h,Próx. 24 h,
devices,environment.forecast.next72h,Next 72 h,Próx. 72 h,
devices,environment.forecast.nextRain,Next rain,Próxima lluvia,
devices,environment.forecast.rainHours,Rain hours,Horas de lluvia,
devices,environment.forecast.maxHourly,Peak hourly,Máx. por hora,
devices,environment.forecast.today,today,hoy,
devices,environment.forecast.tomorrow,tomorrow,mañana,
devices,environment.forecast.noData,No forecast available,Pronóstico no disponible,
devices,environment.forecast.noLocation,Set zone coordinates to enable forecast,Configura coordenadas de zona para activar el pronóstico,
devices,environment.forecast.hourlyTitle,Hourly rain (next 24 h),Lluvia por hora (próx. 24 h),
devices,environment.forecast.unavailable,Unavailable,No disponible,
devices,environment.metrics.air_temperature_c,Air Temp,Temp. aire,
devices,environment.metrics.relative_humidity_pct,Humidity,Humedad,
devices,environment.metrics.probe_temperature_c,Probe Temp,Temp. sonda,
devices,environment.metrics.pressure_hpa,Pressure,Presión,
devices,environment.metrics.wind_speed_mps,Wind,Viento,
devices,environment.metrics.wind_direction_deg,Wind Dir,Dir. viento,
devices,environment.metrics.rainfall_mm,Rainfall,Lluvia,
devices,environment.metrics.light_lux,Light,Luz,
devices,environment.metrics.uv_index,UV Index,Índice UV,
devices,environment.metrics.soil_temperature_c,Soil Temp,Temp. suelo,
devices,environment.metrics.soil_moisture_pct,Soil Moisture,Humedad suelo,
devices,irrigationOutcomes.title,Recent irrigations,Riegos recientes,
devices,irrigationOutcomes.updated,updated,actualizado,
devices,irrigationOutcomes.loading,Loading recent actuations…,Cargando activaciones recientes…,
devices,irrigationOutcomes.error,Failed to load recent actuations,Error al cargar activaciones recientes,
devices,irrigationOutcomes.empty,No recent irrigations recorded yet.,No hay riegos recientes registrados.,
devices,irrigationOutcomes.zoneUnknown,Zone ?,Zona ?,
devices,irrigationOutcomes.duration,Duration,Duración,
devices,irrigationOutcomes.totalVolume,Total volume: {{liters}},Volumen total: {{liters}},
devices,irrigationOutcomes.irrigated,Irrigated: {{depth}},Regado: {{depth}},
devices,irrigationOutcomes.timestampTitle,{{label}}: {{absolute}} ({{relative}}),{{label}}: {{absolute}} ({{relative}}),yes
devices,irrigationOutcomes.settings,Recent irrigations settings,Configuración de riegos recientes,
devices,irrigationOutcomes.advancedView,Advanced view,Vista avanzada,
devices,irrigationOutcomes.commanded,Commanded,Comandado,
devices,irrigationOutcomes.observedOpen,Confirmed open,Apertura confirmada,
devices,irrigationOutcomes.observedClose,Confirmed close,Cierre confirmado,
devices,irrigationOutcomes.status.PENDING_OPEN,Pending open,Apertura pendiente,
devices,irrigationOutcomes.status.RUNNING,Running,En ejecución,
devices,irrigationOutcomes.status.COMPLETED,Completed,Completado,
devices,irrigationOutcomes.status.CANCELLED,Cancelled,Cancelado,
devices,irrigationOutcomes.status.COMMAND_FAILED,Command failed,Comando fallido,
devices,irrigationOutcomes.status.OPEN_TIMEOUT,Open timeout,Tiempo de apertura agotado,
devices,irrigationOutcomes.status.CLOSE_TIMEOUT,Close timeout,Tiempo de cierre agotado,
devices,irrigationOutcomes.status.UNKNOWN,Unknown,Desconocido,
history,history.nav.history,History,Historial,
history,history.nav.legacyDashboard,Legacy dashboard,Panel heredado,
history,history.nav.logout,Logout,Cerrar sesión,
history,history.shell.title,History,Historial,
history,history.shell.subtitle,Local gateway history for {{username}},Historial local del gateway para {{username}},
history,history.shell.loadingLocalCards,Loading local history cards...,Cargando tarjetas de historial locales...,
history,history.shell.unavailableTitle,History is unavailable,El historial no está disponible,
history,history.shell.unavailableBody,Runtime feature flags keep the new history shell off until the local gateway enables it.,Los indicadores de funciones en tiempo de ejecución mantienen desactivado el nuevo panel de historial hasta que el gateway local lo habilite.,
history,history.shell.featureFlagFailed,The feature flag request failed. The legacy dashboard is still available.,La solicitud del indicador de función falló. El panel heredado sigue disponible.,
history,history.shell.zonesFailedTitle,History zones failed to load,Error al cargar las zonas de historial,
history,history.shell.noZonesTitle,No zones yet,Aún no hay zonas,
history,history.shell.noZonesBody,Create a zone from the legacy dashboard before opening thematic history.,Crea una zona desde el panel heredado antes de abrir el historial temático.,
history,history.shell.cardsFailed,History cards failed to load.,Error al cargar las tarjetas de historial.,
history,history.shell.retryCards,Retry cards,Reintentar tarjetas,
history,history.export.open,Export,Exportar,
history,history.export.title,Export data,Exportar datos,
history,history.desktop.railLabel,Cards,Tarjetas,
history,history.desktop.toolbarTitle,Toolbar,Barra de herramientas,
history,history.desktop.modeLabel,Desktop mode,Modo de escritorio,
history,history.desktop.modeFocus,Focus,Enfoque,
history,history.desktop.modeCompare,Compare,Comparar,
history,history.desktop.viewSelectorLabel,Card view,Vista de tarjeta,
history,history.desktop.compareViewSelectorLabel,Compare view,Vista de comparación,
history,history.desktop.sourceSelectorLabel,Sources,Fuentes,
history,history.desktop.rangeOverviewLabel,Time range overview,Resumen del intervalo de tiempo,
history,history.desktop.chartSurfaceLabel,"History chart, use arrow keys to pan and plus or minus to zoom","Gráfico de historial, use las flechas para desplazar y más o menos para acercar",
history,history.desktop.zoomIn,Zoom in,Acercar,
history,history.desktop.zoomOut,Zoom out,Alejar,
history,history.desktop.resetZoom,Reset zoom,Restablecer zoom,
history,history.desktop.maxPanels,Up to {{count}} comparison panels,Hasta {{count}} paneles de comparación,
history,history.desktop.singleMode,Single,Individual,
history,history.desktop.comparisonMode,Comparison,Comparación,
history,history.desktop.addPanel,Add panel {{title}},Añadir panel {{title}},
history,history.desktop.removePanel,Remove panel,Quitar panel,
history,history.desktop.panelLimitWarning,Only {{count}} comparison panels can be shown on this edge gateway.,Solo se pueden mostrar {{count}} paneles de comparación en esta pasarela edge.,
history,history.desktop.selectedTimestampNone,No timestamp selected,Ninguna marca de tiempo seleccionada,
history,history.desktop.selectedTimestamp,Selected timestamp: {{timestamp}},Marca de tiempo seleccionada: {{timestamp}},
history,history.desktop.inspectorTitle,Inspector,Inspector,yes
history,history.desktop.inspectorPlaceholder,"Select a timestamp or calendar cell to see interpretation, events, data quality, and advanced metadata.","Seleccione una marca de tiempo o celda del calendario para ver interpretación, eventos, calidad de datos y metadatos avanzados.",
history,history.mobile.zoneLabel,Zone,Zona,
history,history.mobile.actions,History actions,Acciones de historial,
history,history.mobile.openActions,Open history actions,Abrir acciones de historial,
history,history.overview.empty,No history cards are available for this zone yet.,Aún no hay tarjetas de historial disponibles para esta zona.,
history,history.overview.openCard,Open {{title}} history,Abrir historial de {{title}},
history,history.overview.cardTypeLabel,{{cardType}} card,Tarjeta de {{cardType}},
history,history.overview.pinCard,Pin card,Fijar tarjeta,
history,history.overview.unpinCard,Unpin card,Desfijar tarjeta,
history,history.overview.pinCardForTitle,Pin {{title}} card,Fijar tarjeta {{title}},
history,history.overview.unpinCardForTitle,Unpin {{title}} card,Desfijar tarjeta {{title}},
history,history.overview.pinned,Pinned,Fijada,
history,history.overview.alert,Attention,Atención,
history,history.detail.backToHistory,Back to history,Volver al historial,
history,history.detail.invalidRouteTitle,History card not available,Tarjeta de historial no disponible,
history,history.detail.invalidRouteBody,Return to History and choose an available card.,Vuelve a Historial y elige una tarjeta disponible.,
history,history.detail.loading,Loading history card...,Cargando tarjeta de historial...,
history,history.detail.notFoundTitle,History card not available,Tarjeta de historial no disponible,
history,history.detail.notFoundBody,Return to History and choose an available card.,Vuelve a Historial y elige una tarjeta disponible.,
history,history.detail.controlsPlaceholder,Date range,Rango de fechas,
history,history.detail.inspectorPlaceholder,Inspector,Inspector,yes
history,history.detail.rangeControlLabel,Date range,Rango de fechas,
history,history.detail.viewControlLabel,View,Vista,
history,history.detail.visualizationLabel,History visualization,Visualización de historial,
history,history.detail.visualizationHelp,"Drag to pan, pinch to zoom, double tap to reset, or long press to inspect.","Arrastra para desplazar, pellizca para acercar, toca dos veces para restablecer o mantén pulsado para inspeccionar.",
history,history.rangeShort.12h,12h,12h,yes
history,history.rangeShort.24h,24h,24h,yes
history,history.rangeShort.7d,7D,7D,yes
history,history.rangeShort.30d,30D,30D,yes
history,history.rangeShort.season,Season,Temporada,
history,history.rangeShort.custom,Custom,Personalizado,
history,history.sidebar.zones,Zones,Zonas,
history,history.sidebar.pinnedCards,Pinned cards,Tarjetas fijadas,
history,history.sidebar.availableCards,Available cards,Tarjetas disponibles,
history,history.sidebar.savedWorkspaces,Saved workspaces,Espacios de trabajo guardados,
history,history.sidebar.workspaceDisabled,Workspace saving is not enabled on this slice.,El guardado de espacios de trabajo no está habilitado en esta versión.,
history,history.sidebar.workspaceName,Workspace name,Nombre del espacio de trabajo,
history,history.sidebar.saveWorkspace,Save workspace,Guardar espacio de trabajo,
history,history.sidebar.updateWorkspace,Update workspace,Actualizar espacio de trabajo,
history,history.sidebar.loadWorkspace,Load {{name}},Cargar {{name}},
history,history.sidebar.deleteWorkspace,Delete {{name}},Eliminar {{name}},
history,history.sidebar.defaultWorkspaceName,Local workspace,Espacio de trabajo local,
history,history.sidebar.pinCard,Pin,Fijar,
history,history.sidebar.unpinCard,Unpin,Desfijar,
history,history.sidebar.none,None,Ninguno,
history,history.carousel.empty,No history cards are available for this zone yet.,Aún no hay tarjetas de historial disponibles para esta zona.,
history,history.carousel.ariaLabel,History card carousel,Carrusel de tarjetas de historial,
history,history.carousel.cardAriaLabel,{{title}} card,Tarjeta {{title}},
history,history.carousel.cardTypeLabel,{{cardType}} card,Tarjeta de {{cardType}},
history,history.carousel.pinned,Pinned,Fijada,
history,history.cardFrame.emptyTitle,Select a history card,Selecciona una tarjeta de historial,
history,history.cardFrame.emptyBody,Choose a zone and thematic card to inspect local history.,Elige una zona y una tarjeta temática para inspeccionar el historial local.,
history,history.cardFrame.typeHistory,{{cardType}} history,Historial de {{cardType}},
history,history.cardFrame.viewModes,{{title}} view modes,Modos de vista de {{title}},
history,history.cardFrame.unavailable,This card is not available for the selected zone.,Esta tarjeta no está disponible para la zona seleccionada.,
history,history.cardFrame.timelineBrush,Timeline viewport,Ventana de la línea de tiempo,
history,history.cardFrame.timelineBrushKeyboardHelp,"Use arrow keys to pan, plus or minus to zoom, and Home or Enter to reset.","Usa las flechas para desplazar, más o menos para acercar, e Inicio o Intro para restablecer.",
history,history.cardFrame.aggregationBadge,Aggregation: {{aggregation}},Agregación: {{aggregation}},
history,history.cardFrame.placeholderBody,Chart and calendar data will load here when card data APIs are enabled.,Los datos del gráfico y del calendario se cargarán aquí cuando las API de datos de la tarjeta estén habilitadas.,
history,history.cardFrame.cardDataLoading,Loading card data...,Cargando datos de la tarjeta...,
history,history.cardFrame.cardDataError,Card data failed to load: {{message}},Error al cargar los datos de la tarjeta: {{message}},
history,history.cardFrame.cardDataUnknownError,Unknown error,Error desconocido,
history,history.workspace.unavailablePanel,Unavailable panel,Panel no disponible,
history,history.workspace.repairPanel,Remove unavailable panel,Quitar panel no disponible,
history,history.dendroTimeline.title,Growth timeline,Línea de tiempo de crecimiento,
history,history.dendroTimeline.emptyTitle,No dendrometer timeline data,No hay datos de línea de tiempo del dendrómetro,
history,history.dendroTimeline.emptyBody,Dendrometer readings will appear here when history data is available.,Las lecturas del dendrómetro aparecerán aquí cuando haya datos de historial disponibles.,
history,history.dendroTimeline.eventsTitle,Timeline events,Eventos de la línea de tiempo,
history,history.dendroTimeline.eventFallback,Dendrometer event,Evento del dendrómetro,
history,history.dendroTimeline.noEvents,No events in this range,No hay eventos en este rango,
history,history.dendroTimeline.pointsCount,{{count}} readings,{{count}} lecturas,
history,history.dendroTimeline.series.stemChange,Stem change,Cambio del tronco,
history,history.dendroTimeline.series.growth,Growth,Crecimiento,
history,history.dendroTimeline.series.shrinkage,Shrinkage,Contracción,
history,history.dendroTimeline.series.dendrometer,Dendrometer,Dendrómetro,
history,history.environmentLineChart.title,Environment trend,Tendencia ambiental,
history,history.environmentLineChart.emptyTitle,No environment trend data,No hay datos de tendencia ambiental,
history,history.environmentLineChart.emptyBody,Environment readings will appear here when history data is available.,Las lecturas ambientales aparecerán aquí cuando haya datos de historial disponibles.,
history,history.environmentLineChart.pointsCount,{{count}} readings,{{count}} lecturas,
history,history.environmentLineChart.axisLabel,{{unit}} axis,Eje de {{unit}},
history,history.environmentLineChart.axisNoUnit,Unitless axis,Eje sin unidad,
history,history.environmentLineChart.series.airTemperature,Air temperature,Temperatura del aire,
history,history.environmentLineChart.series.humidity,Relative humidity,Humedad relativa,
history,history.environmentLineChart.series.rain,Rain,Lluvia,
history,history.environmentLineChart.series.light,Light,Luz,
history,history.environmentLineChart.series.pressure,Pressure,Presión,
history,history.environmentLineChart.series.wind,Wind,Viento,
history,history.environmentLineChart.series.uv,UV index,Índice UV,
history,history.environmentLineChart.series.environment,Environment,Entorno,
history,history.dailyMinMax.title,Daily Min/Max,Mín/Máx diario,
history,history.dailyMinMax.emptyTitle,No daily min/max data,No hay datos de mín/máx diario,
history,history.dailyMinMax.emptyBody,Daily minimum and maximum readings are not available for this range.,Las lecturas mínimas y máximas diarias no están disponibles para este rango.,
history,history.dailyMinMax.pointsCount,{{count}} days,{{count}} días,
history,history.dailyMinMax.axisLabel,{{unit}},{{unit}},yes
history,history.dailyMinMax.axisNoUnit,Value,Valor,
history,history.dailyMinMax.tooltipMin,Min,Mín,
history,history.dailyMinMax.tooltipMax,Max,Máx,
history,history.dailyMinMax.tooltipMean,Mean,Media,
history,history.dailyMinMax.series.airTemperature,Air temperature,Temperatura del aire,
history,history.dailyMinMax.series.environment,Environment,Entorno,
history,history.gatewayStatus.title,Gateway status overview,Resumen del estado del gateway,
history,history.gatewayStatus.emptyTitle,Limited gateway status data,Datos limitados del estado del gateway,
history,history.gatewayStatus.emptyBody,Gateway status details will appear here as the hub reports them.,Los detalles del estado del gateway aparecerán aquí a medida que el hub los reporte.,
history,history.gatewayStatus.lastSeen,Last seen,Visto por última vez,
history,history.gatewayStatus.dataAsOf,Data as of,Datos a fecha de,
history,history.gatewayStatus.syncState,Sync state,Estado de sincronización,
history,history.gatewayStatus.eventsTitle,Recent gateway events,Eventos recientes del gateway,
history,history.gatewayStatus.noEvents,No gateway events in this range.,No hay eventos del gateway en este rango.,
history,history.gatewayStatus.eventFallback,Gateway event,Evento del gateway,
history,history.gatewayStatus.status.ok,OK,OK,yes
history,history.gatewayStatus.status.online,Online,En línea,
history,history.gatewayStatus.status.offline,Offline,Fuera de línea,
history,history.gatewayStatus.status.connected,Connected,Conectado,
history,history.gatewayStatus.status.disconnected,Disconnected,Desconectado,
history,history.gatewayStatus.status.degraded,Degraded,Degradado,
history,history.gatewayStatus.status.stale,Stale,Desactualizado,
history,history.gatewayStatus.status.charging,Charging,Cargando,
history,history.gatewayStatus.category.connectivity,Connectivity,Conectividad,
history,history.gatewayStatus.category.storage,Storage,Almacenamiento,
history,history.gatewayStatus.category.system,System,Sistema,
history,history.gatewayStatus.metric.signal,Signal,Señal,
history,history.gatewayStatus.metric.storage,Storage use,Uso de almacenamiento,
history,history.gatewayStatus.metric.memory,Memory use,Uso de memoria,
history,history.gatewayStatus.metric.cpu,CPU,CPU,yes
history,history.gatewayStatus.metric.temperature,Temperature,Temperatura,
history,history.gatewayStatus.value.unavailable,Not reported,No reportado,
history,history.irrigationTimeline.title,Irrigation event timeline,Línea de tiempo de eventos de riego,
history,history.irrigationTimeline.emptyTitle,No irrigation events,No hay eventos de riego,
history,history.irrigationTimeline.emptyBody,Irrigation actions and response windows will appear here when history data is available.,Las acciones de riego y las ventanas de respuesta aparecerán aquí cuando haya datos de historial disponibles.,
history,history.irrigationTimeline.eventsCount,{{count}} events,{{count}} eventos,
history,history.irrigationTimeline.eventLabel.irrigation,Irrigation event,Evento de riego,
history,history.irrigationTimeline.eventLabel.scheduled,Scheduled irrigation,Riego programado,
history,history.irrigationTimeline.eventLabel.manualOverride,Manual override,Anulación manual,
history,history.irrigationTimeline.eventLabel.possibleIneffective,Possible ineffective irrigation,Posible riego ineficaz,
history,history.irrigationTimeline.eventLabel.responseWindow,Response window,Ventana de respuesta,
history,history.irrigationTimeline.detail.duration,Duration: {{value}},Duración: {{value}},
history,history.irrigationTimeline.detail.responseWindow,Response window: {{value}},Ventana de respuesta: {{value}},
history,history.irrigationTimeline.detail.observedResponse,Observed response: {{value}},Respuesta observada: {{value}},
history,history.irrigationTimeline.severity.info,Info,Info,yes
history,history.irrigationTimeline.severity.warning,Warning,Advertencia,
history,history.irrigationTimeline.severity.critical,Critical,Crítico,
history,history.irrigationTimeline.severity.success,Success,Éxito,
history,history.irrigationTimeline.severity.unknown,Info,Info,yes
history,history.cardType.soil,Soil,Suelo,
history,history.cardType.dendro,Dendro,Dendro,yes
history,history.cardType.environment,Environment,Entorno,
history,history.cardType.irrigation,Irrigation,Riego,
history,history.cardType.gateway,Gateway,Gateway,yes
history,history.viewMode.soil-profile,Soil Profile,Perfil de suelo,
history,history.viewMode.line-chart,Line Chart,Gráfico de líneas,
history,history.viewMode.calendar,Calendar,Calendario,
history,history.viewMode.irrigation-response,Irrigation Response,Respuesta de riego,
history,history.viewMode.advanced,Advanced View,Vista avanzada,
history,history.viewMode.growth-timeline,Growth Timeline,Línea de tiempo de crecimiento,
history,history.viewMode.stress-events,Stress Events,Eventos de estrés,
history,history.viewMode.daily-min-max,Daily Min/Max,Mín/Máx diario,
history,history.viewMode.event-timeline,Event Timeline,Línea de tiempo de eventos,
history,history.viewMode.status-overview,Status Overview,Resumen de estado,
history,history.viewMode.connectivity-timeline,Connectivity Timeline,Línea de tiempo de conectividad,
history,history.metadata.coverageUnknown,Coverage unknown,Cobertura desconocida,
history,history.metadata.coverageKnown,{{coverage}}% coverage,{{coverage}}% de cobertura,
history,history.metadata.coverageConfidence.configured,Configured cadence,Cadencia configurada,
history,history.metadata.coverageConfidence.derived,Derived cadence,Cadencia derivada,
history,history.metadata.coverageConfidence.unknown,Cadence unknown,Cadencia desconocida,
history,history.metadata.syncState.local,Local,Local,yes
history,history.metadata.syncState.synced,Synced,Sincronizado,
history,history.metadata.syncState.stale,Stale,Desactualizado,
history,history.metadata.syncState.degraded,Degraded,Degradado,
history,history.metadata.syncState.unknown,Unknown,Desconocido,
history,history.metadata.aggregation.auto,Automatic,Automático,
history,history.metadata.aggregation.raw,Raw,Sin agregación,
history,history.metadata.aggregation.15m,15 min,15 min,yes
history,history.metadata.aggregation.hourly,Hourly,Por hora,
history,history.metadata.aggregation.daily,Daily,Diaria,
history,history.metadata.aggregation.weekly,Weekly,Semanal,
history,history.metadata.range.12h,12 hours,12 horas,
history,history.metadata.range.24h,24 hours,24 horas,
history,history.metadata.range.7d,7 days,7 días,
history,history.metadata.range.30d,30 days,30 días,
history,history.metadata.range.season,Season,Temporada,
history,history.metadata.range.custom,Custom range,Rango personalizado,
history,history.soilProfile.emptyTitle,No soil profile data,No hay datos de perfil de suelo,
history,history.soilProfile.emptyBody,Depth-aware profile readings are not available for this range.,Las lecturas de perfil por profundidad no están disponibles para este rango.,
history,history.soilProfile.depthLabel,{{depth}} cm,{{depth}} cm,yes
history,history.soilProfile.depthUnknown,Depth pending,Profundidad pendiente,
history,history.soilProfile.valueMissing,No reading,Sin lectura,
history,history.soilProfile.status.dry_stress,Dry stress,Estrés por sequía,
history,history.soilProfile.status.optimal,Optimal,Óptimo,
history,history.soilProfile.status.wet_excess,Wet excess,Exceso de humedad,
history,history.soilProfile.status.mixed,Mixed,Mixto,
history,history.soilProfile.status.no_data,No data,Sin datos,
history,history.soilProfile.labelUnknown,Soil layer {{index}},Capa de suelo {{index}},
history,history.soil.state.wet,Wet,Mojado,
history,history.soil.state.moist,Moist,Húmedo,
history,history.soil.state.dry,Dry,Seco,
history,history.calendar.label,Calendar,Calendario,
history,history.calendar.title,Calendar,Calendario,
history,history.calendar.emptyTitle,No calendar data,No hay datos de calendario,
history,history.calendar.weekday.mon,Mon,Lun,
history,history.calendar.weekday.tue,Tue,Mar,
history,history.calendar.weekday.wed,Wed,Mié,
history,history.calendar.weekday.thu,Thu,Jue,
history,history.calendar.weekday.fri,Fri,Vie,
history,history.calendar.weekday.sat,Sat,Sáb,
history,history.calendar.weekday.sun,Sun,Dom,
history,history.calendar.state.dry_stress,Dry stress,Estrés por sequía,
history,history.calendar.state.optimal,Optimal,Óptimo,
history,history.calendar.state.wet_excess,Wet excess,Exceso de humedad,
history,history.calendar.state.mixed,Mixed,Mixto,
history,history.calendar.state.normal_growth,Normal growth,Crecimiento normal,
history,history.calendar.state.reduced_growth,Reduced growth,Crecimiento reducido,
history,history.calendar.state.high_shrinkage_stress,High shrinkage stress,Estrés alto por contracción,
history,history.calendar.state.incomplete_night_recovery,Incomplete night recovery,Recuperación nocturna incompleta,
history,history.calendar.state.normal,Normal,Normal,yes
history,history.calendar.state.heat_stress,Heat stress,Estrés por calor,
history,history.calendar.state.cold_stress,Cold stress,Estrés por frío,
history,history.calendar.state.high_humidity,High humidity,Humedad alta,
history,history.calendar.state.rain_day,Rain day,Día de lluvia,
history,history.calendar.state.no_irrigation,No irrigation,Sin riego,
history,history.calendar.state.irrigation_event,Irrigation event,Evento de riego,
history,history.calendar.state.high_irrigation_frequency,High irrigation frequency,Frecuencia de riego alta,
history,history.calendar.state.possible_ineffective_irrigation,Possible ineffective irrigation,Posible riego ineficaz,
history,history.calendar.state.manual_override,Manual override,Anulación manual,
history,history.calendar.state.offline,Offline,Fuera de línea,
history,history.calendar.state.no_data,No data,Sin datos,
history,history.calendar.marker.irrigation.no_irrigation,No irrigation marker,Marcador de sin riego,
history,history.calendar.marker.irrigation.irrigation_event,Irrigation marker,Marcador de riego,
history,history.calendar.marker.irrigation.high_irrigation_frequency,High frequency marker,Marcador de frecuencia alta,
history,history.calendar.marker.irrigation.possible_ineffective_irrigation,Possible ineffective irrigation marker,Marcador de posible riego ineficaz,
history,history.calendar.marker.irrigation.manual_override,Manual override marker,Marcador de anulación manual,
history,history.calendar.marker.rain,Rain,Lluvia,
history,history.calendar.marker.sensor_gap,Sensor gap,Vacío de sensor,
history,history.calendar.marker.heat_event,Heat event,Evento de calor,
history,history.calendar.marker.soil.dry_stress,Dry stress marker,Marcador de estrés por sequía,
history,history.calendar.marker.soil.optimal,Optimal marker,Marcador óptimo,
history,history.calendar.marker.soil.wet_excess,Wet marker,Marcador de humedad,
history,history.calendar.marker.soil.mixed,Mixed marker,Marcador mixto,
history,history.calendar.marker.dendro.normal_growth,Normal growth marker,Marcador de crecimiento normal,
history,history.calendar.marker.dendro.reduced_growth,Reduced growth marker,Marcador de crecimiento reducido,
history,history.calendar.marker.dendro.high_shrinkage_stress,High shrinkage marker,Marcador de contracción alta,
history,history.calendar.marker.dendro.incomplete_night_recovery,Incomplete recovery marker,Marcador de recuperación incompleta,
history,history.calendar.marker.environment.normal,Normal marker,Marcador normal,
history,history.calendar.marker.environment.heat_stress,Heat marker,Marcador de calor,
history,history.calendar.marker.environment.cold_stress,Cold marker,Marcador de frío,
history,history.calendar.marker.environment.high_humidity,High humidity marker,Marcador de humedad alta,
history,history.calendar.marker.environment.rain_day,Rain marker,Marcador de lluvia,
history,history.calendar.summary.soil.dry_stress,Root zone was dry with {{sampleCount}} samples.,La zona radicular estuvo seca con {{sampleCount}} muestras.,
history,history.calendar.summary.soil.optimal,Root zone was optimal with {{sampleCount}} samples.,La zona radicular estuvo óptima con {{sampleCount}} muestras.,
history,history.calendar.summary.soil.wet_excess,Root zone was wet with {{sampleCount}} samples.,La zona radicular estuvo húmeda con {{sampleCount}} muestras.,
history,history.calendar.summary.soil.mixed,Soil status was mixed across depths.,El estado del suelo fue mixto entre profundidades.,
history,history.calendar.summary.soil.no_data,No soil data was available.,No hubo datos de suelo disponibles.,
history,history.calendar.summary.dendro.normal_growth,Stem growth looked normal.,El crecimiento del tronco se vio normal.,
history,history.calendar.summary.dendro.reduced_growth,Stem growth was reduced.,El crecimiento del tronco fue reducido.,
history,history.calendar.summary.dendro.high_shrinkage_stress,Stem shrinkage indicated stress.,La contracción del tronco indicó estrés.,
history,history.calendar.summary.dendro.incomplete_night_recovery,Night recovery was incomplete.,La recuperación nocturna fue incompleta.,
history,history.calendar.summary.dendro.no_data,No dendrometer data was available.,No hubo datos del dendrómetro disponibles.,
history,history.calendar.summary.environment.normal,Environment was normal.,El entorno fue normal.,
history,history.calendar.summary.environment.heat_stress,Heat stress was detected.,Se detectó estrés por calor.,
history,history.calendar.summary.environment.cold_stress,Cold stress was detected.,Se detectó estrés por frío.,
history,history.calendar.summary.environment.high_humidity,High humidity was detected.,Se detectó humedad alta.,
history,history.calendar.summary.environment.rain_day,Rain was detected.,Se detectó lluvia.,
history,history.calendar.summary.environment.no_data,No environment data was available.,No hubo datos ambientales disponibles.,
history,history.calendar.summary.irrigation.no_irrigation,No irrigation occurred.,No hubo riego.,
history,history.calendar.summary.irrigation.irrigation_event,Irrigation occurred.,Hubo riego.,
history,history.calendar.summary.irrigation.high_irrigation_frequency,Irrigation frequency was high.,La frecuencia de riego fue alta.,
history,history.calendar.summary.irrigation.possible_ineffective_irrigation,Irrigation may have been ineffective.,El riego pudo haber sido ineficaz.,
history,history.calendar.summary.irrigation.manual_override,Manual override occurred.,Hubo una anulación manual.,
history,history.calendar.summary.gateway.offline,Gateway connectivity was offline.,La conectividad del gateway estuvo fuera de línea.,
history,history.calendar.summary.gateway.normal,Gateway status was normal.,El estado del gateway fue normal.,
history,history.calendar.summary.gateway.no_data,No gateway data was available.,No hubo datos del gateway disponibles.,
history,history.interpretation.title,Interpretation,Interpretación,
history,history.interpretation.noData.title,No data in selected range,Sin datos en el rango seleccionado,
history,history.interpretation.noData.body,"This card is configured, but no measured history was available for the selected range.","Esta tarjeta está configurada, pero no había historial medido disponible para el rango seleccionado.",
history,history.interpretation.rootZoneDry.title,Root zone entered dry status,La zona radicular entró en estado seco,
history,history.interpretation.rootZoneDry.body,Lower soil tension stayed dry through the selected period.,La tensión del suelo en profundidad se mantuvo seca durante el período seleccionado.,
history,history.interpretation.dataCoverageGap.title,Sensor data is incomplete,Los datos del sensor están incompletos,
history,history.interpretation.dataCoverageGap.body,Sensor data was missing during the selected period.,Faltaron datos del sensor durante el período seleccionado.,
history,history.interpretation.incompleteNightRecovery.title,Night recovery was incomplete,La recuperación nocturna fue incompleta,
history,history.interpretation.incompleteNightRecovery.body,The dendrometer did not fully recover overnight during the selected period.,El dendrómetro no se recuperó completamente durante la noche en el período seleccionado.,
history,history.interpretation.environmentStress.title,Environment stress detected,Se detectó estrés ambiental,
history,history.interpretation.environmentStress.body,Environment readings crossed a stress threshold in the selected range.,Las lecturas ambientales superaron un umbral de estrés en el rango seleccionado.,
history,history.interpretation.extensionUnavailable.title,Cloud context unavailable,Contexto en la nube no disponible,
history,history.interpretation.prediction.title,Prediction context,Contexto de predicción,
history,history.interpretation.prediction.body,Prediction context is available for this zone.,Hay contexto de predicción disponible para esta zona.,
history,history.interpretation.recommendation.irrigate,Irrigate,Regar,
history,history.interpretation.recommendation.monitor,Monitor,Monitorear,
history,history.advanced.title,Advanced diagnostics,Diagnósticos avanzados,
history,history.advanced.loading,Loading advanced diagnostics...,Cargando diagnósticos avanzados...,
history,history.advanced.emptyTitle,No advanced diagnostics,No hay diagnósticos avanzados,
history,history.advanced.value.unavailable,Unavailable,No disponible,
history,history.advanced.availability.collected,Collected,Recopilado,
history,history.advanced.availability.not_collected_at_time,Not collected then,No recopilado en ese momento,
history,history.advanced.availability.unknown_now,Unknown now,Desconocido ahora,
history,history.advanced.availability.unsupported,Unsupported,No compatible,
history,history.advanced.field.device_eui,Device EUI,EUI del dispositivo,
history,history.advanced.field.primaryDeveui,Device EUI,EUI del dispositivo,
history,history.advanced.field.rssi,RSSI,RSSI,yes
history,history.advanced.field.snr,SNR,SNR,yes
history,history.advanced.field.raw_payload,Raw payload,Payload crudo,
history,history.advanced.field.rawPayload,Raw payload,Payload crudo,
history,history.advanced.field.firmware,Firmware,Firmware,yes
history,history.advanced.field.calibration,Calibration,Calibración,
history,history.advanced.field.prediction,Prediction,Predicción,
history,history.advanced.field.forecast,Forecast,Pronóstico,
history,history.advanced.field.pending_commands,Pending commands,Comandos pendientes,
history,history.advanced.field.batteryPct,Battery percent,Porcentaje de batería,
history,history.advanced.field.batteryVoltage,Battery voltage,Voltaje de batería,
history,history.advanced.field.calibrationStatus,Calibration status,Estado de calibración,
history,history.advanced.field.firmwareVersion,Firmware version,Versión de firmware,
history,history.advanced.field.gatewayEui,Gateway EUI,EUI del gateway,
history,history.advanced.field.gatewayLatitude,Gateway latitude,Latitud del gateway,
history,history.advanced.field.gatewayLocationStatus,Gateway location status,Estado de ubicación del gateway,
history,history.advanced.field.gatewayLongitude,Gateway longitude,Longitud del gateway,
history,history.advanced.field.logicalSourceKey,Logical source key,Clave de fuente lógica,
history,history.advanced.field.pendingCommands,Pending commands,Comandos pendientes,
history,history.advanced.field.rawRowCount,Raw row count,Recuento de filas crudas,
history,history.advanced.field.sourceDeviceCount,Source device count,Recuento de dispositivos fuente,
history,history.source.multipleNamed,{{count}} sources: {{names}},{{count}} fuentes: {{names}},
history,history.source.multiple,{{count}} sources,{{count}} fuentes,
history,history.soilLineChart.title,Soil line chart,Gráfico de líneas de suelo,
history,history.soilLineChart.emptyTitle,No soil trend data,No hay datos de tendencia de suelo,
history,history.soilLineChart.emptyBody,Soil tension readings will appear here when history data is available.,Las lecturas de tensión del suelo aparecerán aquí cuando haya datos de historial disponibles.,
history,history.soilLineChart.pointsCount,{{count}} readings,{{count}} lecturas,
history,history.soilLineChart.axisLabel,{{unit}} axis,Eje de {{unit}},
history,history.soilLineChart.series.soil1,Soil 1,Suelo 1,
history,history.soilLineChart.series.soil2,Soil 2,Suelo 2,
history,history.soilLineChart.series.soil3,Soil 3,Suelo 3,
history,history.soilLineChart.series.soil,Soil {{index}},Suelo {{index}},
history,history.soilLineChart.series.sensor,Sensor {{index}},Sensor {{index}},yes
history,history.soilIrrigationResponse.title,Soil irrigation response,Respuesta de riego del suelo,
history,history.soilIrrigationResponse.emptyTitle,No irrigation response events,No hay eventos de respuesta de riego,
history,history.soilIrrigationResponse.emptyBody,No irrigation response events in this range.,No hay eventos de respuesta de riego en este rango.,
history,history.soilIrrigationResponse.eventsCount,{{count}} events,{{count}} eventos,
history,history.soilIrrigationResponse.eventFallback,Irrigation response,Respuesta de riego,
history,history.soilIrrigationResponse.duration,Duration: {{value}} min,Duración: {{value}} min,
history,history.soilIrrigationResponse.interpretationsTitle,Response notes,Notas de respuesta,
history,history.dendroLineChart.title,Dendro line chart,Gráfico de líneas del dendrómetro,
history,history.dendroLineChart.emptyTitle,No dendrometer line data,No hay datos de línea del dendrómetro,
history,history.dendroLineChart.emptyBody,Dendrometer readings will appear here when history data is available.,Las lecturas del dendrómetro aparecerán aquí cuando haya datos de historial disponibles.,
history,history.dendroLineChart.pointsCount,{{count}} readings,{{count}} lecturas,
history,history.dendroLineChart.series.stemChange,Stem change,Cambio del tronco,
history,history.dendroLineChart.series.growth,Growth,Crecimiento,
history,history.dendroLineChart.series.shrinkage,Shrinkage,Contracción,
history,history.dendroLineChart.series.position,Position,Posición,
history,history.dendroLineChart.series.dendrometer,Dendrometer,Dendrómetro,
history,history.dendroStressEvents.title,Dendro stress events,Eventos de estrés del dendrómetro,
history,history.dendroStressEvents.emptyTitle,No stress events,No hay eventos de estrés,
history,history.dendroStressEvents.emptyBody,No stress events in this range.,No hay eventos de estrés en este rango.,
history,history.dendroStressEvents.eventsCount,{{count}} events,{{count}} eventos,
history,history.dendroStressEvents.interpretationsTitle,Stress notes,Notas de estrés,
history,history.dendroStressEvents.event.stress,Stress event,Evento de estrés,
history,history.dendroStressEvents.event.shrinkage,Shrinkage stress,Estrés por contracción,
history,history.dendroStressEvents.event.incompleteRecovery,Incomplete recovery,Recuperación incompleta,
history,history.sourceFilter.label,Source,Fuente,
history,history.sourceFilter.all,All,Todo,
history,history.settings.open,Open card settings,Abrir configuración de la tarjeta,
history,history.settings.menuLabel,Card settings,Configuración de la tarjeta,
history,history.settings.advancedView,Advanced View,Vista avanzada,
history,history.settings.cardSettings,Card settings,Configuración de la tarjeta,
history,history.settings.resetRange,Reset range,Restablecer rango,
history,history.settings.cardSettingsUnavailable,Card settings are not available yet.,La configuración de la tarjeta aún no está disponible.,
history,history.settings.refresh,Refresh,Actualizar,
history,history.inspector.title,Inspector,Inspector,yes
history,history.inspector.context,Selected point,Punto seleccionado,
history,history.inspector.close,Close,Cerrar,
history,history.inspector.timestamp,Timestamp,Marca de tiempo,
history,history.inspector.date,Date,Fecha,
history,history.inspector.source,Source,Fuente,
history,history.inspector.coverage,Coverage,Cobertura,
history,history.inspector.syncState,Sync state,Estado de sincronización,
history,history.inspector.dataAsOf,Data as of,Datos a fecha de,
history,history.inspector.events,Events,Eventos,
history,history.inspector.noInterpretation,No local interpretation for this selection.,No hay interpretación local para esta selección.,
history,history.inspector.eventFallback,History event,Evento de historial,
history,history.sources.button,Sources,Fuentes,
history,history.sources.menuLabel,Card sources,Fuentes de la tarjeta,
journal,title,Field journal,Diario de campo,
journal,welcome,Activity record for {{username}},Registro de actividades de {{username}},
journal,comingSoon.badge,In development,En desarrollo,
journal,comingSoon.heading,The field journal is being built,El diario de campo está en construcción,
journal,comingSoon.body,"Log what happened in the field — irrigation, spraying, seeding, harvest, observations — so your sensor curves and analytics can be read in context. Entries anchor to a plot, capture the sensor snapshot at the moment of the activity, and appear as markers on your history charts.","Registra lo que ocurre en el campo — riego, pulverización, siembra, cosecha, observaciones — para que las curvas de tus sensores y los análisis puedan leerse en contexto. Las entradas se anclan a una parcela, capturan la instantánea de los sensores en el momento de la actividad y aparecen como marcadores en tus gráficos de historial.",
journal,comingSoon.captureTitle,Fast capture,Captura rápida,
journal,comingSoon.captureBody,"Six recent activities on a tap grid, product-first entry, and a plain-language confirmation line before every save.","Seis actividades recientes en una cuadrícula de un toque, entrada con el producto primero y una línea de confirmación en lenguaje sencillo antes de cada guardado.",
journal,comingSoon.recordTitle,A real farm record,Un registro real de tu finca,
journal,comingSoon.recordBody,"Structured, machine-readable entries per plot with frozen provenance — a detailed record designed for compliance profiles later.","Entradas estructuradas y legibles por máquina para cada parcela, con procedencia congelada — un registro detallado pensado para futuros perfiles de cumplimiento.",
journal,comingSoon.syncTitle,Honest sync,Sincronización honesta,
journal,comingSoon.syncBody,Every entry tells you whether it is saved on the farm gateway or waiting for it. Nothing is silently lost.,Cada entrada te indica si está guardada en el gateway de la finca o si está a la espera de guardarse. Nada se pierde en silencio.,
journal,row.farmLevel,Farm-level,Nivel de finca,
journal,row.unknownPlot,Unknown plot,Parcela desconocida,
journal,row.status.final,Final,Definitivo,
journal,row.status.draft,Draft,Borrador,
journal,row.status.voided,Voided,Anulado,
journal,activity.irrigation,Irrigation,Riego,
journal,activity.fertigation,Fertigation,Fertirrigación,
journal,activity.fertilization,Fertilization,Fertilización,
journal,activity.seeding,Seeding,Siembra,
journal,activity.harvest,Harvest,Cosecha,
journal,activity.general_observation,Observation,Observación,
journal,timeline.empty,No activities logged yet.,Aún no se ha registrado ninguna actividad.,
journal,timeline.loading,Loading activities…,Cargando actividades...,
journal,timeline.batch,Batch activity,Actividad por lote,
journal,timeline.batchExpand,Expand batch,Mostrar las entradas del lote,
journal,timeline.batchCollapse,Collapse batch,Ocultar las entradas del lote,
journal,timeline.batchLoading,Loading batch entries…,Cargando entradas del lote...,
journal,timeline.batchError,Unable to load batch entries.,No se han podido cargar las entradas del lote.,
journal,timeline.batchRetry,Retry,Reintentar,
journal,where.station,Station,Estación,
journal,where.unstationed,Unstationed plots,Parcelas sin estación,
journal,where.namedPlots,Named plots,Parcelas con nombre,
journal,where.noStation,No station,Sin estación,
journal,where.selectAll,Select all,Seleccionar todas,
journal,where.invert,Invert selection,Invertir selección,
journal,where.range,Station range,Rango de estación,
journal,where.applyRange,Apply range,Aplicar rango,
journal,where.rangeSummary,{{label}} · {{plotCount}} · {{selectedCount}},{{label}} · {{plotCount}} · {{selectedCount}},yes
journal,where.rangePlotCount,plots,parcelas,
journal,where.rangePlotCount_one,{{count}} plot,{{count}} parcela,
journal,where.rangePlotCount_other,{{count}} plots,{{count}} parcelas,
journal,where.rangeSelectedCount,selected,seleccionadas,
journal,where.rangeSelectedCount_one,{{count}} selected,{{count}} seleccionada,
journal,where.rangeSelectedCount_other,{{count}} selected,{{count}} seleccionadas,
journal,where.rangeEmpty,The station range is empty.,El rango de estación está vacío.,
journal,where.rangeMalformed,The station range is invalid.,El rango de estación no es válido.,
journal,where.rangeOutOfStation,The range contains a plot outside this station.,El rango contiene una parcela fuera de esta estación.,
journal,where.rangeDuplicate,The station range repeats a value.,El rango de estación repite un valor.,
journal,where.rangeReversed,The station range is reversed.,El rango de estación está invertido.,
journal,where.rangeNonInteger,The station range must use whole numbers.,El rango de estación debe usar números enteros.,
journal,where.rangeNonPositive,The station range must use positive numbers.,El rango de estación debe usar números positivos.,
journal,where.mixedLayout,Selected plots use different layouts.,Las parcelas seleccionadas usan layouts diferentes.,
journal,where.maxPlots,Selected plots,Parcelas seleccionadas,
journal,where.maxPlotsError,Select no more than {{count}} plots.,Selecciona como máximo {{count}} parcelas.,
journal,where.noPlot,No plot,Sin parcela,
journal,where.selectionCount,plots selected,parcelas seleccionadas,
journal,where.selectionCount_one,{{count}} plot selected,{{count}} parcela seleccionada,
journal,where.selectionCount_other,{{count}} plots selected,{{count}} parcelas seleccionadas,
journal,where.staleSelection,This selection changed. Refresh and try again.,Esta selección ha cambiado. Vuelve a cargarla y vuelve a intentarlo.,
journal,where.createGroup,Create group,Crear grupo,
journal,where.editGroup,Edit group,Editar grupo,
journal,where.groupLabel,Group label,Nombre del grupo,
journal,where.saveGroup,Save group,Guardar grupo,
journal,where.cancel,Cancel,Cancelar,
journal,where.loading,Loading…,Cargando...,
journal,where.retry,Retry,Reintentar,
journal,group.members,Plot groups,Grupos de parcelas,
journal,group.members_one,{{count}} plot,{{count}} parcela,
journal,group.members_other,{{count}} plots,{{count}} parcelas,
journal,group.unavailableMembers,Some group members are unavailable.,Algunos miembros del grupo no están disponibles.,
journal,group.resolved,Resolved,Disuelto,
journal,group.resolve,Resolve group,Disolver grupo,
journal,group.resolveError,Could not resolve this group.,No se ha podido disolver este grupo.,
journal,group.changedError,This group changed. Refresh and try again.,Este grupo ha cambiado. Actualiza la página y vuelve a intentarlo.,
journal,group.resolutionRegion,Harvest group resolution,Disolución del grupo tras la cosecha,
journal,group.resolveHeading,Resolve harvest group,Disolver el grupo de cosecha,
journal,group.resolveAction,Resolve group,Disolver el grupo,
journal,group.resolving,Resolving…,Disolviendo…,
journal,group.heterogeneous,The group contains incompatible layouts.,El grupo contiene layouts incompatibles.,
journal,group.create,Create group,Crear grupo,
journal,group.edit,Edit group,Editar grupo,
journal,group.loading,Loading groups…,Cargando grupos...,
journal,group.error,Could not save the plot group.,No se ha podido guardar el grupo de parcelas.,
journal,group.retry,Retry,Reintentar,
journal,plot.create,Create plot,Crear parcela,
journal,plot.update,Update plot,Actualizar parcela,
journal,plot.new,New plot,Nueva parcela,
journal,plot.edit,Edit selected plot,Editar parcela seleccionada,
journal,plot.code,Plot code,Código de parcela,
journal,plot.name,Name,Nombre,
journal,plot.zone,Zone,Zona,
journal,plot.station,Station,Estación,
journal,plot.cropHint,Crop hint,Indicación del cultivo,
journal,plot.area,Area (m²),Superficie (m²),
journal,plot.active,Active,Activa,
journal,plot.layout,Layout,Layout,yes
journal,plot.save,Save,Guardar,
journal,plot.cancel,Cancel,Cancelar,
journal,plot.layoutRequired,Select an active layout,Selecciona un layout activo,
journal,plot.stale,This plot changed elsewhere. Reload before saving.,Esta parcela ha cambiado en otro lugar. Vuelve a cargarla antes de guardar.,
journal,plot.codeConflict,Plot code is already in use.,El código de parcela ya está en uso.,
journal,plot.heterogeneousGroup,The plot belongs to a heterogeneous group.,La parcela pertenece a un grupo heterogéneo.,
journal,plot.unresolvedGroup,Resolve the plot group before deactivating this plot.,Disuelve el grupo de parcelas antes de desactivar esta parcela.,
journal,plot.loading,Saving…,Guardando...,
journal,plot.error,Could not save the plot.,No se ha podido guardar la parcela.,
journal,plot.retry,Retry,Reintentar,
journal,batch.saving,Saving…,Guardando...,
journal,batch.saved,Saved,Guardado,
journal,batch.confirm,Review batch before saving,Revisa el lote antes de guardarlo,
journal,batch.confirmCount,plots,parcelas,
journal,batch.confirmCount_one,{{count}} plot,{{count}} parcela,
journal,batch.confirmCount_other,{{count}} plots,{{count}} parcelas,
journal,batch.duplicateTitle,Duplicate entries found,Se han encontrado entradas duplicadas,
journal,batch.duplicateBody,Review every duplicate candidate before saving this batch.,Revisa cada posible duplicado antes de guardar este lote.,
journal,batch.duplicateAcknowledge,Acknowledge all and retry,Confirmar todos y reintentar,
journal,batch.count,plots,parcelas,
journal,batch.count_one,{{count}} plot,{{count}} parcela,
journal,batch.count_other,{{count}} plots,{{count}} parcelas,
journal,batch.retry,Retry,Reintentar,
journal,unavailable.title,Journal not available,Diario no disponible,
journal,unavailable.body,This gateway does not yet have the field journal. Update the gateway firmware to enable it.,Este gateway todavía no tiene el diario de campo. Actualiza el firmware del gateway para activarlo.,
journal,error.title,Could not load the journal,No se pudo cargar el diario,
journal,error.body,The gateway did not answer successfully. Try again.,El gateway no respondió correctamente. Vuelve a intentarlo.,
journal,error.retry,Try again,Reintentar,
journal,filters.plot,Plot,Parcela,
journal,filters.allPlots,All plots,Todas las parcelas,
journal,filters.activity,Activity,Actividad,
journal,filters.allActivities,All activities,Todas las actividades,
journal,logActivity,Log activity,Registrar actividad,
journal,capture.title,Log activity,Registrar actividad,
journal,capture.close,Close,Cerrar,
journal,capture.back,Back,Atrás,
journal,capture.next,Next,Siguiente,
journal,capture.finish,Finish,Finalizar,
journal,capture.where.title,Where did this happen?,¿Dónde ocurrió esto?,
journal,capture.where.plot,Plot,Parcela,
journal,capture.where.selectPlot,Select a plot,Selecciona una parcela,
journal,capture.where.farmLevel,Whole farm,Toda la finca,
journal,capture.where.noPlot,No plot,Sin parcela,
journal,capture.where.linkedZone,Linked to a sensor zone,Vinculado a una zona de sensores,
journal,capture.where.sensorless,No linked sensor zone,Sin zona de sensores vinculada,
journal,capture.where.layout,Layout,Layout,yes
journal,capture.where.timezone,Timezone,Zona horaria,
journal,capture.picker.title,What happened?,¿Qué ocurrió?,
journal,capture.picker.recentOnPlot,Recent on this plot,Reciente en esta parcela,
journal,capture.picker.commonThisSeason,Common this season,Frecuente esta temporada,
journal,capture.picker.farmRecent,Recent on this farm,Reciente en esta finca,
journal,capture.picker.allOptions,All options,Todas las opciones,
journal,capture.picker.more,More activities,Más actividades,
journal,capture.picker.search,Search activities,Buscar actividades,
journal,capture.picker.searchPlaceholder,Search by name or code,Buscar por nombre o código,
journal,capture.picker.browseAll,Browse all,Ver todas,
journal,capture.picker.noResults,No matching activities,No hay actividades coincidentes,
journal,capture.picker.unsupported,This activity is not available for the selected layout,Esta actividad no está disponible para el layout seleccionado,
journal,capture.form.title,Activity details,Detalles de la actividad,
journal,capture.form.detailLevel,Detail level,Nivel de detalle,
journal,capture.form.quick,Quick,Rápido,
journal,capture.form.full,Full,Completo,
journal,capture.form.research,Research,Investigación,
journal,capture.form.layout,Layout,Layout,yes
journal,capture.form.required,Required,Obligatorio,
journal,capture.form.optional,Optional,Opcional,
journal,capture.form.select,Select an option,Selecciona una opción,
journal,capture.form.value,Value,Valor,
journal,capture.form.unit,Unit,Unidad,
journal,capture.form.decrease,Decrease,Disminuir,
journal,capture.form.increase,Increase,Aumentar,
journal,capture.form.add,Add another,Añadir otro,
journal,capture.form.remove,Remove,Quitar,
journal,capture.form.product,Product,Producto,
journal,capture.form.derivedNutrients,Calculated from product composition,Calculado a partir de la composición del producto,
journal,capture.form.noProducts,No active products are available,No hay productos activos disponibles,
journal,capture.form.note,Note,Nota,
journal,capture.form.booleanYes,Yes,Sí,
journal,capture.form.booleanNo,No,No,yes
journal,capture.validation.required,Complete this field,Completa este campo,
journal,capture.validation.invalidNumber,Enter a valid number,Introduce un número válido,
journal,capture.validation.minimum,Enter a value of at least {{min}},Introduce un valor de al menos {{min}},
journal,capture.validation.maximum,Enter a value no greater than {{max}},Introduce un valor no mayor que {{max}},
journal,capture.validation.incompatibleUnit,This unit cannot be used for this value,Esta unidad no se puede usar para este valor,
journal,capture.validation.crossBasis,This unit uses a different measurement basis,Esta unidad corresponde a una magnitud de medida diferente,
journal,capture.validation.invalidDependency,The selected options do not form a valid combination,Las opciones seleccionadas no forman una combinación válida,
journal,capture.validation.invalidDefinition,This journal form is not available,Este formulario del diario no está disponible,
journal,capture.validation.layoutTemplateMismatch,This detail level is not available for the selected layout,Este nivel de detalle no está disponible para el layout seleccionado,
journal,capture.validation.cropRequired,Enter a crop because no active season covers this plot,Introduce un cultivo porque ninguna temporada activa cubre esta parcela,
journal,capture.validation.invalidLocalTime,Enter a valid local date and time,Introduce una fecha y hora local válidas,
journal,capture.validation.invalidTimezone,Select a supported timezone,Selecciona una zona horaria compatible,
journal,capture.validation.nonexistentLocalTime,This local time does not exist because the clock moves forward,Esta hora local no existe porque el reloj se adelanta,
journal,capture.validation.ambiguousLocalTime,This local time occurs twice because the clock moves back,Esta hora local ocurre dos veces porque el reloj se atrasa,
journal,capture.validation.chooseUtcOffset,Choose which UTC offset applies,Elige qué desfase UTC corresponde,
journal,capture.validation.invalidUtcOffset,The selected UTC offset does not match this local time,El desfase UTC seleccionado no coincide con esta hora local,
journal,capture.carry.prefilled,Copied from the latest compatible entry,Copiado de la entrada compatible más reciente,
journal,capture.carry.repeatTreatment,Repeat last treatment,Repetir último tratamiento,
journal,capture.carry.repeatTreatmentDescription,Review the previous treatment before copying its protected fields,Revisa el tratamiento anterior antes de copiar sus campos protegidos,
journal,capture.carry.sourceDate,Previous date,Fecha anterior,
journal,capture.carry.crop,Crop,Cultivo,
journal,capture.carry.product,Product,Producto,
journal,capture.carry.rate,Rate,Dosis,
journal,capture.carry.useValues,Use these values,Usar estos valores,
journal,capture.carry.dismiss,Do not copy,No copiar,
journal,capture.carry.invalidated,"The previous treatment no longer matches this plot, crop, time, season, or layout","El tratamiento anterior ya no coincide con esta parcela, cultivo, hora, temporada o layout",
journal,capture.confirm.title,Review before saving,Revisa antes de guardar,
journal,capture.confirm.activity,Activity,Actividad,
journal,capture.confirm.plot,Plot,Parcela,
journal,capture.confirm.farmLevel,Whole farm,Toda la finca,
journal,capture.confirm.layout,Layout,Layout,yes
journal,capture.confirm.occurrence,When,Cuándo,
journal,capture.confirm.values,Details,Detalles,
journal,capture.confirm.edit,Edit,Editar,
journal,capture.confirm.ready,Ready to save,Listo para guardar,
journal,capture.confirm.duplicateTitle,A similar activity already exists,Ya existe una actividad similar,
journal,capture.confirm.duplicateBody,Review the existing entry before saving another record,Revisa la entrada existente antes de guardar otro registro,
journal,capture.confirm.openExisting,Open existing,Abrir existente,
journal,capture.confirm.saveSeparately,Save separately,Guardar por separado,
journal,capture.save.saving,Saving…,Guardando...,
journal,capture.save.draftSavedGateway,Draft saved on farm gateway,Borrador guardado en el gateway de la finca,
journal,capture.save.finalSavedGateway,Saved on farm gateway,Guardado en el gateway de la finca,
journal,capture.save.cloudWaiting,Saved on OSI Server — waiting for farm gateway,Guardado en OSI Server — a la espera del gateway de la finca,
journal,capture.save.notSaved,Not saved,No guardado,
journal,capture.save.retry,Try again,Reintentar,
journal,capture.save.lossWarning,Changes are held only in this open screen until the gateway saves them,Los cambios solo se conservan en esta pantalla abierta hasta que el gateway los guarde,
journal,capture.save.leaveWarning,Leaving now will discard changes that the gateway has not saved,"Si sales ahora, se descartarán los cambios que el gateway no haya guardado",
settings,entryPoint,Settings,Ajustes,
settings,title,Settings,Ajustes,
settings,backToDashboard,Back to dashboard,Volver al panel,
settings,languageTitle,Language,Idioma,
settings,appearanceTitle,Appearance,Apariencia,
settings,theme,Theme,Tema,
settings,light,Light,Claro,
settings,dark,Dark,Oscuro,
settings,system,System,Sistema,
settings,unitsTitle,Units & Display,Unidades y visualización,
settings,swtUnit,Soil water tension unit,Unidad de tensión hídrica del suelo,
settings,kpa,kPa,kPa,yes
settings,pf,pF,pF,yes
settings,swtSample,SWT sample,Ejemplo SWT,
settings,modulesTitle,Modules,Módulos,
settings,predictionAdvisory,Prediction advisory,Aviso predictivo,
settings,predictionAdvisoryWarning,"Experimental, do not use for production!","Experimental, no usar en producción.",
settings,waterCard,Water balance,Balance hídrico,
settings,irrigationSchedule,Irrigation schedule,Programa de riego,
settings,environmentCard,Environment & weather forecast,Entorno y previsión meteorológica,
settings,schedulerDisableConfirm,Disable all active irrigation schedules before hiding this module?,¿Desactivar todos los programas de riego activos antes de ocultar este módulo?,
settings,schedulerDisableSuccess_one,Disabled {{count}} active schedule.,{{count}} programa activo desactivado.,
settings,schedulerDisableSuccess_other,Disabled {{count}} active schedules.,{{count}} programas activos desactivados.,
settings,schedulerDisableError,Could not disable irrigation schedules,No se pudieron desactivar los programas de riego,
settings,dataTitle,Data & Refresh,Datos y actualización,
settings,autoRefresh,Auto-refresh dashboard,Actualizar automáticamente el panel,
settings,on,On,Activado,
settings,off,Off,Desactivado,
settings,userRequestTitle,User request,Solicitud de usuario,
settings,requestType,Request type,Tipo de solicitud,
settings,bugFix,Bug fix,Corrección,
settings,featureRequest,Feature request,Solicitud de función,
settings,requestTitle,Title,Título,
settings,contactEmail,Email address (optional),Correo electrónico (opcional),
settings,requestArea,Area,Área,
settings,requestImpact,Impact,Impacto,
settings,requestDescription,Description,Descripción,
settings,requestShareConsent,May be shared publicly without private farm details.,Puede compartirse públicamente sin detalles privados de la finca.,
settings,requestIncludeDiagnostics,Include diagnostics,Incluir diagnósticos,
settings,requestSubmit,Save request,Guardar solicitud,
settings,requestSubmitting,Saving...,Guardando...,
settings,requestSaved,"Saved, waiting for internet","Guardado, esperando internet",
settings,requestError,Could not save request,No se pudo guardar la solicitud,
settings,area_dashboard,Dashboard,Panel,
settings,area_history,History,Historial,
settings,area_analysis,Analysis,Análisis,
settings,area_watering,Watering,Riego,
settings,area_devices,Devices,Dispositivos,
settings,area_sync,Sync,Sincronización,
settings,area_system,System,Sistema,
settings,area_other,Other,Otro,
settings,impact_cant_work,Cannot work,No se puede trabajar,
settings,impact_workaround,Workaround available,Hay solución temporal,
settings,impact_annoying,Annoying,Molesto,
settings,impact_idea,Idea,Idea,yes
support,navLabel,Support & Requests,Soporte y solicitudes,
support,title,Support & Requests,Soporte y solicitudes,
support,backToDashboard,Back to dashboard,Volver al panel,
support,empty,No requests yet.,Aún no hay solicitudes.,
support,form.stepRequest,1. Request text,1. Texto de la solicitud,
support,form.stepArea,2. Area and severity,2. Área y gravedad,
support,form.stepDiagnostics,3. Diagnostics and consent,3. Diagnóstico y consentimiento,
support,form.summary,Short title,Título breve,
support,form.description,What should be improved?,¿Qué debería mejorarse?,
support,form.contactEmail,Contact email (optional),Correo de contacto (opcional),
support,form.expected,Expected,Esperado,
support,form.actual,Actual,Actual,yes
support,form.steps,Steps,Pasos,
support,form.requestType,Request type,Tipo de solicitud,
support,form.area,Area,Área,
support,form.severity,Severity,Gravedad,
support,form.diagnostics,Diagnostics preview,Vista previa del diagnóstico,
support,form.includeDiagnostics,Include safe diagnostics with this request.,Incluir diagnóstico seguro con esta solicitud.,
support,form.consentPublic,I agree this request may be shared publicly without private farm details.,Acepto que esta solicitud pueda compartirse públicamente sin detalles privados de la finca.,
support,form.submit,Save request,Guardar solicitud,
support,form.submitting,Saving...,Guardando...,
support,types.bug,Bug,Error,
support,types.improvement,Improvement,Mejora,
support,types.feedback,Feedback,Comentarios,
support,areas.dashboard,Dashboard,Panel,
support,areas.history,History,Historial,
support,areas.analysis,Analysis,Análisis,
support,areas.copy,Text and labels,Textos y etiquetas,
support,areas.watering,Watering,Riego,
support,areas.sync,Sync,Sincronización,
support,areas.devices,Devices,Dispositivos,
support,areas.system,System,Sistema,
support,areas.other,Other,Otro,
support,severity.cant_work,Cannot work,No se puede trabajar,
support,severity.workaround,Workaround available,Hay solución temporal,
support,severity.annoying,Annoying,Molesto,
support,severity.idea,Idea,Idea,yes
support,diagnostics.loading,Loading diagnostics...,Cargando diagnóstico...,
support,diagnostics.unavailable,Diagnostics are unavailable right now.,El diagnóstico no está disponible ahora mismo.,
support,banners.retryable,Could not send right now. The request can be retried.,No se pudo enviar ahora. La solicitud puede reintentarse.,
support,status.QUEUED,"Saved, waiting for internet","Guardado, esperando internet",
support,status.SUBMITTED,Submitted,Enviado,
support,status.SYNCED,Synced,Sincronizado,
support,status.FAILED_RETRYABLE,Retry needed,Reintento necesario,
support,status.FAILED_PERMANENT,Could not send,No se pudo enviar,
support,status.AWAITING_PUBLISH,Waiting to publish,Esperando publicación,
support,status.PUBLISHING,Publishing,Publicando,
support,status.PUBLISH_BLOCKED_CONFIG,Publishing blocked,Publicación bloqueada,
support,status.PUBLISH_BLOCKED_SECRET,Publishing blocked,Publicación bloqueada,
support,status.TRIAGED,Being reviewed,En revisión,
support,status.BEING_REVIEWED,Being reviewed,En revisión,
support,status.NEEDS_INFO,Needs more information,Necesita más información,
support,status.ISSUE_ONLY,Saved as issue,Guardado como incidencia,
support,status.ISSUE_OPEN,Issue open,Incidencia abierta,
support,status.NOT_PLANNED,Not planned,No planificado,
support,status.RATE_LIMITED,Rate limited,Límite de frecuencia alcanzado,
support,status.RELEASED,Released,Publicado,
support,status.REJECTED,Rejected,Rechazado,
support,status.DUPLICATE,Duplicate,Duplicado,
support,status.DUPLICATE_OF,Duplicate,Duplicado,
support,status.AWAITING_APPROVAL,Awaiting approval,Esperando aprobación,
support,status.AGENT_RUNNING,In progress,En progreso,
support,status.VERIFYING,Verifying,Verificando,
support,status.PR_OPEN,In progress,En progreso,
support,status.IN_REVIEW,In review,En revisión,
support,status.MERGED,Merged,Fusionado,
support,status.CLOSED,Closed,Cerrado,
support,status.AGENT_FAILED,Needs review,Necesita revisión,
support,status.UNKNOWN,Status update received,Actualización de estado recibida,
support,myRequests.title,My Requests,Mis solicitudes,
support,myRequests.loadError,Requests could not be loaded.,No se pudieron cargar las solicitudes.,
support,myRequests.loading,Loading requests...,Cargando solicitudes...,
support,myRequests.area,Area,Área,
support,myRequests.submitted,Submitted,Enviado,
