namespace,key,english,de-CH,shared_with_english
accountLink,title,Connect to OSI Server,Mit OSI Server verbinden,
accountLink,navLink,OSI Server,OSI Server,yes
accountLink,backToDashboard,Back to Dashboard,Zurück zum Dashboard,
accountLink,status.linked,Account linked to OSI Server,Konto mit OSI Server verknüpft,
accountLink,status.notLinked,Not connected to OSI Server,Nicht mit OSI Server verbunden,
accountLink,status.linkedAs,Linked as: {{username}},Verknüpft als: {{username}},
accountLink,status.linkedSince,Since: {{date}},Seit: {{date}},
accountLink,form.serverUrl,OSI Server URL,OSI Server-URL,
accountLink,form.actionLabel,Action,Aktion,
accountLink,form.actionLogin,Link existing account,Bestehendes Konto verknüpfen,
accountLink,form.actionRegister,Create new account,Neues Konto erstellen,
accountLink,form.username,Server Username,Server-Benutzername,
accountLink,form.email,Email,E-Mail,
accountLink,form.password,Password,Passwort,
accountLink,form.submit,Connect to OSI Server,Mit OSI Server verbinden,
accountLink,form.submitting,Connecting...,Verbinden...,
accountLink,form.cancel,Cancel,Abbrechen,
accountLink,warning.title,Important,Wichtig,
accountLink,warning.message,"After linking, you must use your OSI Server credentials to log in. OSI OS stores a gateway-specific offline verifier for linked login.",Nach der Verknüpfung müssen Sie sich mit Ihren OSI Server-Anmeldedaten anmelden. OSI OS speichert einen gateway-spezifischen Offline-Verifizierer für die verknüpfte Anmeldung.,
accountLink,warning.proceed,Proceed,Fortfahren,
accountLink,success.title,Successfully Connected,Erfolgreich verbunden,
accountLink,success.message,Your account is now linked as {{username}} on OSI Server.,Ihr Konto ist jetzt als {{username}} auf dem OSI Server verknüpft.,
accountLink,success.claimedDevices,Devices claimed on server: {{count}},Auf dem Server beanspruchte Geräte: {{count}},
accountLink,success.skippedDevices,Devices skipped (already claimed): {{count}},Übersprungene Geräte (bereits beansprucht): {{count}},
accountLink,unlink.button,Disconnect from OSI Server,Verbindung zum OSI Server trennen,
accountLink,unlink.confirm,"Are you sure? After disconnecting, you must use your original local password to log in.",Sind Sie sicher? Nach dem Trennen müssen Sie Ihr lokales Originalpasswort verwenden.,
accountLink,unlink.success,Disconnected from OSI Server,Verbindung zum OSI Server getrennt,
accountLink,errors.networkError,Cannot reach OSI Server. Check the URL and your internet connection.,OSI Server nicht erreichbar. Prüfen Sie die URL und Ihre Internetverbindung.,
accountLink,errors.authFailed,Invalid OSI Server credentials.,Ungültige OSI Server-Anmeldedaten.,
accountLink,errors.generic,An error occurred. Please try again.,Ein Fehler ist aufgetreten. Bitte versuchen Sie es erneut.,
accountLink,errors.forceSyncFailed,Manual sync failed. Please try again.,Manuelle Synchronisierung fehlgeschlagen. Bitte versuchen Sie es erneut.,
accountLink,sync.title,Manual sync,Manuelle Synchronisierung,
accountLink,sync.description,Run an immediate recovery sync with OSI Server.,Führt eine sofortige Wiederherstellungs-Synchronisierung mit OSI Server durch.,
accountLink,sync.button,Force sync now,Synchronisierung jetzt erzwingen,
accountLink,sync.running,Syncing...,Synchronisieren...,
accountLink,sync.successTitle,Manual sync completed,Manuelle Synchronisierung abgeschlossen,
accountLink,sync.partialTitle,Manual sync finished with issues,Manuelle Synchronisierung mit Problemen abgeschlossen,
accountLink,sync.refreshed,Sync token refreshed before sync.,Sync-Token vor der Synchronisierung aktualisiert.,
accountLink,sync.usedCurrentToken,Using current sync token.,Aktuelles Sync-Token wird verwendet.,
accountLink,sync.bootstrap,"Bootstrap applied: {{applied}}, skipped: {{skipped}}","Bootstrap angewendet: {{applied}}, übersprungen: {{skipped}}",
accountLink,sync.outbox,Outbox delivered: {{delivered}} ({{before}} -> {{after}} pending),Outbox zugestellt: {{delivered}} ({{before}} -> {{after}} ausstehend),
accountLink,sync.pending,"Pending commands fetched: {{fetched}}, queued for local apply: {{queued}}","Ausstehende Befehle abgerufen: {{fetched}}, für lokale Anwendung eingereiht: {{queued}}",
accountLink,sync.pendingAfterResponse,Local apply continues after this response returns.,Die lokale Anwendung wird nach dieser Antwort fortgesetzt.,
accountLink,sync.lastError,Last error from {{source}}: {{message}},Letzter Fehler von {{source}}: {{message}},
accountLink,reauth.title,Sync token expired,Sync-Token abgelaufen,
accountLink,reauth.description,Re-authenticate with OSI Server to mint a fresh sync token for this gateway.,"Authentifizieren Sie sich erneut bei OSI Server, um ein neues Sync-Token für dieses Gateway zu erstellen.",
accountLink,reauth.button,Re-authenticate,Erneut authentifizieren,
accountLink,reauth.username,Server Username,Server-Benutzername,
accountLink,reauth.password,OSI Server Password,OSI Server-Passwort,
accountLink,reauth.submit,Refresh connection,Verbindung aktualisieren,
accountLink,reauth.running,Refreshing...,Aktualisieren...,
auth,login.title,AgroLink,AgroLink,yes
auth,login.subtitle,Sign in to your account,In Ihr Konto einloggen,
auth,login.username,Username,Benutzername,
auth,login.usernamePlaceholder,Enter your username,Benutzernamen eingeben,
auth,login.password,Password,Passwort,
auth,login.passwordPlaceholder,Enter your password,Passwort eingeben,
auth,login.signingIn,Signing In...,Einloggen...,
auth,login.signIn,Sign In,Einloggen,
auth,login.noAccount,Register Account,Konto registrieren,
auth,login.failed,Login failed. Please check your credentials.,Anmeldung fehlgeschlagen. Bitte Zugangsdaten prüfen.,
auth,register.title,Create Account,Konto erstellen,
auth,register.subtitle,Register for AgroLink,Für AgroLink registrieren,
auth,register.username,Username,Benutzername,
auth,register.usernamePlaceholder,Choose a username,Benutzernamen wählen,
auth,register.password,Password,Passwort,
auth,register.passwordPlaceholder,Choose a password,Passwort wählen,
auth,register.confirmPassword,Confirm Password,Passwort bestätigen,
auth,register.confirmPasswordPlaceholder,Re-enter your password,Passwort wiederholen,
auth,register.creating,Creating Account...,Konto wird erstellt...,
auth,register.submit,Create Account,Konto erstellen,
auth,register.haveAccount,Already have an account? Sign in,Bereits ein Konto? Einloggen,
auth,register.failed,Registration failed. Please try again.,Registrierung fehlgeschlagen. Bitte erneut versuchen.,
auth,register.passwordMismatch,Passwords do not match,Passwörter stimmen nicht überein,
auth,register.passwordTooShort,Password must be at least 6 characters,Passwort muss mindestens 6 Zeichen lang sein,
auth,register.successTitle,Success!,Erfolgreich!,
auth,register.successMessage,Account created successfully. Redirecting to login...,Konto erfolgreich erstellt. Weiterleitung zum Login...,
common,cancel,Cancel,Abbrechen,
common,loading,Loading...,Laden...,
common,delete,Delete,Löschen,
common,na,N/A,N/A,yes
common,retry,Retry,Erneut versuchen,
common,analysis.title,Data analysis,Datenanalyse,
common,analysis.axis.rename,Rename axis label,Achsenbeschriftung umbenennen,
common,analysis.backToDashboard,← Back to Dashboard,← Zurück zum Dashboard,
common,analysis.loadError,Analysis data could not be loaded.,Analysedaten konnten nicht geladen werden.,
common,analysis.pooled.tooltip,"Correlates all zones' points as one combined dataset, in addition to each zone separately.","Korreliert die Punkte aller Zonen als einen kombinierten Datensatz, zusätzlich zu jeder Zone einzeln.",
common,analysis.empty,Select one or more series to start comparing zones.,"Wählen Sie eine oder mehrere Reihen aus, um Zonen zu vergleichen.",
common,analysis.catalog.loading,Loading available series...,Verfügbare Reihen werden geladen...,
common,analysis.series.loading,Loading series...,Reihen werden geladen...,
common,analysis.aggregation.label,Aggregation,Aggregation,yes
common,analysis.aggregation.raw,Raw,Rohdaten,
common,analysis.aggregation.fifteenMinute,15 minutes,15 Minuten,
common,analysis.aggregation.hourly,Hourly,Stündlich,
common,analysis.aggregation.daily,Daily,Täglich,
common,analysis.aggregation.weekly,Weekly,Wöchentlich,
common,analysis.preset.metricLabel,Metric across zones,Metrik über Zonen,
common,analysis.tray.label,Analysis series,Analysereihen,
common,analysis.tray.title,Series,Reihen,
common,analysis.tray.search,Search for zones or devices,Nach Zonen oder Geräten suchen,
common,analysis.tray.unknownSite,Unknown site,Unbekannter Standort,
common,analysis.tray.reason.unsupported,Unsupported,Nicht unterstützt,
common,analysis.tray.reason.available_no_recent_data,No recent data available,Keine aktuellen Daten verfügbar,
common,analysis.range.label,Analysis range,Analysezeitraum,
common,analysis.range.custom,Custom,Benutzerdefiniert,
common,analysis.range.from,From,Von,
common,analysis.range.to,To,Bis,
common,analysis.range.apply,Apply,Anwenden,
common,analysis.range.invalid,Start must be before end.,Der Start muss vor dem Ende liegen.,
common,analysis.mode.label,Analysis mode,Analysemodus,
common,analysis.mode.timeline,Timeline,Zeitverlauf,
common,analysis.mode.correlation,Correlation,Korrelation,
common,analysis.layout.label,Layout,Layout,yes
common,analysis.layout.stacked,Stacked,Gestapelt,
common,analysis.layout.overlaid,Overlaid,Überlagert,
common,analysis.layout.smallMultiples,Small multiples,Kleine Vielfache,
common,analysis.toggle.normalize,Normalize,Normalisieren,
common,analysis.export.csv,Export CSV,CSV exportieren,
common,analysis.export.png,Export PNG,PNG exportieren,
common,analysis.legend.label,Chart legend,Diagrammlegende,
common,analysis.legend.rename,Rename series,Reihe umbenennen,
common,analysis.views.title,Saved views,Gespeicherte Ansichten,
common,analysis.views.save,Save view,Ansicht speichern,
common,analysis.views.namePlaceholder,Name this view,Diese Ansicht benennen,
common,analysis.views.delete,Delete view,Ansicht löschen,
common,analysis.views.empty,No saved views yet.,Noch keine gespeicherten Ansichten.,
common,analysis.droppedNotice,{{count}} series could not be loaded,{{count}} Serien konnten nicht geladen werden,
common,analysis.correlation.comingSoon,Correlation scatter is planned for the next slice.,Das Korrelations-Streudiagramm ist für den nächsten Ausbauschritt geplant.,
common,analysis.correlation.needTwoChannels,Add series for at least two different channels to compare them.,"Fügen Sie Reihen für mindestens zwei verschiedene Kanäle hinzu, um sie zu vergleichen.",
common,analysis.correlation.x,X channel,X-Kanal,
common,analysis.correlation.y,Y channel,Y-Kanal,
common,analysis.correlation.pooled,Pooled (all zones),Zusammengefasst (alle Zonen),
common,analysis.correlation.zone,Zone,Zone,yes
common,analysis.correlation.droppedPairs,Dropped,Verworfen,
common,analysis.correlation.insufficient,insufficient (n={{n}}),unzureichend (n={{n}}),
common,analysis.correlation.exploratory,Exploratory only — Pearson r over aligned buckets; not a significance test.,Nur explorativ — Pearson-r über ausgerichtete Buckets; kein Signifikanztest.,
dashboard,title,Dashboard,Dashboard,yes
dashboard,welcome,"Welcome, {{username}}","Willkommen, {{username}}",
dashboard,add,Add,Hinzufügen,
dashboard,addMenu.zone,Add Zone,Zone hinzufügen,
dashboard,addMenu.device,Add Device,Gerät hinzufügen,
dashboard,addMenu.activity,Log activity,Aktivität erfassen,
dashboard,data,Data,Daten,
dashboard,account,Account,Konto,
dashboard,accountMenu.osiServer,OSI Server,OSI Server,yes
dashboard,logout,Logout,Abmelden,
dashboard,loading,Loading dashboard...,Dashboard wird geladen...,
dashboard,failedToLoad,Failed to load data,Daten konnten nicht geladen werden,
dashboard,autoRefresh,Auto-refreshing every 10 seconds,Automatische Aktualisierung alle 10 Sekunden,
dashboard,emptyState.title,Welcome to your farm!,Willkommen auf Ihrem Hof!,
dashboard,emptyState.subtitle,Get started by creating a zone and adding devices,Erstellen Sie eine Zone und fügen Sie Geräte hinzu,
dashboard,emptyState.createZone,Create Zone,Zone erstellen,
dashboard,emptyState.addDevice,Add Device,Gerät hinzufügen,
dashboard,irrigationZones,Zones,Zonen,
dashboard,unassignedDevices,Unassigned Devices,Nicht zugewiesene Geräte,
dashboard,unassignedSubtitle,These devices are not assigned to any zone,Diese Geräte sind keiner Zone zugewiesen,
dashboard,soilSensors,Soil Sensors,Bodensensoren,
dashboard,smartValves,Smart Valves,Intelligente Ventile,
dashboard,journal,Journal,Journal,yes
dashboard,tabs.zones,Zones,Zonen,
dashboard,tabs.data,Data,Daten,
dashboard,tabs.journal,Journal,Journal,yes
devices,addModal.title,Add Device,Gerät hinzufügen,
devices,addModal.deviceType,Device Type,Gerätetyp,
devices,addModal.deviceName,Device Name,Gerätename,
devices,addModal.deviceNamePlaceholder,"e.g., North Field, Main Valve","z.B. Nordfeld, Hauptventil",
devices,addModal.deveui,DevEUI,DevEUI,yes
devices,addModal.deveuiPlaceholder,16 hex characters,16 Hexadezimalzeichen,
devices,addModal.deveuiHint,"Enter exactly 16 hexadecimal characters (0-9, A-F)","Genau 16 Hexadezimalzeichen eingeben (0-9, A-F)",
devices,addModal.deveuiInvalid,DevEUI must be exactly 16 hexadecimal characters,DevEUI muss genau 16 Hexadezimalzeichen enthalten,
devices,addModal.adding,Adding...,Wird hinzugefügt...,
devices,addModal.submit,Add Device,Gerät hinzufügen,
devices,addModal.failed,Failed to add device,Gerät konnte nicht hinzugefügt werden,
devices,assignModal.title,Assign Device to {{zoneName}},Gerät {{zoneName}} zuweisen,
devices,assignModal.selectDevice,Select Device,Gerät auswählen,
devices,assignModal.selectPlaceholder,-- Select a device --,-- Gerät auswählen --,
devices,assignModal.noDevicesTitle,No unassigned devices,Keine nicht zugewiesenen Geräte,
devices,assignModal.noDevicesSubtitle,All your devices are already assigned to zones. Add more devices or remove them from other zones first.,Alle Geräte sind bereits Zonen zugewiesen. Fügen Sie weitere Geräte hinzu oder entfernen Sie sie aus anderen Zonen.,
devices,assignModal.assigning,Assigning...,Wird zugewiesen...,
devices,assignModal.submit,Assign Device,Gerät zuweisen,
devices,assignModal.pleaseSelect,Please select a device,Bitte ein Gerät auswählen,
devices,assignModal.failed,Failed to assign device,Gerät konnte nicht zugewiesen werden,
devices,createZoneModal.title,Create Zone,Zone erstellen,
devices,createZoneModal.zoneName,Zone Name,Zonenname,
devices,createZoneModal.zoneNamePlaceholder,"e.g., Garden A, North Field, Orchard 1","z.B. Garten A, Nordfeld, Obstgarten 1",
devices,createZoneModal.zoneNameRequired,Zone name is required,Zonenname ist erforderlich,
devices,createZoneModal.creating,Creating...,Wird erstellt...,
devices,createZoneModal.submit,Create Zone,Zone erstellen,
devices,createZoneModal.failed,Failed to create zone,Zone konnte nicht erstellt werden,
devices,kiwiSensor.badge,KIWI SENSOR,KIWI SENSOR,yes
devices,kiwiSensor.tooDry,TOO DRY!,ZU TROCKEN!,
devices,kiwiSensor.soilNeedsWater,Soil needs watering,Boden benötigt Bewässerung,
devices,kiwiSensor.removeConfirm,Remove this device?,Dieses Gerät entfernen?,
devices,kiwiSensor.removeSubtitle,This will unlink the device from your account.,Das Gerät wird von Ihrem Konto getrennt.,
devices,kiwiSensor.yesRemove,"Yes, Remove","Ja, entfernen",
devices,kiwiSensor.removing,Removing...,Wird entfernt...,
devices,kiwiSensor.failedToRemove,Failed to remove device,Gerät konnte nicht entfernt werden,
devices,kiwiSensor.soilWaterTension1,SOIL WATER TENSION 1,BODENWASSERSPANNUNG 1,
devices,kiwiSensor.soilWaterTension2,SOIL WATER TENSION 2,BODENWASSERSPANNUNG 2,
devices,kiwiSensor.lightIntensity,LIGHT INTENSITY,LICHTINTENSITÄT,
devices,kiwiSensor.ambientTemperature,AMBIENT TEMPERATURE,UMGEBUNGSTEMPERATUR,
devices,kiwiSensor.relativeHumidity,RELATIVE HUMIDITY,RELATIVE LUFTFEUCHTIGKEIT,
devices,kiwiSensor.lastSeen,Last seen: {{minutes}} minutes ago,Zuletzt gesehen: vor {{minutes}} Minuten,
devices,kiwiSensor.neverSeen,Never seen,Nie gesehen,
devices,kiwiSensor.settings,SETTINGS,EINSTELLUNGEN,
devices,kiwiSensor.intervalLabel,Desired interval (minutes),Gewünschtes Intervall (Minuten),
devices,kiwiSensor.intervalPlaceholder,e.g. 15,z.B. 15,
devices,kiwiSensor.intervalNote,Kiwi interval changes use LoRaWAN FPort 100. Enter whole minutes between 1 and 1440.,Kiwi-Intervalländerungen verwenden LoRaWAN FPort 100. Geben Sie eine ganze Zahl von Minuten zwischen 1 und 1440 ein.,
devices,kiwiSensor.invalidInterval,Enter a whole number of minutes between 1 and 1440.,Geben Sie eine ganze Zahl von Minuten zwischen 1 und 1440 ein.,
devices,kiwiSensor.applyInterval,Apply interval,Intervall anwenden,
devices,kiwiSensor.applyingInterval,Applying interval...,Intervall wird angewendet...,
devices,kiwiSensor.intervalPending,Uplink interval change requested for {{minutes}} minute(s).,Uplink-Intervalländerung für {{minutes}} Minute(n) angefordert.,
devices,kiwiSensor.failedToSetInterval,Failed to change Kiwi uplink interval,Kiwi-Uplink-Intervall konnte nicht geändert werden,
devices,kiwiSensor.enableTempHumidityTitle,AMBIENT TEMPERATURE + HUMIDITY,UMGEBUNGSTEMPERATUR + LUFTFEUCHTIGKEIT,
devices,kiwiSensor.enableTempHumidityNote,Enable ambient temperature and humidity reporting using the interval entered above.,Aktiviert die Meldung von Umgebungstemperatur und Luftfeuchtigkeit mit dem oben eingegebenen Intervall.,
devices,kiwiSensor.enableTempHumidity,Enable temperature + humidity,Temperatur + Luftfeuchtigkeit aktivieren,
devices,kiwiSensor.enablingTempHumidity,Enabling temperature + humidity...,Temperatur + Luftfeuchtigkeit wird aktiviert...,
devices,kiwiSensor.enableTempHumidityPending,Ambient temperature and humidity reporting requested. The command uses a {{minutes}} minute interval.,Meldung von Umgebungstemperatur und Luftfeuchtigkeit angefordert. Der Befehl verwendet ein Intervall von {{minutes}} Minuten.,
devices,kiwiSensor.failedToEnableTempHumidity,Failed to enable Kiwi temperature and humidity,Temperatur- und Luftfeuchtigkeitsmeldung für Kiwi konnte nicht aktiviert werden,
devices,kiwiSensor.enableTempHumidityRequiresInterval,Enter a whole number of minutes between 1 and 1440 before enabling ambient temperature and humidity.,"Geben Sie eine ganze Zahl von Minuten zwischen 1 und 1440 ein, bevor Sie Umgebungstemperatur und Luftfeuchtigkeit aktivieren.",
devices,stregaValve.badge,STREGA VALVE,STREGA VENTIL,
devices,stregaValve.status,STATUS,STATUS,yes
devices,stregaValve.open,OPEN,OFFEN,
devices,stregaValve.closed,CLOSED,GESCHLOSSEN,
devices,stregaValve.target,Target: {{state}},Ziel: {{state}},
devices,stregaValve.opening,Opening...,Wird geöffnet...,
devices,stregaValve.closing,Closing...,Wird geschlossen...,
devices,stregaValve.removeConfirm,Remove this device?,Dieses Gerät entfernen?,
devices,stregaValve.removeSubtitle,This will unlink the device from your account.,Das Gerät wird von Ihrem Konto getrennt.,
devices,stregaValve.yesRemove,"Yes, Remove","Ja, entfernen",
devices,stregaValve.removing,Removing...,Wird entfernt...,
devices,stregaValve.failedToRemove,Failed to remove device,Gerät konnte nicht entfernt werden,
devices,stregaValve.lastSeen,Last seen: {{minutes}} minutes ago,Zuletzt gesehen: vor {{minutes}} Minuten,
devices,stregaValve.neverSeen,Never seen,Nie gesehen,
devices,stregaValve.settings,SETTINGS,EINSTELLUNGEN,
devices,stregaValve.intervalLabel,Closed-box interval (minutes),Meldeintervall bei geschlossenem Gehäuse (Minuten),
devices,stregaValve.intervalPlaceholder,e.g. 10,z.B. 10,
devices,stregaValve.intervalNote,OSI sets the normal closed-box interval on FPort 11. The opened interval stays fixed at 2 minutes and tamper remains enabled.,"OSI legt das normale Meldeintervall bei geschlossenem Gehäuse auf FPort 11 fest. Das Intervall bei geöffnetem Gehäuse bleibt fest bei 2 Minuten, und die Manipulationserkennung bleibt aktiviert.",
devices,stregaValve.invalidInterval,Enter a whole number of minutes between 1 and 255.,Geben Sie eine ganze Zahl von Minuten zwischen 1 und 255 ein.,
devices,stregaValve.applyInterval,Apply interval,Intervall anwenden,
devices,stregaValve.applyingInterval,Applying interval...,Intervall wird angewendet...,
devices,stregaValve.intervalPending,Closed-box uplink interval change requested for {{minutes}} minute(s). The opened interval stays at 2 minutes.,Uplink-Intervalländerung bei geschlossenem Gehäuse für {{minutes}} Minute(n) angefordert. Das Intervall bei geöffnetem Gehäuse bleibt bei 2 Minuten.,
devices,stregaValve.failedToSetInterval,Failed to change Strega uplink interval,Strega-Uplink-Intervall konnte nicht geändert werden,
devices,stregaValve.actuationFeedback.closed,Closed,Geschlossen,
devices,stregaValve.actuationFeedback.closedAt,Closed at {{time}},Geschlossen um {{time}},
devices,stregaValve.actuationFeedback.open,OPEN,OFFEN,
devices,stregaValve.actuationFeedback.openClosesAt,OPEN — closes at {{time}},OFFEN — schliesst um {{time}},
devices,stregaValve.actuationFeedback.openQueued,Open queued,Öffnung in Warteschlange,
devices,stregaValve.actuationFeedback.waitingForUplink,waiting for valve uplink (≈ {{minutes}} min),warte auf Ventil-Uplink (≈ {{minutes}} Min.),
devices,zone.deviceCount_one,{{count}} device,{{count}} Gerät,
devices,zone.deviceCount_other,{{count}} devices,{{count}} Geräte,
devices,zone.assignDevice,+ Device,+ Gerät,
devices,zone.deleteZone,Delete,Löschen,
devices,zone.deleteConfirm,Delete this zone?,Diese Zone löschen?,
devices,zone.deleteSubtitle,All devices will be unassigned from this zone. This action cannot be undone.,Alle Geräte werden aus dieser Zone entfernt. Diese Aktion kann nicht rückgängig gemacht werden.,
devices,zone.yesDelete,"Yes, Delete","Ja, löschen",
devices,zone.deleting,Deleting...,Wird gelöscht...,
devices,zone.failedToDelete,Failed to delete zone,Zone konnte nicht gelöscht werden,
devices,zone.failedToRemoveDevice,Failed to remove device from zone,Gerät konnte nicht aus der Zone entfernt werden,
devices,zone.noDevices,No devices in this zone yet,Noch keine Geräte in dieser Zone,
devices,zone.assignFirst,Assign First Device,Erstes Gerät zuweisen,
devices,zone.devicesInZone,Devices in this zone:,Geräte in dieser Zone:,
devices,zone.data,Data,Daten,
devices,zone.export.title,Data export,Datenexport,
devices,zone.export.selectRange,Pick a date range to download zone data.,"Waehle einen Zeitraum, um Zonendaten herunterzuladen.",
devices,zone.export.from,From,Von,
devices,zone.export.to,To,Bis,
devices,zone.export.granularity,Granularity,Aufloesung,
devices,zone.export.raw,Raw,Rohdaten,
devices,zone.export.hourly,Hourly,Stuendlich,
devices,zone.export.daily,Daily,Taeglich,
devices,zone.export.download,Download CSV,CSV herunterladen,
devices,zone.export.downloading,Preparing...,Wird vorbereitet...,
devices,zone.export.rangeSummary,{{from}} to {{to}},{{from}} bis {{to}},
devices,zone.export.error,Export failed,Export fehlgeschlagen,
devices,zone.export.tooLarge,Range too large. Choose a coarser granularity.,Zeitraum zu gross. Waehle eine groebere Aufloesung.,
devices,zone.export.fullExport,Full export,Vollstaendiger Export,
devices,schedule.irrigationSchedule,Irrigation Schedule,Bewässerungsplan,
devices,schedule.triggerMetric,Trigger Metric,Auslösemessgrösse,
devices,schedule.soilWaterTension1,Soil Water Tension 1,Bodenwasserspannung 1,
devices,schedule.soilWaterTension2,Soil Water Tension 2,Bodenwasserspannung 2,
devices,schedule.average,Average (WM1 + WM2),Durchschnitt (WM1 + WM2),
devices,schedule.thresholdKpa,Threshold (kPa),Schwellenwert (kPa),
devices,schedule.duration,Irrigation duration (min),Bewässerungsdauer (Min.),
devices,schedule.enabled,Enabled,Aktiviert,
devices,schedule.on,On,Ein,
devices,schedule.off,Off,Aus,
devices,schedule.loadingSchedule,Loading schedule...,Plan wird geladen...,
devices,schedule.loadFailed,Failed to load schedule,Plan konnte nicht geladen werden,
devices,schedule.saving,Saving...,Wird gespeichert...,
devices,schedule.saveSchedule,Save schedule,Plan speichern,
devices,schedule.saveFailed,Failed to save schedule,Plan konnte nicht gespeichert werden,
devices,schedule.reload,Reload,Neu laden,
devices,schedule.reloadFailed,Failed to reload schedule,Plan konnte nicht neu geladen werden,
devices,schedule.saved,Saved.,Gespeichert.,
devices,schedule.triggerHint,"Trigger if {{metric}} ≥ {{threshold}} kPa (once/day, 06:00).","Auslösen wenn {{metric}} ≥ {{threshold}} kPa (einmal/Tag, 06:00).",
devices,environment.sectionTitle,Environment & weather forecast,Umgebung & Wettervorhersage,
devices,environment.tabs.local,Local,Lokal,
devices,environment.tabs.online,Online,Online,yes
devices,environment.tabs.agronomic,Agronomic,Agronomisch,
devices,environment.tabs.forecast,Forecast,Vorhersage,
devices,environment.source.openagri,OpenAgri,OpenAgri,yes
devices,environment.source.open_meteo,Open-Meteo,Open-Meteo,yes
devices,environment.source.local,Local sensors,Lokale Sensoren,
devices,environment.source.unavailable,Unavailable,Nicht verfügbar,
devices,environment.cache.live,Live,Aktuell,
devices,environment.cache.stale,Stale,Veraltet,
devices,environment.cache.miss,No data,Keine Daten,
devices,environment.location.zone,Zone coordinates,Zonenkoordinaten,
devices,environment.location.gateway,Gateway GPS,Gateway-GPS,
devices,environment.location.unavailable,No location set,Kein Standort gesetzt,
devices,environment.local.freshSensors,{{count}} fresh,{{count}} aktuell,
devices,environment.local.staleSensors_one,{{count}} stale,{{count}} veraltet,
devices,environment.local.staleSensors_other,{{count}} stale,{{count}} veraltet,
devices,environment.local.perDevice,Per-device readings,Messwerte pro Gerät,
devices,environment.local.noData,No local sensor data available,Keine lokalen Sensordaten verfügbar,
devices,environment.local.observedAt,Observed {{time}},Gemessen {{time}},
devices,environment.online.unavailable,No online weather available for this zone,Keine Online-Wetterdaten für diese Zone verfügbar,
devices,environment.online.noLocation,Set zone coordinates to enable online weather,"Zonenkoordinaten setzen, um Online-Wetter zu aktivieren",
devices,environment.online.updatesAt,Updates at {{time}},Aktualisierung um {{time}},
devices,environment.agronomic.vpd,VPD,VPD,yes
devices,environment.agronomic.dewPoint,Dew point,Taupunkt,
devices,environment.agronomic.heatIndex,Heat index,Hitzeindex,
devices,environment.agronomic.thi,THI,THI,yes
devices,environment.agronomic.et0,Reference ET₀,Referenz-ET₀,
devices,environment.agronomic.kc,Crop coeff. Kc,Erntekoeff. Kc,
devices,environment.agronomic.etc,Crop ET,Ernte-ET,
devices,environment.agronomic.noData,No agronomic data available,Keine agronomischen Daten verfügbar,
devices,environment.agronomic.fromSource,from {{source}},von {{source}},
devices,environment.forecast.next24h,Next 24 h,Nächste 24 Std.,
devices,environment.forecast.next72h,Next 72 h,Nächste 72 Std.,
devices,environment.forecast.nextRain,Next rain,Nächster Regen,
devices,environment.forecast.rainHours,Rain hours,Regenstunden,
devices,environment.forecast.maxHourly,Peak hourly,Max. stündlich,
devices,environment.forecast.today,today,heute,
devices,environment.forecast.tomorrow,tomorrow,morgen,
devices,environment.forecast.noData,No forecast available,Keine Vorhersage verfügbar,
devices,environment.forecast.noLocation,Set zone coordinates to enable forecast,"Zonenkoordinaten setzen, um Vorhersage zu aktivieren",
devices,environment.forecast.hourlyTitle,Hourly rain (next 24 h),Stündlicher Regen (nächste 24 Std.),
devices,environment.forecast.unavailable,Unavailable,Nicht verfügbar,
devices,environment.metrics.air_temperature_c,Air Temp,Lufttemp.,
devices,environment.metrics.relative_humidity_pct,Humidity,Luftfeuchte,
devices,environment.metrics.probe_temperature_c,Probe Temp,Sondentemp.,
devices,environment.metrics.pressure_hpa,Pressure,Luftdruck,
devices,environment.metrics.wind_speed_mps,Wind,Wind,yes
devices,environment.metrics.wind_direction_deg,Wind Dir,Windrichtung,
devices,environment.metrics.rainfall_mm,Rainfall,Niederschlag,
devices,environment.metrics.light_lux,Light,Licht,
devices,environment.metrics.uv_index,UV Index,UV-Index,
devices,environment.metrics.soil_temperature_c,Soil Temp,Bodentemp.,
devices,environment.metrics.soil_moisture_pct,Soil Moisture,Bodenfeuchte,
devices,irrigationOutcomes.title,Recent irrigations,Letzte Bewässerungen,
devices,irrigationOutcomes.updated,updated,aktualisiert,
devices,irrigationOutcomes.loading,Loading recent actuations…,Lade letzte Aktivierungen…,
devices,irrigationOutcomes.error,Failed to load recent actuations,Fehler beim Laden der letzten Aktivierungen,
devices,irrigationOutcomes.empty,No recent irrigations recorded yet.,Noch keine Bewässerungen aufgezeichnet.,
devices,irrigationOutcomes.zoneUnknown,Zone ?,Zone ?,yes
devices,irrigationOutcomes.duration,Duration,Dauer,
devices,irrigationOutcomes.totalVolume,Total volume: {{liters}},Gesamtvolumen: {{liters}},
devices,irrigationOutcomes.irrigated,Irrigated: {{depth}},Bewässert: {{depth}},
devices,irrigationOutcomes.timestampTitle,{{label}}: {{absolute}} ({{relative}}),{{label}}: {{absolute}} ({{relative}}),yes
devices,irrigationOutcomes.settings,Recent irrigations settings,Einstellungen letzte Bewässerungen,
devices,irrigationOutcomes.advancedView,Advanced view,Erweiterte Ansicht,
devices,irrigationOutcomes.commanded,Commanded,Befohlen,
devices,irrigationOutcomes.observedOpen,Confirmed open,Öffnung bestätigt,
devices,irrigationOutcomes.observedClose,Confirmed close,Schliessung bestätigt,
devices,irrigationOutcomes.status.PENDING_OPEN,Pending open,Öffnung ausstehend,
devices,irrigationOutcomes.status.RUNNING,Running,Läuft,
devices,irrigationOutcomes.status.COMPLETED,Completed,Abgeschlossen,
devices,irrigationOutcomes.status.CANCELLED,Cancelled,Abgebrochen,
devices,irrigationOutcomes.status.COMMAND_FAILED,Command failed,Befehl fehlgeschlagen,
devices,irrigationOutcomes.status.OPEN_TIMEOUT,Open timeout,Öffnungs-Timeout,
devices,irrigationOutcomes.status.CLOSE_TIMEOUT,Close timeout,Schliessungs-Timeout,
devices,irrigationOutcomes.status.UNKNOWN,Unknown,Unbekannt,
history,history.nav.history,History,Verlauf,
history,history.nav.legacyDashboard,Legacy dashboard,Bestehendes Dashboard,
history,history.nav.logout,Logout,Abmelden,
history,history.shell.title,History,Verlauf,
history,history.shell.subtitle,Local gateway history for {{username}},Lokaler Gateway-Verlauf für {{username}},
history,history.shell.loadingLocalCards,Loading local history cards...,Lokale Verlaufskarten werden geladen...,
history,history.shell.unavailableTitle,History is unavailable,Verlauf ist nicht verfügbar,
history,history.shell.unavailableBody,Runtime feature flags keep the new history shell off until the local gateway enables it.,"Laufzeit-Feature-Flags halten die neue Verlaufsoberfläche deaktiviert, bis das lokale Gateway sie aktiviert.",
history,history.shell.featureFlagFailed,The feature flag request failed. The legacy dashboard is still available.,Die Feature-Flag-Anfrage ist fehlgeschlagen. Das bestehende Dashboard ist weiterhin verfügbar.,
history,history.shell.zonesFailedTitle,History zones failed to load,Verlaufszonen konnten nicht geladen werden,
history,history.shell.noZonesTitle,No zones yet,Noch keine Zonen,
history,history.shell.noZonesBody,Create a zone from the legacy dashboard before opening thematic history.,"Erstellen Sie eine Zone im bestehenden Dashboard, bevor Sie die thematische Historie öffnen.",
history,history.shell.cardsFailed,History cards failed to load.,Verlaufskarten konnten nicht geladen werden.,
history,history.shell.retryCards,Retry cards,Karten erneut laden,
history,history.export.open,Export,Exportieren,
history,history.export.title,Export data,Daten exportieren,
history,history.desktop.railLabel,Cards,Karten,
history,history.desktop.toolbarTitle,Toolbar,Werkzeugleiste,
history,history.desktop.modeLabel,Desktop mode,Desktop-Modus,
history,history.desktop.modeFocus,Focus,Fokus,
history,history.desktop.modeCompare,Compare,Vergleichen,
history,history.desktop.viewSelectorLabel,Card view,Kartenansicht,
history,history.desktop.compareViewSelectorLabel,Compare view,Vergleichsansicht,
history,history.desktop.sourceSelectorLabel,Sources,Quellen,
history,history.desktop.rangeOverviewLabel,Time range overview,Zeitbereichsübersicht,
history,history.desktop.chartSurfaceLabel,"History chart, use arrow keys to pan and plus or minus to zoom","Verlaufsdiagramm, mit Pfeiltasten verschieben und mit Plus oder Minus zoomen",
history,history.desktop.zoomIn,Zoom in,Hineinzoomen,
history,history.desktop.zoomOut,Zoom out,Herauszoomen,
history,history.desktop.resetZoom,Reset zoom,Zoom zurücksetzen,
history,history.desktop.maxPanels,Up to {{count}} comparison panels,Bis zu {{count}} Vergleichsansichten,
history,history.desktop.singleMode,Single,Einzeln,
history,history.desktop.comparisonMode,Comparison,Vergleich,
history,history.desktop.addPanel,Add panel {{title}},Panel {{title}} hinzufügen,
history,history.desktop.removePanel,Remove panel,Panel entfernen,
history,history.desktop.panelLimitWarning,Only {{count}} comparison panels can be shown on this edge gateway.,Auf diesem Edge-Gateway können nur {{count}} Vergleichsansichten angezeigt werden.,
history,history.desktop.selectedTimestampNone,No timestamp selected,Kein Zeitstempel ausgewählt,
history,history.desktop.selectedTimestamp,Selected timestamp: {{timestamp}},Ausgewählter Zeitstempel: {{timestamp}},
history,history.desktop.inspectorTitle,Inspector,Inspektor,
history,history.desktop.inspectorPlaceholder,"Select a timestamp or calendar cell to see interpretation, events, data quality, and advanced metadata.","Wählen Sie einen Zeitstempel oder eine Kalenderzelle aus, um Interpretation, Ereignisse, Datenqualität und erweiterte Metadaten zu sehen.",
history,history.mobile.zoneLabel,Zone,Zone,yes
history,history.mobile.actions,History actions,Verlaufsaktionen,
history,history.mobile.openActions,Open history actions,Verlaufsaktionen öffnen,
history,history.overview.empty,No history cards are available for this zone yet.,Für diese Zone sind noch keine Verlaufskarten verfügbar.,
history,history.overview.openCard,Open {{title}} history,Verlauf {{title}} öffnen,
history,history.overview.cardTypeLabel,{{cardType}} card,{{cardType}}-Karte,
history,history.overview.pinCard,Pin card,Karte anheften,
history,history.overview.unpinCard,Unpin card,Karte lösen,
history,history.overview.pinCardForTitle,Pin {{title}} card,Karte {{title}} anheften,
history,history.overview.unpinCardForTitle,Unpin {{title}} card,Karte {{title}} lösen,
history,history.overview.pinned,Pinned,Angeheftet,
history,history.overview.alert,Attention,Achtung,
history,history.detail.backToHistory,Back to history,Zurück zum Verlauf,
history,history.detail.invalidRouteTitle,History card not available,Verlaufskarte nicht verfügbar,
history,history.detail.invalidRouteBody,Return to History and choose an available card.,Kehren Sie zum Verlauf zurück und wählen Sie eine verfügbare Karte.,
history,history.detail.loading,Loading history card...,Verlaufskarte wird geladen...,
history,history.detail.notFoundTitle,History card not available,Verlaufskarte nicht verfügbar,
history,history.detail.notFoundBody,Return to History and choose an available card.,Kehren Sie zum Verlauf zurück und wählen Sie eine verfügbare Karte.,
history,history.detail.controlsPlaceholder,Date range,Zeitraum,
history,history.detail.inspectorPlaceholder,Inspector,Inspektor,
history,history.detail.rangeControlLabel,Date range,Zeitraum,
history,history.detail.viewControlLabel,View,Ansicht,
history,history.detail.visualizationLabel,History visualization,Verlaufsvisualisierung,
history,history.detail.visualizationHelp,"Drag to pan, pinch to zoom, double tap to reset, or long press to inspect.","Ziehen zum Verschieben, Zusammenziehen zum Zoomen, Doppeltippen zum Zurücksetzen oder lange drücken zum Untersuchen.",
history,history.rangeShort.12h,12h,12h,yes
history,history.rangeShort.24h,24h,24h,yes
history,history.rangeShort.7d,7D,7T,
history,history.rangeShort.30d,30D,30T,
history,history.rangeShort.season,Season,Saison,
history,history.rangeShort.custom,Custom,Benutzerdefiniert,
history,history.sidebar.zones,Zones,Zonen,
history,history.sidebar.pinnedCards,Pinned cards,Angeheftete Karten,
history,history.sidebar.availableCards,Available cards,Verfügbare Karten,
history,history.sidebar.savedWorkspaces,Saved workspaces,Gespeicherte Arbeitsbereiche,
history,history.sidebar.workspaceDisabled,Workspace saving is not enabled on this slice.,Das Speichern von Arbeitsbereichen ist in diesem Ausbauschritt nicht aktiviert.,
history,history.sidebar.workspaceName,Workspace name,Name des Arbeitsbereichs,
history,history.sidebar.saveWorkspace,Save workspace,Arbeitsbereich speichern,
history,history.sidebar.updateWorkspace,Update workspace,Arbeitsbereich aktualisieren,
history,history.sidebar.loadWorkspace,Load {{name}},{{name}} laden,
history,history.sidebar.deleteWorkspace,Delete {{name}},{{name}} löschen,
history,history.sidebar.defaultWorkspaceName,Local workspace,Lokaler Arbeitsbereich,
history,history.sidebar.pinCard,Pin,Anheften,
history,history.sidebar.unpinCard,Unpin,Lösen,
history,history.sidebar.none,None,Keine,
history,history.carousel.empty,No history cards are available for this zone yet.,Für diese Zone sind noch keine Verlaufskarten verfügbar.,
history,history.carousel.ariaLabel,History card carousel,Verlaufskarten-Karussell,
history,history.carousel.cardAriaLabel,{{title}} card,Karte {{title}},
history,history.carousel.cardTypeLabel,{{cardType}} card,{{cardType}}-Karte,
history,history.carousel.pinned,Pinned,Angeheftet,
history,history.cardFrame.emptyTitle,Select a history card,Verlaufskarte auswählen,
history,history.cardFrame.emptyBody,Choose a zone and thematic card to inspect local history.,"Wählen Sie eine Zone und eine thematische Karte, um den lokalen Verlauf zu untersuchen.",
history,history.cardFrame.typeHistory,{{cardType}} history,{{cardType}}-Verlauf,
history,history.cardFrame.viewModes,{{title}} view modes,Ansichtsmodi {{title}},
history,history.cardFrame.unavailable,This card is not available for the selected zone.,Diese Karte ist für die ausgewählte Zone nicht verfügbar.,
history,history.cardFrame.timelineBrush,Timeline viewport,Zeitleisten-Viewport,
history,history.cardFrame.timelineBrushKeyboardHelp,"Use arrow keys to pan, plus or minus to zoom, and Home or Enter to reset.","Mit den Pfeiltasten verschieben, mit Plus oder Minus zoomen und mit Pos1 oder Enter zurücksetzen.",
history,history.cardFrame.aggregationBadge,Aggregation: {{aggregation}},Aggregation: {{aggregation}},yes
history,history.cardFrame.placeholderBody,Chart and calendar data will load here when card data APIs are enabled.,"Diagramm- und Kalenderdaten werden hier geladen, sobald die Karten-Daten-APIs aktiviert sind.",
history,history.cardFrame.cardDataLoading,Loading card data...,Kartendaten werden geladen...,
history,history.cardFrame.cardDataError,Card data failed to load: {{message}},Kartendaten konnten nicht geladen werden: {{message}},
history,history.cardFrame.cardDataUnknownError,Unknown error,Unbekannter Fehler,
history,history.workspace.unavailablePanel,Unavailable panel,Nicht verfügbares Panel,
history,history.workspace.repairPanel,Remove unavailable panel,Nicht verfügbares Panel entfernen,
history,history.dendroTimeline.title,Growth timeline,Wachstumsverlauf,
history,history.dendroTimeline.emptyTitle,No dendrometer timeline data,Keine Dendrometer-Verlaufsdaten,
history,history.dendroTimeline.emptyBody,Dendrometer readings will appear here when history data is available.,"Dendrometer-Messwerte werden hier angezeigt, sobald Verlaufsdaten verfügbar sind.",
history,history.dendroTimeline.eventsTitle,Timeline events,Verlaufsereignisse,
history,history.dendroTimeline.eventFallback,Dendrometer event,Dendrometer-Ereignis,
history,history.dendroTimeline.noEvents,No events in this range,Keine Ereignisse in diesem Zeitraum,
history,history.dendroTimeline.pointsCount,{{count}} readings,{{count}} Messwerte,
history,history.dendroTimeline.series.stemChange,Stem change,Stammveränderung,
history,history.dendroTimeline.series.growth,Growth,Wachstum,
history,history.dendroTimeline.series.shrinkage,Shrinkage,Schrumpfung,
history,history.dendroTimeline.series.dendrometer,Dendrometer,Dendrometer,yes
history,history.environmentLineChart.title,Environment trend,Umgebungstrend,
history,history.environmentLineChart.emptyTitle,No environment trend data,Keine Umgebungstrenddaten,
history,history.environmentLineChart.emptyBody,Environment readings will appear here when history data is available.,"Umgebungsmesswerte werden hier angezeigt, sobald Verlaufsdaten verfügbar sind.",
history,history.environmentLineChart.pointsCount,{{count}} readings,{{count}} Messwerte,
history,history.environmentLineChart.axisLabel,{{unit}} axis,{{unit}}-Achse,
history,history.environmentLineChart.axisNoUnit,Unitless axis,Achse ohne Einheit,
history,history.environmentLineChart.series.airTemperature,Air temperature,Lufttemperatur,
history,history.environmentLineChart.series.humidity,Relative humidity,Relative Luftfeuchte,
history,history.environmentLineChart.series.rain,Rain,Regen,
history,history.environmentLineChart.series.light,Light,Licht,
history,history.environmentLineChart.series.pressure,Pressure,Luftdruck,
history,history.environmentLineChart.series.wind,Wind,Wind,yes
history,history.environmentLineChart.series.uv,UV index,UV-Index,
history,history.environmentLineChart.series.environment,Environment,Umgebung,
history,history.dailyMinMax.title,Daily Min/Max,Tages-Min/Max,
history,history.dailyMinMax.emptyTitle,No daily min/max data,Keine täglichen Min/Max-Daten,
history,history.dailyMinMax.emptyBody,Daily minimum and maximum readings are not available for this range.,Tägliche Minimal- und Maximalwerte sind für diesen Zeitraum nicht verfügbar.,
history,history.dailyMinMax.pointsCount,{{count}} days,{{count}} Tage,
history,history.dailyMinMax.axisLabel,{{unit}},{{unit}},yes
history,history.dailyMinMax.axisNoUnit,Value,Wert,
history,history.dailyMinMax.tooltipMin,Min,Min,yes
history,history.dailyMinMax.tooltipMax,Max,Max,yes
history,history.dailyMinMax.tooltipMean,Mean,Mittelwert,
history,history.dailyMinMax.series.airTemperature,Air temperature,Lufttemperatur,
history,history.dailyMinMax.series.environment,Environment,Umgebung,
history,history.gatewayStatus.title,Gateway status overview,Gateway-Statusübersicht,
history,history.gatewayStatus.emptyTitle,Limited gateway status data,Eingeschränkte Gateway-Statusdaten,
history,history.gatewayStatus.emptyBody,Gateway status details will appear here as the hub reports them.,"Gateway-Statusdetails werden hier angezeigt, sobald sie vom Gateway gemeldet werden.",
history,history.gatewayStatus.lastSeen,Last seen,Zuletzt gesehen,
history,history.gatewayStatus.dataAsOf,Data as of,Datenstand,
history,history.gatewayStatus.syncState,Sync state,Synchronisierungsstatus,
history,history.gatewayStatus.eventsTitle,Recent gateway events,Neueste Gateway-Ereignisse,
history,history.gatewayStatus.noEvents,No gateway events in this range.,Keine Gateway-Ereignisse in diesem Zeitraum.,
history,history.gatewayStatus.eventFallback,Gateway event,Gateway-Ereignis,
history,history.gatewayStatus.status.ok,OK,OK,yes
history,history.gatewayStatus.status.online,Online,Online,yes
history,history.gatewayStatus.status.offline,Offline,Offline,yes
history,history.gatewayStatus.status.connected,Connected,Verbunden,
history,history.gatewayStatus.status.disconnected,Disconnected,Getrennt,
history,history.gatewayStatus.status.degraded,Degraded,Beeinträchtigt,
history,history.gatewayStatus.status.stale,Stale,Veraltet,
history,history.gatewayStatus.status.charging,Charging,Wird geladen,
history,history.gatewayStatus.category.connectivity,Connectivity,Konnektivität,
history,history.gatewayStatus.category.storage,Storage,Speicher,
history,history.gatewayStatus.category.system,System,System,yes
history,history.gatewayStatus.metric.signal,Signal,Signal,yes
history,history.gatewayStatus.metric.storage,Storage use,Speichernutzung,
history,history.gatewayStatus.metric.memory,Memory use,Arbeitsspeichernutzung,
history,history.gatewayStatus.metric.cpu,CPU,CPU,yes
history,history.gatewayStatus.metric.temperature,Temperature,Temperatur,
history,history.gatewayStatus.value.unavailable,Not reported,Nicht gemeldet,
history,history.irrigationTimeline.title,Irrigation event timeline,Verlauf der Bewässerungsereignisse,
history,history.irrigationTimeline.emptyTitle,No irrigation events,Keine Bewässerungsereignisse,
history,history.irrigationTimeline.emptyBody,Irrigation actions and response windows will appear here when history data is available.,"Bewässerungsaktionen und Reaktionsfenster werden hier angezeigt, sobald Verlaufsdaten verfügbar sind.",
history,history.irrigationTimeline.eventsCount,{{count}} events,{{count}} Ereignisse,
history,history.irrigationTimeline.eventLabel.irrigation,Irrigation event,Bewässerungsereignis,
history,history.irrigationTimeline.eventLabel.scheduled,Scheduled irrigation,Geplante Bewässerung,
history,history.irrigationTimeline.eventLabel.manualOverride,Manual override,Manueller Eingriff,
history,history.irrigationTimeline.eventLabel.possibleIneffective,Possible ineffective irrigation,Möglicherweise unwirksame Bewässerung,
history,history.irrigationTimeline.eventLabel.responseWindow,Response window,Reaktionsfenster,
history,history.irrigationTimeline.detail.duration,Duration: {{value}},Dauer: {{value}},
history,history.irrigationTimeline.detail.responseWindow,Response window: {{value}},Reaktionsfenster: {{value}},
history,history.irrigationTimeline.detail.observedResponse,Observed response: {{value}},Beobachtete Reaktion: {{value}},
history,history.irrigationTimeline.severity.info,Info,Info,yes
history,history.irrigationTimeline.severity.warning,Warning,Warnung,
history,history.irrigationTimeline.severity.critical,Critical,Kritisch,
history,history.irrigationTimeline.severity.success,Success,Erfolg,
history,history.irrigationTimeline.severity.unknown,Info,Info,yes
history,history.cardType.soil,Soil,Boden,
history,history.cardType.dendro,Dendro,Dendro,yes
history,history.cardType.environment,Environment,Umgebung,
history,history.cardType.irrigation,Irrigation,Bewässerung,
history,history.cardType.gateway,Gateway,Gateway,yes
history,history.viewMode.soil-profile,Soil Profile,Bodenprofil,
history,history.viewMode.line-chart,Line Chart,Liniendiagramm,
history,history.viewMode.calendar,Calendar,Kalender,
history,history.viewMode.irrigation-response,Irrigation Response,Bewässerungsreaktion,
history,history.viewMode.advanced,Advanced View,Erweiterte Ansicht,
history,history.viewMode.growth-timeline,Growth Timeline,Wachstumsverlauf,
history,history.viewMode.stress-events,Stress Events,Stressereignisse,
history,history.viewMode.daily-min-max,Daily Min/Max,Tages-Min/Max,
history,history.viewMode.event-timeline,Event Timeline,Ereignisverlauf,
history,history.viewMode.status-overview,Status Overview,Statusübersicht,
history,history.viewMode.connectivity-timeline,Connectivity Timeline,Verbindungsverlauf,
history,history.metadata.coverageUnknown,Coverage unknown,Abdeckung unbekannt,
history,history.metadata.coverageKnown,{{coverage}}% coverage,{{coverage}} % Abdeckung,
history,history.metadata.coverageConfidence.configured,Configured cadence,Konfiguriertes Intervall,
history,history.metadata.coverageConfidence.derived,Derived cadence,Abgeleitetes Intervall,
history,history.metadata.coverageConfidence.unknown,Cadence unknown,Intervall unbekannt,
history,history.metadata.syncState.local,Local,Lokal,
history,history.metadata.syncState.synced,Synced,Synchronisiert,
history,history.metadata.syncState.stale,Stale,Veraltet,
history,history.metadata.syncState.degraded,Degraded,Beeinträchtigt,
history,history.metadata.syncState.unknown,Unknown,Unbekannt,
history,history.metadata.aggregation.auto,Automatic,Automatisch,
history,history.metadata.aggregation.raw,Raw,Rohdaten,
history,history.metadata.aggregation.15m,15 min,15 Min.,
history,history.metadata.aggregation.hourly,Hourly,Stündlich,
history,history.metadata.aggregation.daily,Daily,Täglich,
history,history.metadata.aggregation.weekly,Weekly,Wöchentlich,
history,history.metadata.range.12h,12 hours,12 Stunden,
history,history.metadata.range.24h,24 hours,24 Stunden,
history,history.metadata.range.7d,7 days,7 Tage,
history,history.metadata.range.30d,30 days,30 Tage,
history,history.metadata.range.season,Season,Saison,
history,history.metadata.range.custom,Custom range,Benutzerdefinierter Zeitraum,
history,history.soilProfile.emptyTitle,No soil profile data,Keine Bodenprofildaten,
history,history.soilProfile.emptyBody,Depth-aware profile readings are not available for this range.,Tiefenaufgelöste Profilmesswerte sind für diesen Zeitraum nicht verfügbar.,
history,history.soilProfile.depthLabel,{{depth}} cm,{{depth}} cm,yes
history,history.soilProfile.depthUnknown,Depth pending,Tiefe ausstehend,
history,history.soilProfile.valueMissing,No reading,Kein Messwert,
history,history.soilProfile.status.dry_stress,Dry stress,Trockenstress,
history,history.soilProfile.status.optimal,Optimal,Optimal,yes
history,history.soilProfile.status.wet_excess,Wet excess,Nässeüberschuss,
history,history.soilProfile.status.mixed,Mixed,Gemischt,
history,history.soilProfile.status.no_data,No data,Keine Daten,
history,history.soilProfile.labelUnknown,Soil layer {{index}},Bodenschicht {{index}},
history,history.soil.state.wet,Wet,Nass,
history,history.soil.state.moist,Moist,Feucht,
history,history.soil.state.dry,Dry,Trocken,
history,history.calendar.label,Calendar,Kalender,
history,history.calendar.title,Calendar,Kalender,
history,history.calendar.emptyTitle,No calendar data,Keine Kalenderdaten,
history,history.calendar.weekday.mon,Mon,Mo,
history,history.calendar.weekday.tue,Tue,Di,
history,history.calendar.weekday.wed,Wed,Mi,
history,history.calendar.weekday.thu,Thu,Do,
history,history.calendar.weekday.fri,Fri,Fr,
history,history.calendar.weekday.sat,Sat,Sa,
history,history.calendar.weekday.sun,Sun,So,
history,history.calendar.state.dry_stress,Dry stress,Trockenstress,
history,history.calendar.state.optimal,Optimal,Optimal,yes
history,history.calendar.state.wet_excess,Wet excess,Nässeüberschuss,
history,history.calendar.state.mixed,Mixed,Gemischt,
history,history.calendar.state.normal_growth,Normal growth,Normales Wachstum,
history,history.calendar.state.reduced_growth,Reduced growth,Vermindertes Wachstum,
history,history.calendar.state.high_shrinkage_stress,High shrinkage stress,Starker Schrumpfungsstress,
history,history.calendar.state.incomplete_night_recovery,Incomplete night recovery,Unvollständige nächtliche Erholung,
history,history.calendar.state.normal,Normal,Normal,yes
history,history.calendar.state.heat_stress,Heat stress,Hitzestress,
history,history.calendar.state.cold_stress,Cold stress,Kältestress,
history,history.calendar.state.high_humidity,High humidity,Hohe Luftfeuchtigkeit,
history,history.calendar.state.rain_day,Rain day,Regentag,
history,history.calendar.state.no_irrigation,No irrigation,Keine Bewässerung,
history,history.calendar.state.irrigation_event,Irrigation event,Bewässerungsereignis,
history,history.calendar.state.high_irrigation_frequency,High irrigation frequency,Hohe Bewässerungshäufigkeit,
history,history.calendar.state.possible_ineffective_irrigation,Possible ineffective irrigation,Möglicherweise unwirksame Bewässerung,
history,history.calendar.state.manual_override,Manual override,Manueller Eingriff,
history,history.calendar.state.offline,Offline,Offline,yes
history,history.calendar.state.no_data,No data,Keine Daten,
history,history.calendar.marker.irrigation.no_irrigation,No irrigation marker,Markierung: Keine Bewässerung,
history,history.calendar.marker.irrigation.irrigation_event,Irrigation marker,Markierung: Bewässerung,
history,history.calendar.marker.irrigation.high_irrigation_frequency,High frequency marker,Markierung: Hohe Häufigkeit,
history,history.calendar.marker.irrigation.possible_ineffective_irrigation,Possible ineffective irrigation marker,Markierung: Möglicherweise unwirksame Bewässerung,
history,history.calendar.marker.irrigation.manual_override,Manual override marker,Markierung: Manueller Eingriff,
history,history.calendar.marker.rain,Rain,Regen,
history,history.calendar.marker.sensor_gap,Sensor gap,Sensorlücke,
history,history.calendar.marker.heat_event,Heat event,Hitzeereignis,
history,history.calendar.marker.soil.dry_stress,Dry stress marker,Markierung: Trockenstress,
history,history.calendar.marker.soil.optimal,Optimal marker,Markierung: Optimal,
history,history.calendar.marker.soil.wet_excess,Wet marker,Markierung: Nass,
history,history.calendar.marker.soil.mixed,Mixed marker,Markierung: Gemischt,
history,history.calendar.marker.dendro.normal_growth,Normal growth marker,Markierung: Normales Wachstum,
history,history.calendar.marker.dendro.reduced_growth,Reduced growth marker,Markierung: Vermindertes Wachstum,
history,history.calendar.marker.dendro.high_shrinkage_stress,High shrinkage marker,Markierung: Starke Schrumpfung,
history,history.calendar.marker.dendro.incomplete_night_recovery,Incomplete recovery marker,Markierung: Unvollständige Erholung,
history,history.calendar.marker.environment.normal,Normal marker,Markierung: Normal,
history,history.calendar.marker.environment.heat_stress,Heat marker,Markierung: Hitze,
history,history.calendar.marker.environment.cold_stress,Cold marker,Markierung: Kälte,
history,history.calendar.marker.environment.high_humidity,High humidity marker,Markierung: Hohe Luftfeuchtigkeit,
history,history.calendar.marker.environment.rain_day,Rain marker,Markierung: Regen,
history,history.calendar.summary.soil.dry_stress,Root zone was dry with {{sampleCount}} samples.,"Wurzelzone war trocken, {{sampleCount}} Messwerte.",
history,history.calendar.summary.soil.optimal,Root zone was optimal with {{sampleCount}} samples.,"Wurzelzone war optimal, {{sampleCount}} Messwerte.",
history,history.calendar.summary.soil.wet_excess,Root zone was wet with {{sampleCount}} samples.,"Wurzelzone war nass, {{sampleCount}} Messwerte.",
history,history.calendar.summary.soil.mixed,Soil status was mixed across depths.,Bodenstatus war je nach Tiefe unterschiedlich.,
history,history.calendar.summary.soil.no_data,No soil data was available.,Keine Bodendaten verfügbar.,
history,history.calendar.summary.dendro.normal_growth,Stem growth looked normal.,Stammwachstum wirkte normal.,
history,history.calendar.summary.dendro.reduced_growth,Stem growth was reduced.,Stammwachstum war vermindert.,
history,history.calendar.summary.dendro.high_shrinkage_stress,Stem shrinkage indicated stress.,Stammschrumpfung deutete auf Stress hin.,
history,history.calendar.summary.dendro.incomplete_night_recovery,Night recovery was incomplete.,Nächtliche Erholung war unvollständig.,
history,history.calendar.summary.dendro.no_data,No dendrometer data was available.,Keine Dendrometerdaten verfügbar.,
history,history.calendar.summary.environment.normal,Environment was normal.,Umgebung war normal.,
history,history.calendar.summary.environment.heat_stress,Heat stress was detected.,Hitzestress festgestellt.,
history,history.calendar.summary.environment.cold_stress,Cold stress was detected.,Kältestress festgestellt.,
history,history.calendar.summary.environment.high_humidity,High humidity was detected.,Hohe Luftfeuchtigkeit festgestellt.,
history,history.calendar.summary.environment.rain_day,Rain was detected.,Regen festgestellt.,
history,history.calendar.summary.environment.no_data,No environment data was available.,Keine Umgebungsdaten verfügbar.,
history,history.calendar.summary.irrigation.no_irrigation,No irrigation occurred.,Keine Bewässerung erfolgt.,
history,history.calendar.summary.irrigation.irrigation_event,Irrigation occurred.,Bewässerung erfolgt.,
history,history.calendar.summary.irrigation.high_irrigation_frequency,Irrigation frequency was high.,Bewässerungshäufigkeit war hoch.,
history,history.calendar.summary.irrigation.possible_ineffective_irrigation,Irrigation may have been ineffective.,Bewässerung war möglicherweise unwirksam.,
history,history.calendar.summary.irrigation.manual_override,Manual override occurred.,Manueller Eingriff erfolgt.,
history,history.calendar.summary.gateway.offline,Gateway connectivity was offline.,Gateway-Verbindung war offline.,
history,history.calendar.summary.gateway.normal,Gateway status was normal.,Gateway-Status war normal.,
history,history.calendar.summary.gateway.no_data,No gateway data was available.,Keine Gateway-Daten verfügbar.,
history,history.interpretation.title,Interpretation,Interpretation,yes
history,history.interpretation.noData.title,No data in selected range,Keine Daten im ausgewählten Zeitraum,
history,history.interpretation.noData.body,"This card is configured, but no measured history was available for the selected range.","Diese Karte ist konfiguriert, aber für den ausgewählten Zeitraum lagen keine gemessenen Verlaufsdaten vor.",
history,history.interpretation.rootZoneDry.title,Root zone entered dry status,Wurzelzone ist in den Trockenstatus übergegangen,
history,history.interpretation.rootZoneDry.body,Lower soil tension stayed dry through the selected period.,Die untere Bodenwasserspannung blieb während des ausgewählten Zeitraums trocken.,
history,history.interpretation.dataCoverageGap.title,Sensor data is incomplete,Sensordaten sind unvollständig,
history,history.interpretation.dataCoverageGap.body,Sensor data was missing during the selected period.,Während des ausgewählten Zeitraums fehlten Sensordaten.,
history,history.interpretation.incompleteNightRecovery.title,Night recovery was incomplete,Nächtliche Erholung war unvollständig,
history,history.interpretation.incompleteNightRecovery.body,The dendrometer did not fully recover overnight during the selected period.,Der Dendrometer erholte sich während des ausgewählten Zeitraums nachts nicht vollständig.,
history,history.interpretation.environmentStress.title,Environment stress detected,Umgebungsstress festgestellt,
history,history.interpretation.environmentStress.body,Environment readings crossed a stress threshold in the selected range.,Umgebungsmesswerte überschritten im ausgewählten Zeitraum einen Stressschwellenwert.,
history,history.interpretation.extensionUnavailable.title,Cloud context unavailable,Cloud-Kontext nicht verfügbar,
history,history.interpretation.prediction.title,Prediction context,Prognosekontext,
history,history.interpretation.prediction.body,Prediction context is available for this zone.,Für diese Zone ist ein Prognosekontext verfügbar.,
history,history.interpretation.recommendation.irrigate,Irrigate,Bewässern,
history,history.interpretation.recommendation.monitor,Monitor,Beobachten,
history,history.advanced.title,Advanced diagnostics,Erweiterte Diagnose,
history,history.advanced.loading,Loading advanced diagnostics...,Erweiterte Diagnose wird geladen...,
history,history.advanced.emptyTitle,No advanced diagnostics,Keine erweiterte Diagnose,
history,history.advanced.value.unavailable,Unavailable,Nicht verfügbar,
history,history.advanced.availability.collected,Collected,Erfasst,
history,history.advanced.availability.not_collected_at_time,Not collected then,Damals nicht erfasst,
history,history.advanced.availability.unknown_now,Unknown now,Aktuell unbekannt,
history,history.advanced.availability.unsupported,Unsupported,Nicht unterstützt,
history,history.advanced.field.device_eui,Device EUI,Geräte-EUI,
history,history.advanced.field.primaryDeveui,Device EUI,Geräte-EUI,
history,history.advanced.field.rssi,RSSI,RSSI,yes
history,history.advanced.field.snr,SNR,SNR,yes
history,history.advanced.field.raw_payload,Raw payload,Rohdaten (Payload),
history,history.advanced.field.rawPayload,Raw payload,Rohdaten (Payload),
history,history.advanced.field.firmware,Firmware,Firmware,yes
history,history.advanced.field.calibration,Calibration,Kalibrierung,
history,history.advanced.field.prediction,Prediction,Prognose,
history,history.advanced.field.forecast,Forecast,Vorhersage,
history,history.advanced.field.pending_commands,Pending commands,Ausstehende Befehle,
history,history.advanced.field.batteryPct,Battery percent,Batteriestand (%),
history,history.advanced.field.batteryVoltage,Battery voltage,Batteriespannung,
history,history.advanced.field.calibrationStatus,Calibration status,Kalibrierungsstatus,
history,history.advanced.field.firmwareVersion,Firmware version,Firmware-Version,
history,history.advanced.field.gatewayEui,Gateway EUI,Gateway-EUI,
history,history.advanced.field.gatewayLatitude,Gateway latitude,Gateway-Breitengrad,
history,history.advanced.field.gatewayLocationStatus,Gateway location status,Gateway-Standortstatus,
history,history.advanced.field.gatewayLongitude,Gateway longitude,Gateway-Längengrad,
history,history.advanced.field.logicalSourceKey,Logical source key,Logischer Quellenschlüssel,
history,history.advanced.field.pendingCommands,Pending commands,Ausstehende Befehle,
history,history.advanced.field.rawRowCount,Raw row count,Anzahl Rohdatenzeilen,
history,history.advanced.field.sourceDeviceCount,Source device count,Anzahl Quellgeräte,
history,history.source.multipleNamed,{{count}} sources: {{names}},{{count}} Quellen: {{names}},
history,history.source.multiple,{{count}} sources,{{count}} Quellen,
history,history.soilLineChart.title,Soil line chart,Boden-Liniendiagramm,
history,history.soilLineChart.emptyTitle,No soil trend data,Keine Bodentrenddaten,
history,history.soilLineChart.emptyBody,Soil tension readings will appear here when history data is available.,"Bodenwasserspannungsmesswerte werden hier angezeigt, sobald Verlaufsdaten verfügbar sind.",
history,history.soilLineChart.pointsCount,{{count}} readings,{{count}} Messwerte,
history,history.soilLineChart.axisLabel,{{unit}} axis,{{unit}}-Achse,
history,history.soilLineChart.series.soil1,Soil 1,Boden 1,
history,history.soilLineChart.series.soil2,Soil 2,Boden 2,
history,history.soilLineChart.series.soil3,Soil 3,Boden 3,
history,history.soilLineChart.series.soil,Soil {{index}},Boden {{index}},
history,history.soilLineChart.series.sensor,Sensor {{index}},Sensor {{index}},yes
history,history.soilIrrigationResponse.title,Soil irrigation response,Bodenreaktion auf Bewässerung,
history,history.soilIrrigationResponse.emptyTitle,No irrigation response events,Keine Bewässerungsreaktionen,
history,history.soilIrrigationResponse.emptyBody,No irrigation response events in this range.,Keine Bewässerungsreaktionen in diesem Zeitraum.,
history,history.soilIrrigationResponse.eventsCount,{{count}} events,{{count}} Ereignisse,
history,history.soilIrrigationResponse.eventFallback,Irrigation response,Bewässerungsreaktion,
history,history.soilIrrigationResponse.duration,Duration: {{value}} min,Dauer: {{value}} Min.,
history,history.soilIrrigationResponse.interpretationsTitle,Response notes,Hinweise zur Reaktion,
history,history.dendroLineChart.title,Dendro line chart,Dendro-Liniendiagramm,
history,history.dendroLineChart.emptyTitle,No dendrometer line data,Keine Dendrometer-Liniendaten,
history,history.dendroLineChart.emptyBody,Dendrometer readings will appear here when history data is available.,"Dendrometer-Messwerte werden hier angezeigt, sobald Verlaufsdaten verfügbar sind.",
history,history.dendroLineChart.pointsCount,{{count}} readings,{{count}} Messwerte,
history,history.dendroLineChart.series.stemChange,Stem change,Stammveränderung,
history,history.dendroLineChart.series.growth,Growth,Wachstum,
history,history.dendroLineChart.series.shrinkage,Shrinkage,Schrumpfung,
history,history.dendroLineChart.series.position,Position,Position,yes
history,history.dendroLineChart.series.dendrometer,Dendrometer,Dendrometer,yes
history,history.dendroStressEvents.title,Dendro stress events,Dendro-Stressereignisse,
history,history.dendroStressEvents.emptyTitle,No stress events,Keine Stressereignisse,
history,history.dendroStressEvents.emptyBody,No stress events in this range.,Keine Stressereignisse in diesem Zeitraum.,
history,history.dendroStressEvents.eventsCount,{{count}} events,{{count}} Ereignisse,
history,history.dendroStressEvents.interpretationsTitle,Stress notes,Hinweise zum Stress,
history,history.dendroStressEvents.event.stress,Stress event,Stressereignis,
history,history.dendroStressEvents.event.shrinkage,Shrinkage stress,Schrumpfungsstress,
history,history.dendroStressEvents.event.incompleteRecovery,Incomplete recovery,Unvollständige Erholung,
history,history.sourceFilter.label,Source,Quelle,
history,history.sourceFilter.all,All,Alle,
history,history.settings.open,Open card settings,Karteneinstellungen öffnen,
history,history.settings.menuLabel,Card settings,Karteneinstellungen,
history,history.settings.advancedView,Advanced View,Erweiterte Ansicht,
history,history.settings.cardSettings,Card settings,Karteneinstellungen,
history,history.settings.resetRange,Reset range,Zeitraum zurücksetzen,
history,history.settings.cardSettingsUnavailable,Card settings are not available yet.,Karteneinstellungen sind noch nicht verfügbar.,
history,history.settings.refresh,Refresh,Aktualisieren,
history,history.inspector.title,Inspector,Inspektor,
history,history.inspector.context,Selected point,Ausgewählter Punkt,
history,history.inspector.close,Close,Schliessen,
history,history.inspector.timestamp,Timestamp,Zeitstempel,
history,history.inspector.date,Date,Datum,
history,history.inspector.source,Source,Quelle,
history,history.inspector.coverage,Coverage,Abdeckung,
history,history.inspector.syncState,Sync state,Synchronisierungsstatus,
history,history.inspector.dataAsOf,Data as of,Datenstand,
history,history.inspector.events,Events,Ereignisse,
history,history.inspector.noInterpretation,No local interpretation for this selection.,Keine lokale Interpretation für diese Auswahl.,
history,history.inspector.eventFallback,History event,Verlaufsereignis,
history,history.sources.button,Sources,Quellen,
history,history.sources.menuLabel,Card sources,Kartenquellen,
journal,title,Field journal,Feldjournal,
journal,welcome,Activity record for {{username}},Aktivitätsprotokoll für {{username}},
journal,comingSoon.badge,In development,In Entwicklung,
journal,comingSoon.heading,The field journal is being built,Das Feldjournal wird entwickelt,
journal,comingSoon.body,"Log what happened in the field — irrigation, spraying, seeding, harvest, observations — so your sensor curves and analytics can be read in context. Entries anchor to a plot, capture the sensor snapshot at the moment of the activity, and appear as markers on your history charts.","Erfassen Sie, was auf dem Feld passiert ist — Bewässerung, Spritzung, Aussaat, Ernte, Beobachtungen — damit Ihre Sensorkurven und Analysen im Kontext gelesen werden können. Einträge werden einer Parzelle zugeordnet, erfassen die Sensor-Momentaufnahme im Moment der Aktivität und erscheinen als Markierungen in Ihren Verlaufsdiagrammen.",
journal,comingSoon.captureTitle,Fast capture,Schnelle Erfassung,
journal,comingSoon.captureBody,"Six recent activities on a tap grid, product-first entry, and a plain-language confirmation line before every save.","Sechs kürzliche Aktivitäten zum Antippen, produktorientierte Eingabe und eine klar verständliche Bestätigungszeile vor jedem Speichern.",
journal,comingSoon.recordTitle,A real farm record,Ein echtes Hofprotokoll,
journal,comingSoon.recordBody,"Structured, machine-readable entries per plot with frozen provenance — a detailed record designed for compliance profiles later.","Strukturierte, maschinenlesbare Einträge pro Parzelle mit unveränderlicher Herkunft — ein detailliertes Protokoll, ausgelegt für spätere Compliance-Profile.",
journal,comingSoon.syncTitle,Honest sync,Ehrliche Synchronisierung,
journal,comingSoon.syncBody,Every entry tells you whether it is saved on the farm gateway or waiting for it. Nothing is silently lost.,"Jeder Eintrag zeigt Ihnen, ob er auf dem Gateway gespeichert ist oder noch darauf wartet. Nichts geht unbemerkt verloren.",
journal,row.farmLevel,Farm-level,Hofebene,
journal,row.unknownPlot,Unknown plot,Unbekannte Parzelle,
journal,row.status.final,Final,Final,yes
journal,row.status.draft,Draft,Entwurf,
journal,row.status.voided,Voided,Storniert,
journal,activity.irrigation,Irrigation,Bewässerung,
journal,activity.fertigation,Fertigation,Fertigation,yes
journal,activity.fertilization,Fertilization,Düngung,
journal,activity.seeding,Seeding,Aussaat,
journal,activity.harvest,Harvest,Ernte,
journal,activity.general_observation,Observation,Beobachtung,
journal,timeline.empty,No activities logged yet.,Noch keine Aktivitäten erfasst.,
journal,timeline.loading,Loading activities…,Aktivitäten werden geladen…,
journal,timeline.batch,Batch activity,Batch-Aktivität,
journal,timeline.batchExpand,Expand batch,Batch aufklappen,
journal,timeline.batchCollapse,Collapse batch,Batch zuklappen,
journal,timeline.batchLoading,Loading batch entries…,Batch-Einträge werden geladen…,
journal,timeline.batchError,Unable to load batch entries.,Batch-Einträge konnten nicht geladen werden.,
journal,timeline.batchRetry,Retry,Erneut versuchen,
journal,where.station,Station,Station,yes
journal,where.unstationed,Unstationed plots,Parzellen ohne Station,
journal,where.namedPlots,Named plots,Benannte Parzellen,
journal,where.noStation,No station,Keine Station,
journal,where.selectAll,Select all,Alle auswählen,
journal,where.invert,Invert selection,Auswahl umkehren,
journal,where.range,Station range,Stationsbereich,
journal,where.applyRange,Apply range,Bereich anwenden,
journal,where.rangeSummary,{{label}} · {{plotCount}} · {{selectedCount}},{{label}} · {{plotCount}} · {{selectedCount}},yes
journal,where.rangePlotCount,plots,Parzellen,
journal,where.rangePlotCount_one,{{count}} plot,{{count}} Parzelle,
journal,where.rangePlotCount_other,{{count}} plots,{{count}} Parzellen,
journal,where.rangeSelectedCount,selected,ausgewählt,
journal,where.rangeSelectedCount_one,{{count}} selected,{{count}} ausgewählt,
journal,where.rangeSelectedCount_other,{{count}} selected,{{count}} ausgewählt,
journal,where.rangeEmpty,The station range is empty.,Der Stationsbereich ist leer.,
journal,where.rangeMalformed,The station range is invalid.,Der Stationsbereich ist ungültig.,
journal,where.rangeOutOfStation,The range contains a plot outside this station.,Der Bereich enthält eine Parzelle ausserhalb dieser Station.,
journal,where.rangeDuplicate,The station range repeats a value.,Der Stationsbereich enthält eine doppelte Nummer.,
journal,where.rangeReversed,The station range is reversed.,Der Stationsbereich ist umgekehrt.,
journal,where.rangeNonInteger,The station range must use whole numbers.,Der Stationsbereich darf nur ganze Zahlen enthalten.,
journal,where.rangeNonPositive,The station range must use positive numbers.,Der Stationsbereich darf nur positive Zahlen enthalten.,
journal,where.mixedLayout,Selected plots use different layouts.,Die ausgewählten Parzellen verwenden unterschiedliche Layouts.,
journal,where.maxPlots,Selected plots,Ausgewählte Parzellen,
journal,where.maxPlotsError,Select no more than {{count}} plots.,Wählen Sie höchstens {{count}} Parzellen aus.,
journal,where.noPlot,No plot,Keine Parzelle,
journal,where.selectionCount,plots selected,Parzellen ausgewählt,
journal,where.selectionCount_one,{{count}} plot selected,{{count}} Parzelle ausgewählt,
journal,where.selectionCount_other,{{count}} plots selected,{{count}} Parzellen ausgewählt,
journal,where.staleSelection,This selection changed. Refresh and try again.,Diese Auswahl hat sich geändert. Aktualisieren Sie die Seite und versuchen Sie es erneut.,
journal,where.createGroup,Create group,Gruppe erstellen,
journal,where.editGroup,Edit group,Gruppe bearbeiten,
journal,where.groupLabel,Group label,Gruppenbezeichnung,
journal,where.saveGroup,Save group,Gruppe speichern,
journal,where.cancel,Cancel,Abbrechen,
journal,where.loading,Loading…,Wird geladen…,
journal,where.retry,Retry,Erneut versuchen,
journal,group.members,Plot groups,Parzellengruppen,
journal,group.members_one,{{count}} plot,{{count}} Parzelle,
journal,group.members_other,{{count}} plots,{{count}} Parzellen,
journal,group.unavailableMembers,Some group members are unavailable.,Einige Gruppenmitglieder sind nicht verfügbar.,
journal,group.resolved,Resolved,Aufgelöst,
journal,group.resolve,Resolve group,Gruppe auflösen,
journal,group.resolveError,Could not resolve this group.,Diese Gruppe konnte nicht aufgelöst werden.,
journal,group.changedError,This group changed. Refresh and try again.,Diese Gruppe hat sich geändert. Aktualisieren Sie die Seite und versuchen Sie es erneut.,
journal,group.resolutionRegion,Harvest group resolution,Auflösung der Erntegruppe,
journal,group.resolveHeading,Resolve harvest group,Erntegruppe auflösen,
journal,group.resolveAction,Resolve group,Gruppe auflösen,
journal,group.resolving,Resolving…,Wird aufgelöst…,
journal,group.heterogeneous,The group contains incompatible layouts.,Die Gruppe enthält inkompatible Layouts.,
journal,group.create,Create group,Gruppe erstellen,
journal,group.edit,Edit group,Gruppe bearbeiten,
journal,group.loading,Loading groups…,Gruppen werden geladen…,
journal,group.error,Could not save the plot group.,Die Parzellengruppe konnte nicht gespeichert werden.,
journal,group.retry,Retry,Erneut versuchen,
journal,plot.create,Create plot,Parzelle erstellen,
journal,plot.update,Update plot,Parzelle aktualisieren,
journal,plot.new,New plot,Neue Parzelle,
journal,plot.edit,Edit selected plot,Ausgewählte Parzelle bearbeiten,
journal,plot.code,Plot code,Parzellen-Code,
journal,plot.name,Name,Name,yes
journal,plot.zone,Zone,Zone,yes
journal,plot.station,Station,Station,yes
journal,plot.cropHint,Crop hint,Kulturhinweis,
journal,plot.area,Area (m²),Fläche (m²),
journal,plot.active,Active,Aktiv,
journal,plot.layout,Layout,Layout,yes
journal,plot.save,Save,Speichern,
journal,plot.cancel,Cancel,Abbrechen,
journal,plot.layoutRequired,Select an active layout,Aktives Layout auswählen,
journal,plot.stale,This plot changed elsewhere. Reload before saving.,Diese Parzelle wurde anderswo geändert. Laden Sie sie vor dem Speichern neu.,
journal,plot.codeConflict,Plot code is already in use.,Dieser Parzellen-Code wird bereits verwendet.,
journal,plot.heterogeneousGroup,The plot belongs to a heterogeneous group.,Die Parzelle gehört zu einer heterogenen Gruppe.,
journal,plot.unresolvedGroup,Resolve the plot group before deactivating this plot.,"Lösen Sie die Parzellengruppe auf, bevor Sie diese Parzelle deaktivieren.",
journal,plot.loading,Saving…,Wird gespeichert…,
journal,plot.error,Could not save the plot.,Die Parzelle konnte nicht gespeichert werden.,
journal,plot.retry,Retry,Erneut versuchen,
journal,batch.saving,Saving…,Wird gespeichert…,
journal,batch.saved,Saved,Gespeichert,
journal,batch.confirm,Review batch before saving,Batch vor dem Speichern prüfen,
journal,batch.confirmCount,plots,Parzellen,
journal,batch.confirmCount_one,{{count}} plot,{{count}} Parzelle,
journal,batch.confirmCount_other,{{count}} plots,{{count}} Parzellen,
journal,batch.duplicateTitle,Duplicate entries found,Doppelte Einträge gefunden,
journal,batch.duplicateBody,Review every duplicate candidate before saving this batch.,"Prüfen Sie jeden möglichen doppelten Eintrag, bevor Sie diesen Batch speichern.",
journal,batch.duplicateAcknowledge,Acknowledge all and retry,Alle bestätigen und erneut versuchen,
journal,batch.count,plots,Parzellen,
journal,batch.count_one,{{count}} plot,{{count}} Parzelle,
journal,batch.count_other,{{count}} plots,{{count}} Parzellen,
journal,batch.retry,Retry,Erneut versuchen,
journal,unavailable.title,Journal not available,Journal nicht verfügbar,
journal,unavailable.body,This gateway does not yet have the field journal. Update the gateway firmware to enable it.,"Dieses Gateway verfügt noch nicht über das Feldjournal. Aktualisieren Sie die Gateway-Firmware, um es zu aktivieren.",
journal,error.title,Could not load the journal,Journal konnte nicht geladen werden,
journal,error.body,The gateway did not answer successfully. Try again.,Das Gateway hat nicht erfolgreich geantwortet. Versuchen Sie es erneut.,
journal,error.retry,Try again,Erneut versuchen,
journal,filters.plot,Plot,Parzelle,
journal,filters.allPlots,All plots,Alle Parzellen,
journal,filters.activity,Activity,Aktivität,
journal,filters.allActivities,All activities,Alle Aktivitäten,
journal,logActivity,Log activity,Aktivität erfassen,
journal,capture.title,Log activity,Aktivität erfassen,
journal,capture.close,Close,Schliessen,
journal,capture.back,Back,Zurück,
journal,capture.next,Next,Weiter,
journal,capture.finish,Finish,Fertigstellen,
journal,capture.where.title,Where did this happen?,Wo ist das passiert?,
journal,capture.where.plot,Plot,Parzelle,
journal,capture.where.selectPlot,Select a plot,Parzelle auswählen,
journal,capture.where.farmLevel,Whole farm,Ganzer Hof,
journal,capture.where.noPlot,No plot,Keine Parzelle,
journal,capture.where.linkedZone,Linked to a sensor zone,Mit einer Sensorzone verknüpft,
journal,capture.where.sensorless,No linked sensor zone,Keine verknüpfte Sensorzone,
journal,capture.where.layout,Layout,Layout,yes
journal,capture.where.timezone,Timezone,Zeitzone,
journal,capture.picker.title,What happened?,Was ist passiert?,
journal,capture.picker.recentOnPlot,Recent on this plot,Kürzlich auf dieser Parzelle,
journal,capture.picker.commonThisSeason,Common this season,Häufig in dieser Saison,
journal,capture.picker.farmRecent,Recent on this farm,Kürzlich auf diesem Hof,
journal,capture.picker.allOptions,All options,Alle Optionen,
journal,capture.picker.more,More activities,Weitere Aktivitäten,
journal,capture.picker.search,Search activities,Aktivitäten suchen,
journal,capture.picker.searchPlaceholder,Search by name or code,Nach Name oder Code suchen,
journal,capture.picker.browseAll,Browse all,Alle anzeigen,
journal,capture.picker.noResults,No matching activities,Keine passenden Aktivitäten,
journal,capture.picker.unsupported,This activity is not available for the selected layout,Diese Aktivität ist für das ausgewählte Layout nicht verfügbar,
journal,capture.form.title,Activity details,Aktivitätsdetails,
journal,capture.form.detailLevel,Detail level,Detailgrad,
journal,capture.form.quick,Quick,Schnell,
journal,capture.form.full,Full,Vollständig,
journal,capture.form.research,Research,Forschung,
journal,capture.form.layout,Layout,Layout,yes
journal,capture.form.required,Required,Erforderlich,
journal,capture.form.optional,Optional,Optional,yes
journal,capture.form.select,Select an option,Option auswählen,
journal,capture.form.value,Value,Wert,
journal,capture.form.unit,Unit,Einheit,
journal,capture.form.decrease,Decrease,Verringern,
journal,capture.form.increase,Increase,Erhöhen,
journal,capture.form.add,Add another,Weitere hinzufügen,
journal,capture.form.remove,Remove,Entfernen,
journal,capture.form.product,Product,Produkt,
journal,capture.form.derivedNutrients,Calculated from product composition,Berechnet aus der Produktzusammensetzung,
journal,capture.form.noProducts,No active products are available,Keine aktiven Produkte verfügbar,
journal,capture.form.note,Note,Notiz,
journal,capture.form.booleanYes,Yes,Ja,
journal,capture.form.booleanNo,No,Nein,
journal,capture.validation.required,Complete this field,Füllen Sie dieses Feld aus.,
journal,capture.validation.invalidNumber,Enter a valid number,Geben Sie eine gültige Zahl ein.,
journal,capture.validation.minimum,Enter a value of at least {{min}},Geben Sie einen Wert von mindestens {{min}} ein.,
journal,capture.validation.maximum,Enter a value no greater than {{max}},Geben Sie einen Wert von höchstens {{max}} ein.,
journal,capture.validation.incompatibleUnit,This unit cannot be used for this value,Diese Einheit kann für diesen Wert nicht verwendet werden.,
journal,capture.validation.crossBasis,This unit uses a different measurement basis,Diese Einheit verwendet eine andere Messgrundlage.,
journal,capture.validation.invalidDependency,The selected options do not form a valid combination,Die ausgewählten Optionen ergeben keine gültige Kombination.,
journal,capture.validation.invalidDefinition,This journal form is not available,Dieses Journalformular ist nicht verfügbar.,
journal,capture.validation.layoutTemplateMismatch,This detail level is not available for the selected layout,Dieser Detailgrad ist für das ausgewählte Layout nicht verfügbar.,
journal,capture.validation.cropRequired,Enter a crop because no active season covers this plot,"Geben Sie eine Kultur ein, da keine aktive Saison diese Parzelle abdeckt.",
journal,capture.validation.invalidLocalTime,Enter a valid local date and time,Geben Sie ein gültiges lokales Datum und eine gültige Uhrzeit ein.,
journal,capture.validation.invalidTimezone,Select a supported timezone,Wählen Sie eine unterstützte Zeitzone.,
journal,capture.validation.nonexistentLocalTime,This local time does not exist because the clock moves forward,"Diese lokale Uhrzeit existiert nicht, weil die Uhr vorgestellt wird.",
journal,capture.validation.ambiguousLocalTime,This local time occurs twice because the clock moves back,"Diese lokale Uhrzeit tritt zweimal auf, weil die Uhr zurückgestellt wird.",
journal,capture.validation.chooseUtcOffset,Choose which UTC offset applies,"Wählen Sie, welcher UTC-Offset gilt.",
journal,capture.validation.invalidUtcOffset,The selected UTC offset does not match this local time,Der ausgewählte UTC-Offset stimmt nicht mit dieser lokalen Uhrzeit überein.,
journal,capture.carry.prefilled,Copied from the latest compatible entry,Aus dem letzten passenden Eintrag übernommen,
journal,capture.carry.repeatTreatment,Repeat last treatment,Letzte Behandlung wiederholen,
journal,capture.carry.repeatTreatmentDescription,Review the previous treatment before copying its protected fields,"Prüfen Sie die vorherige Behandlung, bevor Sie deren geschützte Felder übernehmen",
journal,capture.carry.sourceDate,Previous date,Vorheriges Datum,
journal,capture.carry.crop,Crop,Kultur,
journal,capture.carry.product,Product,Produkt,
journal,capture.carry.rate,Rate,Aufwandmenge,
journal,capture.carry.useValues,Use these values,Diese Werte verwenden,
journal,capture.carry.dismiss,Do not copy,Nicht übernehmen,
journal,capture.carry.invalidated,"The previous treatment no longer matches this plot, crop, time, season, or layout","Die vorherige Behandlung passt nicht mehr zu dieser Parzelle, Kultur, Zeit, Saison oder zu diesem Layout",
journal,capture.confirm.title,Review before saving,Vor dem Speichern prüfen,
journal,capture.confirm.activity,Activity,Aktivität,
journal,capture.confirm.plot,Plot,Parzelle,
journal,capture.confirm.farmLevel,Whole farm,Ganzer Hof,
journal,capture.confirm.layout,Layout,Layout,yes
journal,capture.confirm.occurrence,When,Wann,
journal,capture.confirm.values,Details,Details,yes
journal,capture.confirm.edit,Edit,Bearbeiten,
journal,capture.confirm.ready,Ready to save,Bereit zum Speichern,
journal,capture.confirm.duplicateTitle,A similar activity already exists,Eine ähnliche Aktivität existiert bereits,
journal,capture.confirm.duplicateBody,Review the existing entry before saving another record,"Prüfen Sie den bestehenden Eintrag, bevor Sie einen weiteren Datensatz speichern",
journal,capture.confirm.openExisting,Open existing,Bestehenden öffnen,
journal,capture.confirm.saveSeparately,Save separately,Separat speichern,
journal,capture.save.saving,Saving…,Wird gespeichert…,
journal,capture.save.draftSavedGateway,Draft saved on farm gateway,Entwurf auf dem Gateway gespeichert,
journal,capture.save.finalSavedGateway,Saved on farm gateway,Auf dem Gateway gespeichert,
journal,capture.save.cloudWaiting,Saved on OSI Server — waiting for farm gateway,Auf OSI Server gespeichert — wartet auf Gateway,
journal,capture.save.notSaved,Not saved,Nicht gespeichert,
journal,capture.save.retry,Try again,Erneut versuchen,
journal,capture.save.lossWarning,Changes are held only in this open screen until the gateway saves them,"Änderungen werden nur in diesem geöffneten Bildschirm gehalten, bis das Gateway sie speichert",
journal,capture.save.leaveWarning,Leaving now will discard changes that the gateway has not saved,"Wenn Sie jetzt verlassen, gehen Änderungen verloren, die das Gateway noch nicht gespeichert hat",
settings,entryPoint,Settings,Einstellungen,
settings,title,Settings,Einstellungen,
settings,backToDashboard,Back to dashboard,Zurück zum Dashboard,
settings,languageTitle,Language,Sprache,
settings,appearanceTitle,Appearance,Darstellung,
settings,theme,Theme,Theme,yes
settings,light,Light,Hell,
settings,dark,Dark,Dunkel,
settings,system,System,System,yes
settings,unitsTitle,Units & Display,Einheiten & Anzeige,
settings,swtUnit,Soil water tension unit,Einheit für Bodenwasserspannung,
settings,kpa,kPa,kPa,yes
settings,pf,pF,pF,yes
settings,swtSample,SWT sample,BWS-Beispiel,
settings,modulesTitle,Modules,Module,
settings,predictionAdvisory,Prediction advisory,Bewässerungsempfehlung,
settings,predictionAdvisoryWarning,"Experimental, do not use for production!","Experimentell, nicht für Produktion verwenden!",
settings,waterCard,Water balance,Wasserbilanz,
settings,irrigationSchedule,Irrigation schedule,Bewässerungsplan,
settings,environmentCard,Environment & weather forecast,Umgebung & Wettervorhersage,
settings,schedulerDisableConfirm,Disable all active irrigation schedules before hiding this module?,"Alle aktiven Bewässerungspläne deaktivieren, bevor dieses Modul ausgeblendet wird?",
settings,schedulerDisableSuccess_one,Disabled {{count}} active schedule.,{{count}} aktiver Plan deaktiviert.,
settings,schedulerDisableSuccess_other,Disabled {{count}} active schedules.,{{count}} aktive Pläne deaktiviert.,
settings,schedulerDisableError,Could not disable irrigation schedules,Bewässerungspläne konnten nicht deaktiviert werden,
settings,dataTitle,Data & Refresh,Daten & Aktualisierung,
settings,autoRefresh,Auto-refresh dashboard,Dashboard automatisch aktualisieren,
settings,on,On,Ein,
settings,off,Off,Aus,
settings,userRequestTitle,User request,Nutzeranfrage,
settings,requestType,Request type,Anfragetyp,
settings,bugFix,Bug fix,Fehlerbehebung,
settings,featureRequest,Feature request,Funktionswunsch,
settings,requestTitle,Title,Titel,
settings,contactEmail,Email address (optional),E-Mail-Adresse (optional),
settings,requestArea,Area,Bereich,
settings,requestImpact,Impact,Auswirkung,
settings,requestDescription,Description,Beschreibung,
settings,requestShareConsent,May be shared publicly without private farm details.,Darf ohne private Betriebsdetails öffentlich geteilt werden.,
settings,requestIncludeDiagnostics,Include diagnostics,Diagnostik einschliessen,
settings,requestSubmit,Save request,Anfrage speichern,
settings,requestSubmitting,Saving...,Speichern...,
settings,requestSaved,"Saved, waiting for internet","Gespeichert, wartet auf Internet",
settings,requestError,Could not save request,Anfrage konnte nicht gespeichert werden,
settings,area_dashboard,Dashboard,Dashboard,yes
settings,area_history,History,Historie,
settings,area_analysis,Analysis,Analyse,
settings,area_watering,Watering,Bewässerung,
settings,area_devices,Devices,Geräte,
settings,area_sync,Sync,Synchronisation,
settings,area_system,System,System,yes
settings,area_other,Other,Andere,
settings,impact_cant_work,Cannot work,Arbeit nicht möglich,
settings,impact_workaround,Workaround available,Workaround vorhanden,
settings,impact_annoying,Annoying,Störend,
settings,impact_idea,Idea,Idee,
support,navLabel,Support & Requests,Support & Anfragen,
support,title,Support & Requests,Support & Anfragen,
support,backToDashboard,Back to dashboard,Zurück zum Dashboard,
support,empty,No requests yet.,Noch keine Anfragen.,
support,form.stepRequest,1. Request text,1. Anfrage,
support,form.stepArea,2. Area and severity,2. Bereich und Schweregrad,
support,form.stepDiagnostics,3. Diagnostics and consent,3. Diagnose und Zustimmung,
support,form.summary,Short title,Kurzer Titel,
support,form.description,What should be improved?,Was soll verbessert werden?,
support,form.contactEmail,Contact email (optional),Kontakt-E-Mail (optional),
support,form.expected,Expected,Erwartet,
support,form.actual,Actual,Tatsächlich,
support,form.steps,Steps,Schritte,
support,form.requestType,Request type,Art der Anfrage,
support,form.area,Area,Bereich,
support,form.severity,Severity,Schweregrad,
support,form.diagnostics,Diagnostics preview,Diagnosevorschau,
support,form.includeDiagnostics,Include safe diagnostics with this request.,Sichere Diagnosedaten mit dieser Anfrage senden.,
support,form.consentPublic,I agree this request may be shared publicly without private farm details.,"Ich bin einverstanden, dass diese Anfrage ohne private Hofdetails öffentlich geteilt werden darf.",
support,form.submit,Save request,Anfrage speichern,
support,form.submitting,Saving...,Speichern...,
support,types.bug,Bug,Fehler,
support,types.improvement,Improvement,Verbesserung,
support,types.feedback,Feedback,Feedback,yes
support,areas.dashboard,Dashboard,Dashboard,yes
support,areas.history,History,Verlauf,
support,areas.analysis,Analysis,Analyse,
support,areas.copy,Text and labels,Texte und Beschriftungen,
support,areas.watering,Watering,Bewässerung,
support,areas.sync,Sync,Synchronisation,
support,areas.devices,Devices,Geräte,
support,areas.system,System,System,yes
support,areas.other,Other,Sonstiges,
support,severity.cant_work,Cannot work,Arbeit nicht möglich,
support,severity.workaround,Workaround available,Umgehung verfügbar,
support,severity.annoying,Annoying,Störend,
support,severity.idea,Idea,Idee,
support,diagnostics.loading,Loading diagnostics...,Diagnosedaten werden geladen...,
support,diagnostics.unavailable,Diagnostics are unavailable right now.,Diagnosedaten sind derzeit nicht verfügbar.,
support,banners.retryable,Could not send right now. The request can be retried.,Konnte jetzt nicht gesendet werden. Die Anfrage kann erneut versucht werden.,
support,status.QUEUED,"Saved, waiting for internet","Gespeichert, wartet auf Internet",
support,status.SUBMITTED,Submitted,Gesendet,
support,status.SYNCED,Synced,Synchronisiert,
support,status.FAILED_RETRYABLE,Retry needed,Erneuter Versuch nötig,
support,status.FAILED_PERMANENT,Could not send,Konnte nicht gesendet werden,
support,status.AWAITING_PUBLISH,Waiting to publish,Wartet auf Veröffentlichung,
support,status.PUBLISHING,Publishing,Wird veröffentlicht,
support,status.PUBLISH_BLOCKED_CONFIG,Publishing blocked,Veröffentlichung blockiert,
support,status.PUBLISH_BLOCKED_SECRET,Publishing blocked,Veröffentlichung blockiert,
support,status.TRIAGED,Being reviewed,In Prüfung,
support,status.BEING_REVIEWED,Being reviewed,Wird geprüft,
support,status.NEEDS_INFO,Needs more information,Mehr Informationen nötig,
support,status.ISSUE_ONLY,Saved as issue,Als Issue gespeichert,
support,status.ISSUE_OPEN,Issue open,Issue offen,
support,status.NOT_PLANNED,Not planned,Nicht geplant,
support,status.RATE_LIMITED,Rate limited,Rate-Limit erreicht,
support,status.RELEASED,Released,Veröffentlicht,
support,status.REJECTED,Rejected,Abgelehnt,
support,status.DUPLICATE,Duplicate,Duplikat,
support,status.DUPLICATE_OF,Duplicate,Duplikat,
support,status.AWAITING_APPROVAL,Awaiting approval,Wartet auf Freigabe,
support,status.AGENT_RUNNING,In progress,In Bearbeitung,
support,status.VERIFYING,Verifying,Wird verifiziert,
support,status.PR_OPEN,In progress,In Bearbeitung,
support,status.IN_REVIEW,In review,Im Review,
support,status.MERGED,Merged,Gemergt,
support,status.CLOSED,Closed,Geschlossen,
support,status.AGENT_FAILED,Needs review,Review nötig,
support,status.UNKNOWN,Status update received,Statusupdate erhalten,
support,myRequests.title,My Requests,Meine Anfragen,
support,myRequests.loadError,Requests could not be loaded.,Anfragen konnten nicht geladen werden.,
support,myRequests.loading,Loading requests...,Anfragen werden geladen...,
support,myRequests.area,Area,Bereich,
support,myRequests.submitted,Submitted,Gesendet,
