namespace,key,english,it,shared_with_english
accountLink,title,Connect to OSI Server,Connetti a OSI Server,
accountLink,navLink,OSI Server,OSI Server,yes
accountLink,backToDashboard,Back to Dashboard,Torna alla Dashboard,
accountLink,status.linked,Account linked to OSI Server,Account collegato a OSI Server,
accountLink,status.notLinked,Not connected to OSI Server,Non connesso a OSI Server,
accountLink,status.linkedAs,Linked as: {{username}},Collegato come: {{username}},
accountLink,status.linkedSince,Since: {{date}},Dal: {{date}},
accountLink,form.serverUrl,OSI Server URL,URL del server OSI,
accountLink,form.actionLabel,Action,Azione,
accountLink,form.actionLogin,Link existing account,Collega account esistente,
accountLink,form.actionRegister,Create new account,Crea nuovo account,
accountLink,form.username,Server Username,Nome utente server,
accountLink,form.email,Email,Email,yes
accountLink,form.password,Password,Password,yes
accountLink,form.submit,Connect to OSI Server,Connetti a OSI Server,
accountLink,form.submitting,Connecting...,Connessione in corso...,
accountLink,form.cancel,Cancel,Annulla,
accountLink,warning.title,Important,Importante,
accountLink,warning.message,"After linking, you must use your OSI Server credentials to log in. OSI OS stores a gateway-specific offline verifier for linked login.","Dopo il collegamento, dovrai utilizzare le tue credenziali OSI Server per accedere. OSI OS memorizza un verificatore offline specifico del gateway per l'accesso collegato.",
accountLink,warning.proceed,Proceed,Procedi,
accountLink,success.title,Successfully Connected,Connesso con successo,
accountLink,success.message,Your account is now linked as {{username}} on OSI Server.,Il tuo account è ora collegato come {{username}} su OSI Server.,
accountLink,success.claimedDevices,Devices claimed on server: {{count}},Dispositivi reclamati sul server: {{count}},
accountLink,success.skippedDevices,Devices skipped (already claimed): {{count}},Dispositivi saltati (già reclamati): {{count}},
accountLink,unlink.button,Disconnect from OSI Server,Disconnetti da OSI Server,
accountLink,unlink.confirm,"Are you sure? After disconnecting, you must use your original local password to log in.","Sei sicuro? Dopo la disconnessione, devi usare la tua password locale originale.",
accountLink,unlink.success,Disconnected from OSI Server,Disconnesso da OSI Server,
accountLink,errors.networkError,Cannot reach OSI Server. Check the URL and your internet connection.,Impossibile raggiungere OSI Server. Controlla l'URL e la connessione Internet.,
accountLink,errors.authFailed,Invalid OSI Server credentials.,Credenziali OSI Server non valide.,
accountLink,errors.generic,An error occurred. Please try again.,Si è verificato un errore. Riprova.,
accountLink,errors.forceSyncFailed,Manual sync failed. Please try again.,Sincronizzazione manuale non riuscita. Riprova.,
accountLink,sync.title,Manual sync,Sincronizzazione manuale,
accountLink,sync.description,Run an immediate recovery sync with OSI Server.,Esegui una sincronizzazione di ripristino immediata con OSI Server.,
accountLink,sync.button,Force sync now,Forza sincronizzazione ora,
accountLink,sync.running,Syncing...,Sincronizzazione in corso...,
accountLink,sync.successTitle,Manual sync completed,Sincronizzazione manuale completata,
accountLink,sync.partialTitle,Manual sync finished with issues,Sincronizzazione manuale completata con problemi,
accountLink,sync.refreshed,Sync token refreshed before sync.,Token di sincronizzazione aggiornato prima della sincronizzazione.,
accountLink,sync.usedCurrentToken,Using current sync token.,Utilizzo del token di sincronizzazione corrente.,
accountLink,sync.bootstrap,"Bootstrap applied: {{applied}}, skipped: {{skipped}}","Bootstrap applicato: {{applied}}, saltato: {{skipped}}",
accountLink,sync.outbox,Outbox delivered: {{delivered}} ({{before}} -> {{after}} pending),Outbox consegnato: {{delivered}} ({{before}} -> {{after}} in sospeso),
accountLink,sync.pending,"Pending commands fetched: {{fetched}}, queued for local apply: {{queued}}","Comandi in sospeso recuperati: {{fetched}}, in coda per l'applicazione locale: {{queued}}",
accountLink,sync.pendingAfterResponse,Local apply continues after this response returns.,L'applicazione locale continua dopo la restituzione di questa risposta.,
accountLink,sync.lastError,Last error from {{source}}: {{message}},Ultimo errore da {{source}}: {{message}},
accountLink,reauth.title,Sync token expired,Token di sincronizzazione scaduto,
accountLink,reauth.description,Re-authenticate with OSI Server to mint a fresh sync token for this gateway.,Autenticati nuovamente con OSI Server per generare un nuovo token di sincronizzazione per questo gateway.,
accountLink,reauth.button,Re-authenticate,Autentica nuovamente,
accountLink,reauth.username,Server Username,Nome utente server,
accountLink,reauth.password,OSI Server Password,Password OSI Server,
accountLink,reauth.submit,Refresh connection,Aggiorna connessione,
accountLink,reauth.running,Refreshing...,Aggiornamento in corso...,
auth,login.title,AgroLink,AgroLink,yes
auth,login.subtitle,Sign in to your account,Accedi al tuo account,
auth,login.username,Username,Nome utente,
auth,login.usernamePlaceholder,Enter your username,Inserisci il nome utente,
auth,login.password,Password,Password,yes
auth,login.passwordPlaceholder,Enter your password,Inserisci la password,
auth,login.signingIn,Signing In...,Accesso in corso...,
auth,login.signIn,Sign In,Accedi,
auth,login.noAccount,Register Account,Registra un account,
auth,login.failed,Login failed. Please check your credentials.,Accesso fallito. Verifica le tue credenziali.,
auth,register.title,Create Account,Crea account,
auth,register.subtitle,Register for AgroLink,Registrati ad AgroLink,
auth,register.username,Username,Nome utente,
auth,register.usernamePlaceholder,Choose a username,Scegli un nome utente,
auth,register.password,Password,Password,yes
auth,register.passwordPlaceholder,Choose a password,Scegli una password,
auth,register.confirmPassword,Confirm Password,Conferma password,
auth,register.confirmPasswordPlaceholder,Re-enter your password,Reinserisci la password,
auth,register.creating,Creating Account...,Creazione account...,
auth,register.submit,Create Account,Crea account,
auth,register.haveAccount,Already have an account? Sign in,Hai già un account? Accedi,
auth,register.failed,Registration failed. Please try again.,Registrazione fallita. Riprova.,
auth,register.passwordMismatch,Passwords do not match,Le password non coincidono,
auth,register.passwordTooShort,Password must be at least 6 characters,La password deve contenere almeno 6 caratteri,
auth,register.successTitle,Success!,Successo!,
auth,register.successMessage,Account created successfully. Redirecting to login...,Account creato con successo. Reindirizzamento al login...,
common,cancel,Cancel,Annulla,
common,loading,Loading...,Caricamento...,
common,delete,Delete,Elimina,
common,na,N/A,N/D,
common,retry,Retry,Riprova,
common,analysis.title,Data analysis,Analisi dei dati,
common,analysis.axis.rename,Rename axis label,Rinomina l'etichetta dell'asse,
common,analysis.backToDashboard,← Back to Dashboard,← Torna alla dashboard,
common,analysis.loadError,Analysis data could not be loaded.,Impossibile caricare i dati di analisi.,
common,analysis.pooled.tooltip,"Correlates all zones' points as one combined dataset, in addition to each zone separately.","Correla i punti di tutte le zone come un unico insieme combinato, oltre a ciascuna zona separatamente.",
common,analysis.empty,Select one or more series to start comparing zones.,Seleziona una o più serie per iniziare a confrontare le zone.,
common,analysis.catalog.loading,Loading available series...,Caricamento delle serie disponibili...,
common,analysis.series.loading,Loading series...,Caricamento delle serie...,
common,analysis.aggregation.label,Aggregation,Aggregazione,
common,analysis.aggregation.raw,Raw,Grezza,
common,analysis.aggregation.fifteenMinute,15 minutes,15 minuti,
common,analysis.aggregation.hourly,Hourly,Oraria,
common,analysis.aggregation.daily,Daily,Giornaliera,
common,analysis.aggregation.weekly,Weekly,Settimanale,
common,analysis.preset.metricLabel,Metric across zones,Metrica tra zone,
common,analysis.tray.label,Analysis series,Serie di analisi,
common,analysis.tray.title,Series,Serie,
common,analysis.tray.search,Search for zones or devices,Cerca zone o dispositivi,
common,analysis.tray.unknownSite,Unknown site,Sito sconosciuto,
common,analysis.tray.reason.unsupported,Unsupported,Non supportato,
common,analysis.tray.reason.available_no_recent_data,No recent data available,Nessun dato recente disponibile,
common,analysis.range.label,Analysis range,Intervallo di analisi,
common,analysis.range.custom,Custom,Personalizzato,
common,analysis.range.from,From,Da,
common,analysis.range.to,To,A,
common,analysis.range.apply,Apply,Applica,
common,analysis.range.invalid,Start must be before end.,L'inizio deve precedere la fine.,
common,analysis.mode.label,Analysis mode,Modalità di analisi,
common,analysis.mode.timeline,Timeline,Cronologia,
common,analysis.mode.correlation,Correlation,Correlazione,
common,analysis.layout.label,Layout,Disposizione,
common,analysis.layout.stacked,Stacked,Impilato,
common,analysis.layout.overlaid,Overlaid,Sovrapposto,
common,analysis.layout.smallMultiples,Small multiples,Piccoli multipli,
common,analysis.toggle.normalize,Normalize,Normalizza,
common,analysis.export.csv,Export CSV,Esporta CSV,
common,analysis.export.png,Export PNG,Esporta PNG,
common,analysis.legend.label,Chart legend,Legenda del grafico,
common,analysis.legend.rename,Rename series,Rinomina serie,
common,analysis.views.title,Saved views,Viste salvate,
common,analysis.views.save,Save view,Salva vista,
common,analysis.views.namePlaceholder,Name this view,Assegna un nome a questa vista,
common,analysis.views.delete,Delete view,Elimina vista,
common,analysis.views.empty,No saved views yet.,Nessuna vista salvata.,
common,analysis.droppedNotice,{{count}} series could not be loaded,{{count}} serie non hanno potuto essere caricate,
common,analysis.correlation.comingSoon,Correlation scatter is planned for the next slice.,Il grafico a dispersione della correlazione è previsto per la prossima fase.,
common,analysis.correlation.needTwoChannels,Add series for at least two different channels to compare them.,Aggiungi serie per almeno due canali diversi per confrontarle.,
common,analysis.correlation.x,X channel,Canale X,
common,analysis.correlation.y,Y channel,Canale Y,
common,analysis.correlation.pooled,Pooled (all zones),Aggregato (tutte le zone),
common,analysis.correlation.zone,Zone,Zona,
common,analysis.correlation.droppedPairs,Dropped,Scartati,
common,analysis.correlation.insufficient,insufficient (n={{n}}),insufficiente (n={{n}}),
common,analysis.correlation.exploratory,Exploratory only — Pearson r over aligned buckets; not a significance test.,Solo esplorativo — r di Pearson su bucket allineati; non è un test di significatività.,
dashboard,title,Dashboard,Dashboard,yes
dashboard,welcome,"Welcome, {{username}}","Benvenuto, {{username}}",
dashboard,add,Add,Aggiungi,
dashboard,addMenu.zone,Add Zone,Aggiungi zona,
dashboard,addMenu.device,Add Device,Aggiungi dispositivo,
dashboard,addMenu.activity,Log activity,Registra attività,
dashboard,data,Data,Dati,
dashboard,account,Account,Account,yes
dashboard,accountMenu.osiServer,OSI Server,OSI Server,yes
dashboard,logout,Logout,Esci,
dashboard,loading,Loading dashboard...,Caricamento dashboard...,
dashboard,failedToLoad,Failed to load data,Caricamento dati fallito,
dashboard,autoRefresh,Auto-refreshing every 10 seconds,Aggiornamento automatico ogni 10 secondi,
dashboard,emptyState.title,Welcome to your farm!,Benvenuto nella tua fattoria!,
dashboard,emptyState.subtitle,Get started by creating a zone and adding devices,Inizia creando una zona e aggiungendo dispositivi,
dashboard,emptyState.createZone,Create Zone,Crea zona,
dashboard,emptyState.addDevice,Add Device,Aggiungi dispositivo,
dashboard,irrigationZones,Zones,Zone,
dashboard,unassignedDevices,Unassigned Devices,Dispositivi non assegnati,
dashboard,unassignedSubtitle,These devices are not assigned to any zone,Questi dispositivi non sono assegnati a nessuna zona,
dashboard,soilSensors,Soil Sensors,Sensori del suolo,
dashboard,smartValves,Smart Valves,Valvole intelligenti,
dashboard,journal,Journal,Diario,
dashboard,tabs.zones,Zones,Zone,
dashboard,tabs.data,Data,Dati,
dashboard,tabs.journal,Journal,Diario,
devices,addModal.title,Add Device,Aggiungi dispositivo,
devices,addModal.deviceType,Device Type,Tipo di dispositivo,
devices,addModal.deviceName,Device Name,Nome dispositivo,
devices,addModal.deviceNamePlaceholder,"e.g., North Field, Main Valve","es. Campo Nord, Valvola principale",
devices,addModal.deveui,DevEUI,DevEUI,yes
devices,addModal.deveuiPlaceholder,16 hex characters,16 caratteri esadecimali,
devices,addModal.deveuiHint,"Enter exactly 16 hexadecimal characters (0-9, A-F)","Inserisci esattamente 16 caratteri esadecimali (0-9, A-F)",
devices,addModal.deveuiInvalid,DevEUI must be exactly 16 hexadecimal characters,Il DevEUI deve contenere esattamente 16 caratteri esadecimali,
devices,addModal.adding,Adding...,Aggiunta in corso...,
devices,addModal.submit,Add Device,Aggiungi dispositivo,
devices,addModal.failed,Failed to add device,Impossibile aggiungere il dispositivo,
devices,assignModal.title,Assign Device to {{zoneName}},Assegna dispositivo a {{zoneName}},
devices,assignModal.selectDevice,Select Device,Seleziona dispositivo,
devices,assignModal.selectPlaceholder,-- Select a device --,-- Seleziona un dispositivo --,
devices,assignModal.noDevicesTitle,No unassigned devices,Nessun dispositivo non assegnato,
devices,assignModal.noDevicesSubtitle,All your devices are already assigned to zones. Add more devices or remove them from other zones first.,Tutti i dispositivi sono già assegnati a zone. Aggiungi altri dispositivi o rimuovili da altre zone.,
devices,assignModal.assigning,Assigning...,Assegnazione in corso...,
devices,assignModal.submit,Assign Device,Assegna dispositivo,
devices,assignModal.pleaseSelect,Please select a device,Seleziona un dispositivo,
devices,assignModal.failed,Failed to assign device,Impossibile assegnare il dispositivo,
devices,createZoneModal.title,Create Zone,Crea zona,
devices,createZoneModal.zoneName,Zone Name,Nome zona,
devices,createZoneModal.zoneNamePlaceholder,"e.g., Garden A, North Field, Orchard 1","es. Giardino A, Campo Nord, Frutteto 1",
devices,createZoneModal.zoneNameRequired,Zone name is required,Il nome della zona è obbligatorio,
devices,createZoneModal.creating,Creating...,Creazione in corso...,
devices,createZoneModal.submit,Create Zone,Crea zona,
devices,createZoneModal.failed,Failed to create zone,Impossibile creare la zona,
devices,kiwiSensor.badge,KIWI SENSOR,SENSORE KIWI,
devices,kiwiSensor.tooDry,TOO DRY!,TROPPO SECCO!,
devices,kiwiSensor.soilNeedsWater,Soil needs watering,Il suolo ha bisogno di irrigazione,
devices,kiwiSensor.removeConfirm,Remove this device?,Rimuovere questo dispositivo?,
devices,kiwiSensor.removeSubtitle,This will unlink the device from your account.,Il dispositivo verrà scollegato dal tuo account.,
devices,kiwiSensor.yesRemove,"Yes, Remove","Sì, rimuovi",
devices,kiwiSensor.removing,Removing...,Rimozione in corso...,
devices,kiwiSensor.failedToRemove,Failed to remove device,Impossibile rimuovere il dispositivo,
devices,kiwiSensor.soilWaterTension1,SOIL WATER TENSION 1,TENSIONE IDRICA DEL SUOLO 1,
devices,kiwiSensor.soilWaterTension2,SOIL WATER TENSION 2,TENSIONE IDRICA DEL SUOLO 2,
devices,kiwiSensor.lightIntensity,LIGHT INTENSITY,INTENSITÀ LUMINOSA,
devices,kiwiSensor.ambientTemperature,AMBIENT TEMPERATURE,TEMPERATURA AMBIENTE,
devices,kiwiSensor.relativeHumidity,RELATIVE HUMIDITY,UMIDITÀ RELATIVA,
devices,kiwiSensor.lastSeen,Last seen: {{minutes}} minutes ago,Ultimo rilevamento: {{minutes}} minuti fa,
devices,kiwiSensor.neverSeen,Never seen,Mai rilevato,
devices,kiwiSensor.settings,SETTINGS,IMPOSTAZIONI,
devices,kiwiSensor.intervalLabel,Desired interval (minutes),Intervallo desiderato (minuti),
devices,kiwiSensor.intervalPlaceholder,e.g. 15,es. 15,
devices,kiwiSensor.intervalNote,Kiwi interval changes use LoRaWAN FPort 100. Enter whole minutes between 1 and 1440.,Le modifiche dell'intervallo Kiwi utilizzano LoRaWAN FPort 100. Inserisci un numero intero di minuti tra 1 e 1440.,
devices,kiwiSensor.invalidInterval,Enter a whole number of minutes between 1 and 1440.,Inserisci un numero intero di minuti tra 1 e 1440.,
devices,kiwiSensor.applyInterval,Apply interval,Applica intervallo,
devices,kiwiSensor.applyingInterval,Applying interval...,Applicazione intervallo in corso...,
devices,kiwiSensor.intervalPending,Uplink interval change requested for {{minutes}} minute(s).,Richiesta di modifica dell'intervallo di uplink per {{minutes}} minuto/i.,
devices,kiwiSensor.failedToSetInterval,Failed to change Kiwi uplink interval,Impossibile modificare l'intervallo di uplink Kiwi,
devices,kiwiSensor.enableTempHumidityTitle,AMBIENT TEMPERATURE + HUMIDITY,TEMPERATURA AMBIENTE + UMIDITÀ,
devices,kiwiSensor.enableTempHumidityNote,Enable ambient temperature and humidity reporting using the interval entered above.,Abilita la segnalazione di temperatura ambiente e umidità utilizzando l'intervallo inserito sopra.,
devices,kiwiSensor.enableTempHumidity,Enable temperature + humidity,Abilita temperatura + umidità,
devices,kiwiSensor.enablingTempHumidity,Enabling temperature + humidity...,Abilitazione di temperatura + umidità in corso...,
devices,kiwiSensor.enableTempHumidityPending,Ambient temperature and humidity reporting requested. The command uses a {{minutes}} minute interval.,Segnalazione di temperatura ambiente e umidità richiesta. Il comando utilizza un intervallo di {{minutes}} minuti.,
devices,kiwiSensor.failedToEnableTempHumidity,Failed to enable Kiwi temperature and humidity,Impossibile abilitare la temperatura e l'umidità Kiwi,
devices,kiwiSensor.enableTempHumidityRequiresInterval,Enter a whole number of minutes between 1 and 1440 before enabling ambient temperature and humidity.,Inserisci un numero intero di minuti tra 1 e 1440 prima di abilitare la temperatura ambiente e l'umidità.,
devices,stregaValve.badge,STREGA VALVE,VALVOLA STREGA,
devices,stregaValve.status,STATUS,STATO,
devices,stregaValve.open,OPEN,APERTA,
devices,stregaValve.closed,CLOSED,CHIUSA,
devices,stregaValve.target,Target: {{state}},Obiettivo: {{state}},
devices,stregaValve.opening,Opening...,Apertura in corso...,
devices,stregaValve.closing,Closing...,Chiusura in corso...,
devices,stregaValve.removeConfirm,Remove this device?,Rimuovere questo dispositivo?,
devices,stregaValve.removeSubtitle,This will unlink the device from your account.,Il dispositivo verrà scollegato dal tuo account.,
devices,stregaValve.yesRemove,"Yes, Remove","Sì, rimuovi",
devices,stregaValve.removing,Removing...,Rimozione in corso...,
devices,stregaValve.failedToRemove,Failed to remove device,Impossibile rimuovere il dispositivo,
devices,stregaValve.lastSeen,Last seen: {{minutes}} minutes ago,Ultimo rilevamento: {{minutes}} minuti fa,
devices,stregaValve.neverSeen,Never seen,Mai rilevato,
devices,stregaValve.settings,SETTINGS,IMPOSTAZIONI,
devices,stregaValve.intervalLabel,Closed-box interval (minutes),Intervallo a scatola chiusa (minuti),
devices,stregaValve.intervalPlaceholder,e.g. 10,es. 10,
devices,stregaValve.intervalNote,OSI sets the normal closed-box interval on FPort 11. The opened interval stays fixed at 2 minutes and tamper remains enabled.,OSI imposta l'intervallo normale a scatola chiusa sulla FPort 11. L'intervallo a scatola aperta rimane fisso a 2 minuti e il rilevamento manomissioni resta attivo.,
devices,stregaValve.invalidInterval,Enter a whole number of minutes between 1 and 255.,Inserisci un numero intero di minuti tra 1 e 255.,
devices,stregaValve.applyInterval,Apply interval,Applica intervallo,
devices,stregaValve.applyingInterval,Applying interval...,Applicazione intervallo in corso...,
devices,stregaValve.intervalPending,Closed-box uplink interval change requested for {{minutes}} minute(s). The opened interval stays at 2 minutes.,Richiesta di modifica dell'intervallo di uplink a scatola chiusa per {{minutes}} minuto/i. L'intervallo a scatola aperta resta a 2 minuti.,
devices,stregaValve.failedToSetInterval,Failed to change Strega uplink interval,Impossibile modificare l'intervallo di uplink Strega,
devices,stregaValve.actuationFeedback.closed,Closed,Chiusa,
devices,stregaValve.actuationFeedback.closedAt,Closed at {{time}},Chiusa alle {{time}},
devices,stregaValve.actuationFeedback.open,OPEN,APERTA,
devices,stregaValve.actuationFeedback.openClosesAt,OPEN — closes at {{time}},APERTA — chiude alle {{time}},
devices,stregaValve.actuationFeedback.openQueued,Open queued,Apertura in coda,
devices,stregaValve.actuationFeedback.waitingForUplink,waiting for valve uplink (≈ {{minutes}} min),in attesa dell'uplink della valvola (≈ {{minutes}} min),
devices,zone.deviceCount_one,{{count}} device,{{count}} dispositivo,
devices,zone.deviceCount_other,{{count}} devices,{{count}} dispositivi,
devices,zone.assignDevice,+ Device,+ Dispositivo,
devices,zone.deleteZone,Delete,Elimina,
devices,zone.deleteConfirm,Delete this zone?,Eliminare questa zona?,
devices,zone.deleteSubtitle,All devices will be unassigned from this zone. This action cannot be undone.,Tutti i dispositivi verranno rimossi dalla zona. Questa azione non può essere annullata.,
devices,zone.yesDelete,"Yes, Delete","Sì, elimina",
devices,zone.deleting,Deleting...,Eliminazione in corso...,
devices,zone.failedToDelete,Failed to delete zone,Impossibile eliminare la zona,
devices,zone.failedToRemoveDevice,Failed to remove device from zone,Impossibile rimuovere il dispositivo dalla zona,
devices,zone.noDevices,No devices in this zone yet,Nessun dispositivo in questa zona,
devices,zone.assignFirst,Assign First Device,Assegna il primo dispositivo,
devices,zone.devicesInZone,Devices in this zone:,Dispositivi in questa zona:,
devices,zone.data,Data,Dati,
devices,zone.export.title,Data export,Esporta dati,
devices,zone.export.selectRange,Pick a date range to download zone data.,Scegli un intervallo di date per scaricare i dati della zona.,
devices,zone.export.from,From,Da,
devices,zone.export.to,To,A,
devices,zone.export.granularity,Granularity,Granularità,
devices,zone.export.raw,Raw,Grezzi,
devices,zone.export.hourly,Hourly,Orario,
devices,zone.export.daily,Daily,Giornaliero,
devices,zone.export.download,Download CSV,Scarica CSV,
devices,zone.export.downloading,Preparing...,Preparazione...,
devices,zone.export.rangeSummary,{{from}} to {{to}},{{from}} a {{to}},
devices,zone.export.error,Export failed,Esportazione non riuscita,
devices,zone.export.tooLarge,Range too large. Choose a coarser granularity.,Intervallo troppo grande. Scegli una granularità più ampia.,
devices,zone.export.fullExport,Full export,Esportazione completa,
devices,schedule.irrigationSchedule,Irrigation Schedule,Programma di irrigazione,
devices,schedule.triggerMetric,Trigger Metric,Metrica di attivazione,
devices,schedule.soilWaterTension1,Soil Water Tension 1,Tensione idrica del suolo 1,
devices,schedule.soilWaterTension2,Soil Water Tension 2,Tensione idrica del suolo 2,
devices,schedule.average,Average (WM1 + WM2),Media (WM1 + WM2),
devices,schedule.thresholdKpa,Threshold (kPa),Soglia (kPa),
devices,schedule.duration,Irrigation duration (min),Durata irrigazione (min),
devices,schedule.enabled,Enabled,Attivo,
devices,schedule.on,On,Sì,
devices,schedule.off,Off,No,
devices,schedule.loadingSchedule,Loading schedule...,Caricamento programma...,
devices,schedule.loadFailed,Failed to load schedule,Caricamento programma fallito,
devices,schedule.saving,Saving...,Salvataggio in corso...,
devices,schedule.saveSchedule,Save schedule,Salva programma,
devices,schedule.saveFailed,Failed to save schedule,Salvataggio programma fallito,
devices,schedule.reload,Reload,Ricarica,
devices,schedule.reloadFailed,Failed to reload schedule,Ricaricamento programma fallito,
devices,schedule.saved,Saved.,Salvato.,
devices,schedule.triggerHint,"Trigger if {{metric}} ≥ {{threshold}} kPa (once/day, 06:00).","Attiva se {{metric}} ≥ {{threshold}} kPa (una volta/giorno, 06:00).",
devices,environment.sectionTitle,Environment & weather forecast,Ambiente e previsioni meteo,
devices,environment.tabs.local,Local,Locale,
devices,environment.tabs.online,Online,Online,yes
devices,environment.tabs.agronomic,Agronomic,Agronomico,
devices,environment.tabs.forecast,Forecast,Previsioni,
devices,environment.source.openagri,OpenAgri,OpenAgri,yes
devices,environment.source.open_meteo,Open-Meteo,Open-Meteo,yes
devices,environment.source.local,Local sensors,Sensori locali,
devices,environment.source.unavailable,Unavailable,Non disponibile,
devices,environment.cache.live,Live,In tempo reale,
devices,environment.cache.stale,Stale,Non aggiornato,
devices,environment.cache.miss,No data,Nessun dato,
devices,environment.location.zone,Zone coordinates,Coordinate zona,
devices,environment.location.gateway,Gateway GPS,GPS gateway,
devices,environment.location.unavailable,No location set,Nessuna posizione,
devices,environment.local.freshSensors,{{count}} fresh,{{count}} recente,
devices,environment.local.staleSensors_one,{{count}} stale,{{count}} non aggiornato,
devices,environment.local.staleSensors_other,{{count}} stale,{{count}} non aggiornati,
devices,environment.local.perDevice,Per-device readings,Letture per dispositivo,
devices,environment.local.noData,No local sensor data available,Nessun dato sensore locale disponibile,
devices,environment.local.observedAt,Observed {{time}},Osservato {{time}},
devices,environment.online.unavailable,No online weather available for this zone,Nessun dato meteo online per questa zona,
devices,environment.online.noLocation,Set zone coordinates to enable online weather,Imposta le coordinate della zona per abilitare il meteo online,
devices,environment.online.updatesAt,Updates at {{time}},Aggiornamento alle {{time}},
devices,environment.agronomic.vpd,VPD,VPD,yes
devices,environment.agronomic.dewPoint,Dew point,Punto di rugiada,
devices,environment.agronomic.heatIndex,Heat index,Indice di calore,
devices,environment.agronomic.thi,THI,THI,yes
devices,environment.agronomic.et0,Reference ET₀,ET₀ riferimento,
devices,environment.agronomic.kc,Crop coeff. Kc,Coeff. coltura Kc,
devices,environment.agronomic.etc,Crop ET,ET coltura,
devices,environment.agronomic.noData,No agronomic data available,Nessun dato agronomico disponibile,
devices,environment.agronomic.fromSource,from {{source}},da {{source}},
devices,environment.forecast.next24h,Next 24 h,Prossime 24 h,
devices,environment.forecast.next72h,Next 72 h,Prossime 72 h,
devices,environment.forecast.nextRain,Next rain,Prossima pioggia,
devices,environment.forecast.rainHours,Rain hours,Ore di pioggia,
devices,environment.forecast.maxHourly,Peak hourly,Max. orario,
devices,environment.forecast.today,today,oggi,
devices,environment.forecast.tomorrow,tomorrow,domani,
devices,environment.forecast.noData,No forecast available,Previsioni non disponibili,
devices,environment.forecast.noLocation,Set zone coordinates to enable forecast,Imposta le coordinate della zona per abilitare le previsioni,
devices,environment.forecast.hourlyTitle,Hourly rain (next 24 h),Pioggia oraria (prossime 24 h),
devices,environment.forecast.unavailable,Unavailable,Non disponibile,
devices,environment.metrics.air_temperature_c,Air Temp,Temp. aria,
devices,environment.metrics.relative_humidity_pct,Humidity,Umidità,
devices,environment.metrics.probe_temperature_c,Probe Temp,Temp. sonda,
devices,environment.metrics.pressure_hpa,Pressure,Pressione,
devices,environment.metrics.wind_speed_mps,Wind,Vento,
devices,environment.metrics.wind_direction_deg,Wind Dir,Dir. vento,
devices,environment.metrics.rainfall_mm,Rainfall,Pioggia,
devices,environment.metrics.light_lux,Light,Luce,
devices,environment.metrics.uv_index,UV Index,Indice UV,
devices,environment.metrics.soil_temperature_c,Soil Temp,Temp. suolo,
devices,environment.metrics.soil_moisture_pct,Soil Moisture,Umidità suolo,
devices,irrigationOutcomes.title,Recent irrigations,Irrigazioni recenti,
devices,irrigationOutcomes.updated,updated,aggiornato,
devices,irrigationOutcomes.loading,Loading recent actuations…,Caricamento attivazioni recenti…,
devices,irrigationOutcomes.error,Failed to load recent actuations,Impossibile caricare le attivazioni recenti,
devices,irrigationOutcomes.empty,No recent irrigations recorded yet.,Nessuna irrigazione recente registrata.,
devices,irrigationOutcomes.zoneUnknown,Zone ?,Zona ?,
devices,irrigationOutcomes.duration,Duration,Durata,
devices,irrigationOutcomes.totalVolume,Total volume: {{liters}},Volume totale: {{liters}},
devices,irrigationOutcomes.irrigated,Irrigated: {{depth}},Irrigato: {{depth}},
devices,irrigationOutcomes.timestampTitle,{{label}}: {{absolute}} ({{relative}}),{{label}}: {{absolute}} ({{relative}}),yes
devices,irrigationOutcomes.settings,Recent irrigations settings,Impostazioni irrigazioni recenti,
devices,irrigationOutcomes.advancedView,Advanced view,Vista avanzata,
devices,irrigationOutcomes.commanded,Commanded,Comandato,
devices,irrigationOutcomes.observedOpen,Confirmed open,Apertura confermata,
devices,irrigationOutcomes.observedClose,Confirmed close,Chiusura confermata,
devices,irrigationOutcomes.status.PENDING_OPEN,Pending open,Apertura in sospeso,
devices,irrigationOutcomes.status.RUNNING,Running,In esecuzione,
devices,irrigationOutcomes.status.COMPLETED,Completed,Completato,
devices,irrigationOutcomes.status.CANCELLED,Cancelled,Annullato,
devices,irrigationOutcomes.status.COMMAND_FAILED,Command failed,Comando fallito,
devices,irrigationOutcomes.status.OPEN_TIMEOUT,Open timeout,Timeout apertura,
devices,irrigationOutcomes.status.CLOSE_TIMEOUT,Close timeout,Timeout chiusura,
devices,irrigationOutcomes.status.UNKNOWN,Unknown,Sconosciuto,
history,history.nav.history,History,Cronologia,
history,history.nav.legacyDashboard,Legacy dashboard,Dashboard legacy,
history,history.nav.logout,Logout,Esci,
history,history.shell.title,History,Cronologia,
history,history.shell.subtitle,Local gateway history for {{username}},Cronologia locale del gateway per {{username}},
history,history.shell.loadingLocalCards,Loading local history cards...,Caricamento schede storiche locali...,
history,history.shell.unavailableTitle,History is unavailable,La cronologia non è disponibile,
history,history.shell.unavailableBody,Runtime feature flags keep the new history shell off until the local gateway enables it.,I feature flag di runtime mantengono disattivata la nuova shell della cronologia finché il gateway locale non la abilita.,
history,history.shell.featureFlagFailed,The feature flag request failed. The legacy dashboard is still available.,La richiesta del feature flag non è riuscita. La dashboard legacy è ancora disponibile.,
history,history.shell.zonesFailedTitle,History zones failed to load,Impossibile caricare le zone della cronologia,
history,history.shell.noZonesTitle,No zones yet,Nessuna zona ancora presente,
history,history.shell.noZonesBody,Create a zone from the legacy dashboard before opening thematic history.,Crea una zona dalla dashboard legacy prima di aprire la cronologia tematica.,
history,history.shell.cardsFailed,History cards failed to load.,Impossibile caricare le schede storiche.,
history,history.shell.retryCards,Retry cards,Riprova schede,
history,history.export.open,Export,Esporta,
history,history.export.title,Export data,Esporta dati,
history,history.desktop.railLabel,Cards,Schede,
history,history.desktop.toolbarTitle,Toolbar,Barra strumenti,
history,history.desktop.modeLabel,Desktop mode,Modalità desktop,
history,history.desktop.modeFocus,Focus,Focus,yes
history,history.desktop.modeCompare,Compare,Confronta,
history,history.desktop.viewSelectorLabel,Card view,Vista scheda,
history,history.desktop.compareViewSelectorLabel,Compare view,Vista confronto,
history,history.desktop.sourceSelectorLabel,Sources,Fonti,
history,history.desktop.rangeOverviewLabel,Time range overview,Panoramica intervallo temporale,
history,history.desktop.chartSurfaceLabel,"History chart, use arrow keys to pan and plus or minus to zoom","Grafico storico, usa le frecce per spostarti e più o meno per zoomare",
history,history.desktop.zoomIn,Zoom in,Ingrandisci,
history,history.desktop.zoomOut,Zoom out,Riduci,
history,history.desktop.resetZoom,Reset zoom,Reimposta zoom,
history,history.desktop.maxPanels,Up to {{count}} comparison panels,Fino a {{count}} pannelli di confronto,
history,history.desktop.singleMode,Single,Singolo,
history,history.desktop.comparisonMode,Comparison,Confronto,
history,history.desktop.addPanel,Add panel {{title}},Aggiungi pannello {{title}},
history,history.desktop.removePanel,Remove panel,Rimuovi pannello,
history,history.desktop.panelLimitWarning,Only {{count}} comparison panels can be shown on this edge gateway.,Su questo gateway edge possono essere mostrati solo {{count}} pannelli di confronto.,
history,history.desktop.selectedTimestampNone,No timestamp selected,Nessun timestamp selezionato,
history,history.desktop.selectedTimestamp,Selected timestamp: {{timestamp}},Timestamp selezionato: {{timestamp}},
history,history.desktop.inspectorTitle,Inspector,Ispettore,
history,history.desktop.inspectorPlaceholder,"Select a timestamp or calendar cell to see interpretation, events, data quality, and advanced metadata.","Seleziona un timestamp o una cella del calendario per vedere interpretazione, eventi, qualità dei dati e metadati avanzati.",
history,history.mobile.zoneLabel,Zone,Zona,
history,history.mobile.actions,History actions,Azioni della cronologia,
history,history.mobile.openActions,Open history actions,Apri le azioni della cronologia,
history,history.overview.empty,No history cards are available for this zone yet.,Nessuna scheda storica è ancora disponibile per questa zona.,
history,history.overview.openCard,Open {{title}} history,Apri la cronologia di {{title}},
history,history.overview.cardTypeLabel,{{cardType}} card,Scheda {{cardType}},
history,history.overview.pinCard,Pin card,Fissa scheda,
history,history.overview.unpinCard,Unpin card,Rimuovi fissaggio scheda,
history,history.overview.pinCardForTitle,Pin {{title}} card,Fissa la scheda {{title}},
history,history.overview.unpinCardForTitle,Unpin {{title}} card,Rimuovi il fissaggio della scheda {{title}},
history,history.overview.pinned,Pinned,Fissata,
history,history.overview.alert,Attention,Attenzione,
history,history.detail.backToHistory,Back to history,Torna alla cronologia,
history,history.detail.invalidRouteTitle,History card not available,Scheda storica non disponibile,
history,history.detail.invalidRouteBody,Return to History and choose an available card.,Torna alla Cronologia e scegli una scheda disponibile.,
history,history.detail.loading,Loading history card...,Caricamento scheda storica...,
history,history.detail.notFoundTitle,History card not available,Scheda storica non disponibile,
history,history.detail.notFoundBody,Return to History and choose an available card.,Torna alla Cronologia e scegli una scheda disponibile.,
history,history.detail.controlsPlaceholder,Date range,Intervallo di date,
history,history.detail.inspectorPlaceholder,Inspector,Ispettore,
history,history.detail.rangeControlLabel,Date range,Intervallo di date,
history,history.detail.viewControlLabel,View,Vista,
history,history.detail.visualizationLabel,History visualization,Visualizzazione storica,
history,history.detail.visualizationHelp,"Drag to pan, pinch to zoom, double tap to reset, or long press to inspect.","Trascina per spostarti, pizzica per zoomare, tocca due volte per reimpostare o tieni premuto per ispezionare.",
history,history.rangeShort.12h,12h,12h,yes
history,history.rangeShort.24h,24h,24h,yes
history,history.rangeShort.7d,7D,7G,
history,history.rangeShort.30d,30D,30G,
history,history.rangeShort.season,Season,Stagione,
history,history.rangeShort.custom,Custom,Personalizzato,
history,history.sidebar.zones,Zones,Zone,
history,history.sidebar.pinnedCards,Pinned cards,Schede fissate,
history,history.sidebar.availableCards,Available cards,Schede disponibili,
history,history.sidebar.savedWorkspaces,Saved workspaces,Aree di lavoro salvate,
history,history.sidebar.workspaceDisabled,Workspace saving is not enabled on this slice.,Il salvataggio delle aree di lavoro non è abilitato in questa versione.,
history,history.sidebar.workspaceName,Workspace name,Nome area di lavoro,
history,history.sidebar.saveWorkspace,Save workspace,Salva area di lavoro,
history,history.sidebar.updateWorkspace,Update workspace,Aggiorna area di lavoro,
history,history.sidebar.loadWorkspace,Load {{name}},Carica {{name}},
history,history.sidebar.deleteWorkspace,Delete {{name}},Elimina {{name}},
history,history.sidebar.defaultWorkspaceName,Local workspace,Area di lavoro locale,
history,history.sidebar.pinCard,Pin,Fissa,
history,history.sidebar.unpinCard,Unpin,Rimuovi fissaggio,
history,history.sidebar.none,None,Nessuna,
history,history.carousel.empty,No history cards are available for this zone yet.,Nessuna scheda storica è ancora disponibile per questa zona.,
history,history.carousel.ariaLabel,History card carousel,Carosello delle schede storiche,
history,history.carousel.cardAriaLabel,{{title}} card,Scheda {{title}},
history,history.carousel.cardTypeLabel,{{cardType}} card,Scheda {{cardType}},
history,history.carousel.pinned,Pinned,Fissata,
history,history.cardFrame.emptyTitle,Select a history card,Seleziona una scheda storica,
history,history.cardFrame.emptyBody,Choose a zone and thematic card to inspect local history.,Scegli una zona e una scheda tematica per esaminare la cronologia locale.,
history,history.cardFrame.typeHistory,{{cardType}} history,Cronologia {{cardType}},
history,history.cardFrame.viewModes,{{title}} view modes,Modalità di visualizzazione {{title}},
history,history.cardFrame.unavailable,This card is not available for the selected zone.,Questa scheda non è disponibile per la zona selezionata.,
history,history.cardFrame.timelineBrush,Timeline viewport,Finestra della timeline,
history,history.cardFrame.timelineBrushKeyboardHelp,"Use arrow keys to pan, plus or minus to zoom, and Home or Enter to reset.","Usa le frecce per spostarti, più o meno per zoomare, e Home o Invio per reimpostare.",
history,history.cardFrame.aggregationBadge,Aggregation: {{aggregation}},Aggregazione: {{aggregation}},
history,history.cardFrame.placeholderBody,Chart and calendar data will load here when card data APIs are enabled.,I dati del grafico e del calendario verranno caricati qui quando le API dei dati della scheda saranno abilitate.,
history,history.cardFrame.cardDataLoading,Loading card data...,Caricamento dati della scheda...,
history,history.cardFrame.cardDataError,Card data failed to load: {{message}},Impossibile caricare i dati della scheda: {{message}},
history,history.cardFrame.cardDataUnknownError,Unknown error,Errore sconosciuto,
history,history.workspace.unavailablePanel,Unavailable panel,Pannello non disponibile,
history,history.workspace.repairPanel,Remove unavailable panel,Rimuovi pannello non disponibile,
history,history.dendroTimeline.title,Growth timeline,Timeline di crescita,
history,history.dendroTimeline.emptyTitle,No dendrometer timeline data,Nessun dato della timeline del dendrometro,
history,history.dendroTimeline.emptyBody,Dendrometer readings will appear here when history data is available.,Le letture del dendrometro appariranno qui quando saranno disponibili dati storici.,
history,history.dendroTimeline.eventsTitle,Timeline events,Eventi della timeline,
history,history.dendroTimeline.eventFallback,Dendrometer event,Evento del dendrometro,
history,history.dendroTimeline.noEvents,No events in this range,Nessun evento in questo intervallo,
history,history.dendroTimeline.pointsCount,{{count}} readings,{{count}} letture,
history,history.dendroTimeline.series.stemChange,Stem change,Variazione del fusto,
history,history.dendroTimeline.series.growth,Growth,Crescita,
history,history.dendroTimeline.series.shrinkage,Shrinkage,Contrazione,
history,history.dendroTimeline.series.dendrometer,Dendrometer,Dendrometro,
history,history.environmentLineChart.title,Environment trend,Andamento ambientale,
history,history.environmentLineChart.emptyTitle,No environment trend data,Nessun dato sull'andamento ambientale,
history,history.environmentLineChart.emptyBody,Environment readings will appear here when history data is available.,Le letture ambientali appariranno qui quando saranno disponibili dati storici.,
history,history.environmentLineChart.pointsCount,{{count}} readings,{{count}} letture,
history,history.environmentLineChart.axisLabel,{{unit}} axis,Asse {{unit}},
history,history.environmentLineChart.axisNoUnit,Unitless axis,Asse senza unità,
history,history.environmentLineChart.series.airTemperature,Air temperature,Temperatura dell'aria,
history,history.environmentLineChart.series.humidity,Relative humidity,Umidità relativa,
history,history.environmentLineChart.series.rain,Rain,Pioggia,
history,history.environmentLineChart.series.light,Light,Luce,
history,history.environmentLineChart.series.pressure,Pressure,Pressione,
history,history.environmentLineChart.series.wind,Wind,Vento,
history,history.environmentLineChart.series.uv,UV index,Indice UV,
history,history.environmentLineChart.series.environment,Environment,Ambiente,
history,history.dailyMinMax.title,Daily Min/Max,Min/Max giornaliero,
history,history.dailyMinMax.emptyTitle,No daily min/max data,Nessun dato min/max giornaliero,
history,history.dailyMinMax.emptyBody,Daily minimum and maximum readings are not available for this range.,Le letture minime e massime giornaliere non sono disponibili per questo intervallo.,
history,history.dailyMinMax.pointsCount,{{count}} days,{{count}} giorni,
history,history.dailyMinMax.axisLabel,{{unit}},{{unit}},yes
history,history.dailyMinMax.axisNoUnit,Value,Valore,
history,history.dailyMinMax.tooltipMin,Min,Min,yes
history,history.dailyMinMax.tooltipMax,Max,Max,yes
history,history.dailyMinMax.tooltipMean,Mean,Media,
history,history.dailyMinMax.series.airTemperature,Air temperature,Temperatura dell'aria,
history,history.dailyMinMax.series.environment,Environment,Ambiente,
history,history.gatewayStatus.title,Gateway status overview,Panoramica stato gateway,
history,history.gatewayStatus.emptyTitle,Limited gateway status data,Dati limitati sullo stato del gateway,
history,history.gatewayStatus.emptyBody,Gateway status details will appear here as the hub reports them.,I dettagli sullo stato del gateway appariranno qui non appena l'hub li segnala.,
history,history.gatewayStatus.lastSeen,Last seen,Ultimo rilevamento,
history,history.gatewayStatus.dataAsOf,Data as of,Dati aggiornati al,
history,history.gatewayStatus.syncState,Sync state,Stato di sincronizzazione,
history,history.gatewayStatus.eventsTitle,Recent gateway events,Eventi recenti del gateway,
history,history.gatewayStatus.noEvents,No gateway events in this range.,Nessun evento del gateway in questo intervallo.,
history,history.gatewayStatus.eventFallback,Gateway event,Evento del gateway,
history,history.gatewayStatus.status.ok,OK,OK,yes
history,history.gatewayStatus.status.online,Online,Online,yes
history,history.gatewayStatus.status.offline,Offline,Offline,yes
history,history.gatewayStatus.status.connected,Connected,Connesso,
history,history.gatewayStatus.status.disconnected,Disconnected,Disconnesso,
history,history.gatewayStatus.status.degraded,Degraded,Degradato,
history,history.gatewayStatus.status.stale,Stale,Non aggiornato,
history,history.gatewayStatus.status.charging,Charging,In carica,
history,history.gatewayStatus.category.connectivity,Connectivity,Connettività,
history,history.gatewayStatus.category.storage,Storage,Archiviazione,
history,history.gatewayStatus.category.system,System,Sistema,
history,history.gatewayStatus.metric.signal,Signal,Segnale,
history,history.gatewayStatus.metric.storage,Storage use,Utilizzo archiviazione,
history,history.gatewayStatus.metric.memory,Memory use,Utilizzo memoria,
history,history.gatewayStatus.metric.cpu,CPU,CPU,yes
history,history.gatewayStatus.metric.temperature,Temperature,Temperatura,
history,history.gatewayStatus.value.unavailable,Not reported,Non segnalato,
history,history.irrigationTimeline.title,Irrigation event timeline,Timeline degli eventi di irrigazione,
history,history.irrigationTimeline.emptyTitle,No irrigation events,Nessun evento di irrigazione,
history,history.irrigationTimeline.emptyBody,Irrigation actions and response windows will appear here when history data is available.,Le azioni di irrigazione e le finestre di risposta appariranno qui quando saranno disponibili dati storici.,
history,history.irrigationTimeline.eventsCount,{{count}} events,{{count}} eventi,
history,history.irrigationTimeline.eventLabel.irrigation,Irrigation event,Evento di irrigazione,
history,history.irrigationTimeline.eventLabel.scheduled,Scheduled irrigation,Irrigazione programmata,
history,history.irrigationTimeline.eventLabel.manualOverride,Manual override,Sovrascrittura manuale,
history,history.irrigationTimeline.eventLabel.possibleIneffective,Possible ineffective irrigation,Possibile irrigazione inefficace,
history,history.irrigationTimeline.eventLabel.responseWindow,Response window,Finestra di risposta,
history,history.irrigationTimeline.detail.duration,Duration: {{value}},Durata: {{value}},
history,history.irrigationTimeline.detail.responseWindow,Response window: {{value}},Finestra di risposta: {{value}},
history,history.irrigationTimeline.detail.observedResponse,Observed response: {{value}},Risposta osservata: {{value}},
history,history.irrigationTimeline.severity.info,Info,Info,yes
history,history.irrigationTimeline.severity.warning,Warning,Avviso,
history,history.irrigationTimeline.severity.critical,Critical,Critico,
history,history.irrigationTimeline.severity.success,Success,Successo,
history,history.irrigationTimeline.severity.unknown,Info,Info,yes
history,history.cardType.soil,Soil,Suolo,
history,history.cardType.dendro,Dendro,Dendro,yes
history,history.cardType.environment,Environment,Ambiente,
history,history.cardType.irrigation,Irrigation,Irrigazione,
history,history.cardType.gateway,Gateway,Gateway,yes
history,history.viewMode.soil-profile,Soil Profile,Profilo del suolo,
history,history.viewMode.line-chart,Line Chart,Grafico a linee,
history,history.viewMode.calendar,Calendar,Calendario,
history,history.viewMode.irrigation-response,Irrigation Response,Risposta all'irrigazione,
history,history.viewMode.advanced,Advanced View,Vista avanzata,
history,history.viewMode.growth-timeline,Growth Timeline,Timeline di crescita,
history,history.viewMode.stress-events,Stress Events,Eventi di stress,
history,history.viewMode.daily-min-max,Daily Min/Max,Min/Max giornaliero,
history,history.viewMode.event-timeline,Event Timeline,Timeline degli eventi,
history,history.viewMode.status-overview,Status Overview,Panoramica stato,
history,history.viewMode.connectivity-timeline,Connectivity Timeline,Timeline di connettività,
history,history.metadata.coverageUnknown,Coverage unknown,Copertura sconosciuta,
history,history.metadata.coverageKnown,{{coverage}}% coverage,{{coverage}}% di copertura,
history,history.metadata.coverageConfidence.configured,Configured cadence,Cadenza configurata,
history,history.metadata.coverageConfidence.derived,Derived cadence,Cadenza derivata,
history,history.metadata.coverageConfidence.unknown,Cadence unknown,Cadenza sconosciuta,
history,history.metadata.syncState.local,Local,Locale,
history,history.metadata.syncState.synced,Synced,Sincronizzato,
history,history.metadata.syncState.stale,Stale,Non aggiornato,
history,history.metadata.syncState.degraded,Degraded,Degradato,
history,history.metadata.syncState.unknown,Unknown,Sconosciuto,
history,history.metadata.aggregation.auto,Automatic,Automatica,
history,history.metadata.aggregation.raw,Raw,Grezza,
history,history.metadata.aggregation.15m,15 min,15 min,yes
history,history.metadata.aggregation.hourly,Hourly,Oraria,
history,history.metadata.aggregation.daily,Daily,Giornaliera,
history,history.metadata.aggregation.weekly,Weekly,Settimanale,
history,history.metadata.range.12h,12 hours,12 ore,
history,history.metadata.range.24h,24 hours,24 ore,
history,history.metadata.range.7d,7 days,7 giorni,
history,history.metadata.range.30d,30 days,30 giorni,
history,history.metadata.range.season,Season,Stagione,
history,history.metadata.range.custom,Custom range,Intervallo personalizzato,
history,history.soilProfile.emptyTitle,No soil profile data,Nessun dato sul profilo del suolo,
history,history.soilProfile.emptyBody,Depth-aware profile readings are not available for this range.,Le letture del profilo per profondità non sono disponibili per questo intervallo.,
history,history.soilProfile.depthLabel,{{depth}} cm,{{depth}} cm,yes
history,history.soilProfile.depthUnknown,Depth pending,Profondità in attesa,
history,history.soilProfile.valueMissing,No reading,Nessuna lettura,
history,history.soilProfile.status.dry_stress,Dry stress,Stress idrico,
history,history.soilProfile.status.optimal,Optimal,Ottimale,
history,history.soilProfile.status.wet_excess,Wet excess,Eccesso idrico,
history,history.soilProfile.status.mixed,Mixed,Misto,
history,history.soilProfile.status.no_data,No data,Nessun dato,
history,history.soilProfile.labelUnknown,Soil layer {{index}},Strato del suolo {{index}},
history,history.soil.state.wet,Wet,Bagnato,
history,history.soil.state.moist,Moist,Umido,
history,history.soil.state.dry,Dry,Secco,
history,history.calendar.label,Calendar,Calendario,
history,history.calendar.title,Calendar,Calendario,
history,history.calendar.emptyTitle,No calendar data,Nessun dato del calendario,
history,history.calendar.weekday.mon,Mon,Lun,
history,history.calendar.weekday.tue,Tue,Mar,
history,history.calendar.weekday.wed,Wed,Mer,
history,history.calendar.weekday.thu,Thu,Gio,
history,history.calendar.weekday.fri,Fri,Ven,
history,history.calendar.weekday.sat,Sat,Sab,
history,history.calendar.weekday.sun,Sun,Dom,
history,history.calendar.state.dry_stress,Dry stress,Stress idrico,
history,history.calendar.state.optimal,Optimal,Ottimale,
history,history.calendar.state.wet_excess,Wet excess,Eccesso idrico,
history,history.calendar.state.mixed,Mixed,Misto,
history,history.calendar.state.normal_growth,Normal growth,Crescita normale,
history,history.calendar.state.reduced_growth,Reduced growth,Crescita ridotta,
history,history.calendar.state.high_shrinkage_stress,High shrinkage stress,Stress da contrazione elevata,
history,history.calendar.state.incomplete_night_recovery,Incomplete night recovery,Recupero notturno incompleto,
history,history.calendar.state.normal,Normal,Normale,
history,history.calendar.state.heat_stress,Heat stress,Stress da calore,
history,history.calendar.state.cold_stress,Cold stress,Stress da freddo,
history,history.calendar.state.high_humidity,High humidity,Umidità elevata,
history,history.calendar.state.rain_day,Rain day,Giorno di pioggia,
history,history.calendar.state.no_irrigation,No irrigation,Nessuna irrigazione,
history,history.calendar.state.irrigation_event,Irrigation event,Evento di irrigazione,
history,history.calendar.state.high_irrigation_frequency,High irrigation frequency,Frequenza di irrigazione elevata,
history,history.calendar.state.possible_ineffective_irrigation,Possible ineffective irrigation,Possibile irrigazione inefficace,
history,history.calendar.state.manual_override,Manual override,Sovrascrittura manuale,
history,history.calendar.state.offline,Offline,Offline,yes
history,history.calendar.state.no_data,No data,Nessun dato,
history,history.calendar.marker.irrigation.no_irrigation,No irrigation marker,Indicatore di assenza di irrigazione,
history,history.calendar.marker.irrigation.irrigation_event,Irrigation marker,Indicatore di irrigazione,
history,history.calendar.marker.irrigation.high_irrigation_frequency,High frequency marker,Indicatore di frequenza elevata,
history,history.calendar.marker.irrigation.possible_ineffective_irrigation,Possible ineffective irrigation marker,Indicatore di possibile irrigazione inefficace,
history,history.calendar.marker.irrigation.manual_override,Manual override marker,Indicatore di sovrascrittura manuale,
history,history.calendar.marker.rain,Rain,Pioggia,
history,history.calendar.marker.sensor_gap,Sensor gap,Interruzione del sensore,
history,history.calendar.marker.heat_event,Heat event,Evento di calore,
history,history.calendar.marker.soil.dry_stress,Dry stress marker,Indicatore di stress idrico,
history,history.calendar.marker.soil.optimal,Optimal marker,Indicatore ottimale,
history,history.calendar.marker.soil.wet_excess,Wet marker,Indicatore di eccesso idrico,
history,history.calendar.marker.soil.mixed,Mixed marker,Indicatore misto,
history,history.calendar.marker.dendro.normal_growth,Normal growth marker,Indicatore di crescita normale,
history,history.calendar.marker.dendro.reduced_growth,Reduced growth marker,Indicatore di crescita ridotta,
history,history.calendar.marker.dendro.high_shrinkage_stress,High shrinkage marker,Indicatore di forte contrazione,
history,history.calendar.marker.dendro.incomplete_night_recovery,Incomplete recovery marker,Indicatore di recupero incompleto,
history,history.calendar.marker.environment.normal,Normal marker,Indicatore normale,
history,history.calendar.marker.environment.heat_stress,Heat marker,Indicatore di calore,
history,history.calendar.marker.environment.cold_stress,Cold marker,Indicatore di freddo,
history,history.calendar.marker.environment.high_humidity,High humidity marker,Indicatore di umidità elevata,
history,history.calendar.marker.environment.rain_day,Rain marker,Indicatore di pioggia,
history,history.calendar.summary.soil.dry_stress,Root zone was dry with {{sampleCount}} samples.,"La zona radicale era secca, con {{sampleCount}} campioni.",
history,history.calendar.summary.soil.optimal,Root zone was optimal with {{sampleCount}} samples.,"La zona radicale era ottimale, con {{sampleCount}} campioni.",
history,history.calendar.summary.soil.wet_excess,Root zone was wet with {{sampleCount}} samples.,"La zona radicale era bagnata, con {{sampleCount}} campioni.",
history,history.calendar.summary.soil.mixed,Soil status was mixed across depths.,Lo stato del suolo era misto tra le profondità.,
history,history.calendar.summary.soil.no_data,No soil data was available.,Nessun dato del suolo disponibile.,
history,history.calendar.summary.dendro.normal_growth,Stem growth looked normal.,La crescita del fusto era normale.,
history,history.calendar.summary.dendro.reduced_growth,Stem growth was reduced.,La crescita del fusto era ridotta.,
history,history.calendar.summary.dendro.high_shrinkage_stress,Stem shrinkage indicated stress.,La contrazione del fusto indicava stress.,
history,history.calendar.summary.dendro.incomplete_night_recovery,Night recovery was incomplete.,Il recupero notturno era incompleto.,
history,history.calendar.summary.dendro.no_data,No dendrometer data was available.,Nessun dato del dendrometro disponibile.,
history,history.calendar.summary.environment.normal,Environment was normal.,Le condizioni ambientali erano normali.,
history,history.calendar.summary.environment.heat_stress,Heat stress was detected.,È stato rilevato stress da calore.,
history,history.calendar.summary.environment.cold_stress,Cold stress was detected.,È stato rilevato stress da freddo.,
history,history.calendar.summary.environment.high_humidity,High humidity was detected.,È stata rilevata umidità elevata.,
history,history.calendar.summary.environment.rain_day,Rain was detected.,È stata rilevata pioggia.,
history,history.calendar.summary.environment.no_data,No environment data was available.,Nessun dato ambientale disponibile.,
history,history.calendar.summary.irrigation.no_irrigation,No irrigation occurred.,Non si è verificata irrigazione.,
history,history.calendar.summary.irrigation.irrigation_event,Irrigation occurred.,Si è verificata un'irrigazione.,
history,history.calendar.summary.irrigation.high_irrigation_frequency,Irrigation frequency was high.,La frequenza di irrigazione era elevata.,
history,history.calendar.summary.irrigation.possible_ineffective_irrigation,Irrigation may have been ineffective.,L'irrigazione potrebbe essere stata inefficace.,
history,history.calendar.summary.irrigation.manual_override,Manual override occurred.,Si è verificata una sovrascrittura manuale.,
history,history.calendar.summary.gateway.offline,Gateway connectivity was offline.,La connettività del gateway era offline.,
history,history.calendar.summary.gateway.normal,Gateway status was normal.,Lo stato del gateway era normale.,
history,history.calendar.summary.gateway.no_data,No gateway data was available.,Nessun dato del gateway disponibile.,
history,history.interpretation.title,Interpretation,Interpretazione,
history,history.interpretation.noData.title,No data in selected range,Nessun dato nell'intervallo selezionato,
history,history.interpretation.noData.body,"This card is configured, but no measured history was available for the selected range.","Questa scheda è configurata, ma non erano disponibili dati storici misurati per l'intervallo selezionato.",
history,history.interpretation.rootZoneDry.title,Root zone entered dry status,La zona radicale è entrata in stato secco,
history,history.interpretation.rootZoneDry.body,Lower soil tension stayed dry through the selected period.,La tensione idrica del suolo nello strato inferiore è rimasta secca per tutto il periodo selezionato.,
history,history.interpretation.dataCoverageGap.title,Sensor data is incomplete,I dati del sensore sono incompleti,
history,history.interpretation.dataCoverageGap.body,Sensor data was missing during the selected period.,I dati del sensore mancavano durante il periodo selezionato.,
history,history.interpretation.incompleteNightRecovery.title,Night recovery was incomplete,Il recupero notturno è stato incompleto,
history,history.interpretation.incompleteNightRecovery.body,The dendrometer did not fully recover overnight during the selected period.,Il dendrometro non si è ripreso completamente durante la notte nel periodo selezionato.,
history,history.interpretation.environmentStress.title,Environment stress detected,Rilevato stress ambientale,
history,history.interpretation.environmentStress.body,Environment readings crossed a stress threshold in the selected range.,Le letture ambientali hanno superato una soglia di stress nell'intervallo selezionato.,
history,history.interpretation.extensionUnavailable.title,Cloud context unavailable,Contesto cloud non disponibile,
history,history.interpretation.prediction.title,Prediction context,Contesto di previsione,
history,history.interpretation.prediction.body,Prediction context is available for this zone.,Il contesto di previsione è disponibile per questa zona.,
history,history.interpretation.recommendation.irrigate,Irrigate,Irriga,
history,history.interpretation.recommendation.monitor,Monitor,Monitora,
history,history.advanced.title,Advanced diagnostics,Diagnostica avanzata,
history,history.advanced.loading,Loading advanced diagnostics...,Caricamento diagnostica avanzata...,
history,history.advanced.emptyTitle,No advanced diagnostics,Nessuna diagnostica avanzata,
history,history.advanced.value.unavailable,Unavailable,Non disponibile,
history,history.advanced.availability.collected,Collected,Raccolto,
history,history.advanced.availability.not_collected_at_time,Not collected then,Non raccolto in quel momento,
history,history.advanced.availability.unknown_now,Unknown now,Sconosciuto ora,
history,history.advanced.availability.unsupported,Unsupported,Non supportato,
history,history.advanced.field.device_eui,Device EUI,EUI del dispositivo,
history,history.advanced.field.primaryDeveui,Device EUI,EUI del dispositivo,
history,history.advanced.field.rssi,RSSI,RSSI,yes
history,history.advanced.field.snr,SNR,SNR,yes
history,history.advanced.field.raw_payload,Raw payload,Payload grezzo,
history,history.advanced.field.rawPayload,Raw payload,Payload grezzo,
history,history.advanced.field.firmware,Firmware,Firmware,yes
history,history.advanced.field.calibration,Calibration,Calibrazione,
history,history.advanced.field.prediction,Prediction,Previsione,
history,history.advanced.field.forecast,Forecast,Previsioni,
history,history.advanced.field.pending_commands,Pending commands,Comandi in sospeso,
history,history.advanced.field.batteryPct,Battery percent,Percentuale batteria,
history,history.advanced.field.batteryVoltage,Battery voltage,Tensione della batteria,
history,history.advanced.field.calibrationStatus,Calibration status,Stato di calibrazione,
history,history.advanced.field.firmwareVersion,Firmware version,Versione firmware,
history,history.advanced.field.gatewayEui,Gateway EUI,EUI del gateway,
history,history.advanced.field.gatewayLatitude,Gateway latitude,Latitudine del gateway,
history,history.advanced.field.gatewayLocationStatus,Gateway location status,Stato della posizione del gateway,
history,history.advanced.field.gatewayLongitude,Gateway longitude,Longitudine del gateway,
history,history.advanced.field.logicalSourceKey,Logical source key,Chiave sorgente logica,
history,history.advanced.field.pendingCommands,Pending commands,Comandi in sospeso,
history,history.advanced.field.rawRowCount,Raw row count,Numero di righe grezze,
history,history.advanced.field.sourceDeviceCount,Source device count,Numero di dispositivi sorgente,
history,history.source.multipleNamed,{{count}} sources: {{names}},{{count}} sorgenti: {{names}},
history,history.source.multiple,{{count}} sources,{{count}} sorgenti,
history,history.soilLineChart.title,Soil line chart,Grafico a linee del suolo,
history,history.soilLineChart.emptyTitle,No soil trend data,Nessun dato sull'andamento del suolo,
history,history.soilLineChart.emptyBody,Soil tension readings will appear here when history data is available.,Le letture della tensione del suolo appariranno qui quando saranno disponibili dati storici.,
history,history.soilLineChart.pointsCount,{{count}} readings,{{count}} letture,
history,history.soilLineChart.axisLabel,{{unit}} axis,Asse {{unit}},
history,history.soilLineChart.series.soil1,Soil 1,Suolo 1,
history,history.soilLineChart.series.soil2,Soil 2,Suolo 2,
history,history.soilLineChart.series.soil3,Soil 3,Suolo 3,
history,history.soilLineChart.series.soil,Soil {{index}},Suolo {{index}},
history,history.soilLineChart.series.sensor,Sensor {{index}},Sensore {{index}},
history,history.soilIrrigationResponse.title,Soil irrigation response,Risposta all'irrigazione del suolo,
history,history.soilIrrigationResponse.emptyTitle,No irrigation response events,Nessun evento di risposta all'irrigazione,
history,history.soilIrrigationResponse.emptyBody,No irrigation response events in this range.,Nessun evento di risposta all'irrigazione in questo intervallo.,
history,history.soilIrrigationResponse.eventsCount,{{count}} events,{{count}} eventi,
history,history.soilIrrigationResponse.eventFallback,Irrigation response,Risposta all'irrigazione,
history,history.soilIrrigationResponse.duration,Duration: {{value}} min,Durata: {{value}} min,
history,history.soilIrrigationResponse.interpretationsTitle,Response notes,Note sulla risposta,
history,history.dendroLineChart.title,Dendro line chart,Grafico a linee del dendrometro,
history,history.dendroLineChart.emptyTitle,No dendrometer line data,Nessun dato a linee del dendrometro,
history,history.dendroLineChart.emptyBody,Dendrometer readings will appear here when history data is available.,Le letture del dendrometro appariranno qui quando saranno disponibili dati storici.,
history,history.dendroLineChart.pointsCount,{{count}} readings,{{count}} letture,
history,history.dendroLineChart.series.stemChange,Stem change,Variazione del fusto,
history,history.dendroLineChart.series.growth,Growth,Crescita,
history,history.dendroLineChart.series.shrinkage,Shrinkage,Contrazione,
history,history.dendroLineChart.series.position,Position,Posizione,
history,history.dendroLineChart.series.dendrometer,Dendrometer,Dendrometro,
history,history.dendroStressEvents.title,Dendro stress events,Eventi di stress del dendrometro,
history,history.dendroStressEvents.emptyTitle,No stress events,Nessun evento di stress,
history,history.dendroStressEvents.emptyBody,No stress events in this range.,Nessun evento di stress in questo intervallo.,
history,history.dendroStressEvents.eventsCount,{{count}} events,{{count}} eventi,
history,history.dendroStressEvents.interpretationsTitle,Stress notes,Note sullo stress,
history,history.dendroStressEvents.event.stress,Stress event,Evento di stress,
history,history.dendroStressEvents.event.shrinkage,Shrinkage stress,Stress da contrazione,
history,history.dendroStressEvents.event.incompleteRecovery,Incomplete recovery,Recupero incompleto,
history,history.sourceFilter.label,Source,Sorgente,
history,history.sourceFilter.all,All,Tutte,
history,history.settings.open,Open card settings,Apri impostazioni scheda,
history,history.settings.menuLabel,Card settings,Impostazioni scheda,
history,history.settings.advancedView,Advanced View,Vista avanzata,
history,history.settings.cardSettings,Card settings,Impostazioni scheda,
history,history.settings.resetRange,Reset range,Reimposta intervallo,
history,history.settings.cardSettingsUnavailable,Card settings are not available yet.,Le impostazioni della scheda non sono ancora disponibili.,
history,history.settings.refresh,Refresh,Aggiorna,
history,history.inspector.title,Inspector,Ispettore,
history,history.inspector.context,Selected point,Punto selezionato,
history,history.inspector.close,Close,Chiudi,
history,history.inspector.timestamp,Timestamp,Timestamp,yes
history,history.inspector.date,Date,Data,
history,history.inspector.source,Source,Sorgente,
history,history.inspector.coverage,Coverage,Copertura,
history,history.inspector.syncState,Sync state,Stato di sincronizzazione,
history,history.inspector.dataAsOf,Data as of,Dati aggiornati al,
history,history.inspector.events,Events,Eventi,
history,history.inspector.noInterpretation,No local interpretation for this selection.,Nessuna interpretazione locale per questa selezione.,
history,history.inspector.eventFallback,History event,Evento storico,
history,history.sources.button,Sources,Sorgenti,
history,history.sources.menuLabel,Card sources,Sorgenti della scheda,
journal,title,Field journal,Diario di campo,
journal,welcome,Activity record for {{username}},Registro attività di {{username}},
journal,comingSoon.badge,In development,In sviluppo,
journal,comingSoon.heading,The field journal is being built,Il diario di campo è in fase di sviluppo,
journal,comingSoon.body,"Log what happened in the field — irrigation, spraying, seeding, harvest, observations — so your sensor curves and analytics can be read in context. Entries anchor to a plot, capture the sensor snapshot at the moment of the activity, and appear as markers on your history charts.","Registra ciò che è successo in campo — irrigazione, trattamenti, semina, raccolta, osservazioni — così le curve dei sensori e le analisi possono essere lette nel loro contesto. Le registrazioni sono ancorate a una particella, catturano l'istantanea dei sensori al momento dell'attività e appaiono come indicatori sui grafici storici.",
journal,comingSoon.captureTitle,Fast capture,Registrazione rapida,
journal,comingSoon.captureBody,"Six recent activities on a tap grid, product-first entry, and a plain-language confirmation line before every save.","Sei attività recenti su una griglia a tocco, inserimento con priorità al prodotto e una riga di conferma in linguaggio semplice prima di ogni salvataggio.",
journal,comingSoon.recordTitle,A real farm record,Un vero registro aziendale,
journal,comingSoon.recordBody,"Structured, machine-readable entries per plot with frozen provenance — a detailed record designed for compliance profiles later.",Registrazioni strutturate e leggibili da macchina per ogni particella con provenienza bloccata — un registro dettagliato pensato per futuri profili di conformità.,
journal,comingSoon.syncTitle,Honest sync,Sincronizzazione trasparente,
journal,comingSoon.syncBody,Every entry tells you whether it is saved on the farm gateway or waiting for it. Nothing is silently lost.,Ogni registrazione indica se è stata salvata sul gateway aziendale o è ancora in attesa. Nulla va perso silenziosamente.,
journal,row.farmLevel,Farm-level,Livello aziendale,
journal,row.unknownPlot,Unknown plot,Particella sconosciuta,
journal,row.status.final,Final,Definitivo,
journal,row.status.draft,Draft,Bozza,
journal,row.status.voided,Voided,Annullato,
journal,activity.irrigation,Irrigation,Irrigazione,
journal,activity.fertigation,Fertigation,Fertirrigazione,
journal,activity.fertilization,Fertilization,Concimazione,
journal,activity.seeding,Seeding,Semina,
journal,activity.harvest,Harvest,Raccolta,
journal,activity.general_observation,Observation,Osservazione,
journal,timeline.empty,No activities logged yet.,Nessuna attività registrata finora.,
journal,timeline.loading,Loading activities…,Caricamento attività…,
journal,timeline.batch,Batch activity,Attività in blocco,
journal,timeline.batchExpand,Expand batch,Espandi blocco,
journal,timeline.batchCollapse,Collapse batch,Comprimi blocco,
journal,timeline.batchLoading,Loading batch entries…,Caricamento delle registrazioni del blocco…,
journal,timeline.batchError,Unable to load batch entries.,Impossibile caricare le registrazioni del blocco.,
journal,timeline.batchRetry,Retry,Riprova,
journal,where.station,Station,Stazione,
journal,where.unstationed,Unstationed plots,Particelle senza stazione,
journal,where.namedPlots,Named plots,Particelle nominate,
journal,where.noStation,No station,Nessuna stazione,
journal,where.selectAll,Select all,Seleziona tutto,
journal,where.invert,Invert selection,Inverti selezione,
journal,where.range,Station range,Intervallo di stazioni,
journal,where.applyRange,Apply range,Applica intervallo,
journal,where.rangeSummary,{{label}} · {{plotCount}} · {{selectedCount}},{{label}} · {{plotCount}} · {{selectedCount}},yes
journal,where.rangePlotCount,plots,particelle,
journal,where.rangePlotCount_one,{{count}} plot,{{count}} particella,
journal,where.rangePlotCount_other,{{count}} plots,{{count}} particelle,
journal,where.rangeSelectedCount,selected,selezionate,
journal,where.rangeSelectedCount_one,{{count}} selected,{{count}} selezionata,
journal,where.rangeSelectedCount_other,{{count}} selected,{{count}} selezionate,
journal,where.rangeEmpty,The station range is empty.,L'intervallo di stazioni è vuoto.,
journal,where.rangeMalformed,The station range is invalid.,L'intervallo di stazioni non è valido.,
journal,where.rangeOutOfStation,The range contains a plot outside this station.,L'intervallo contiene una particella fuori da questa stazione.,
journal,where.rangeDuplicate,The station range repeats a value.,L'intervallo di stazioni ripete un valore.,
journal,where.rangeReversed,The station range is reversed.,L'intervallo di stazioni è invertito.,
journal,where.rangeNonInteger,The station range must use whole numbers.,L'intervallo di stazioni deve usare numeri interi.,
journal,where.rangeNonPositive,The station range must use positive numbers.,L'intervallo di stazioni deve usare numeri positivi.,
journal,where.mixedLayout,Selected plots use different layouts.,Le particelle selezionate usano layout diversi.,
journal,where.maxPlots,Selected plots,Particelle selezionate,
journal,where.maxPlotsError,Select no more than {{count}} plots.,Seleziona al massimo {{count}} particelle.,
journal,where.noPlot,No plot,Nessuna particella,
journal,where.selectionCount,plots selected,particelle selezionate,
journal,where.selectionCount_one,{{count}} plot selected,{{count}} particella selezionata,
journal,where.selectionCount_other,{{count}} plots selected,{{count}} particelle selezionate,
journal,where.staleSelection,This selection changed. Refresh and try again.,Questa selezione è cambiata. Ricarica la pagina e riprova.,
journal,where.createGroup,Create group,Crea gruppo,
journal,where.editGroup,Edit group,Modifica gruppo,
journal,where.groupLabel,Group label,Nome del gruppo,
journal,where.saveGroup,Save group,Salva gruppo,
journal,where.cancel,Cancel,Annulla,
journal,where.loading,Loading…,Caricamento…,
journal,where.retry,Retry,Riprova,
journal,group.members,Plot groups,Gruppi di particelle,
journal,group.members_one,{{count}} plot,{{count}} particella,
journal,group.members_other,{{count}} plots,{{count}} particelle,
journal,group.unavailableMembers,Some group members are unavailable.,Alcuni membri del gruppo non sono disponibili.,
journal,group.resolved,Resolved,Sciolto,
journal,group.resolve,Resolve group,Sciogli il gruppo,
journal,group.resolveError,Could not resolve this group.,Impossibile sciogliere questo gruppo.,
journal,group.changedError,This group changed. Refresh and try again.,Questo gruppo è cambiato. Aggiorna la pagina e riprova.,
journal,group.resolutionRegion,Harvest group resolution,Scioglimento del gruppo dopo il raccolto,
journal,group.resolveHeading,Resolve harvest group,Sciogli il gruppo di raccolta,
journal,group.resolveAction,Resolve group,Sciogli il gruppo,
journal,group.resolving,Resolving…,Scioglimento in corso…,
journal,group.heterogeneous,The group contains incompatible layouts.,Il gruppo contiene layout incompatibili.,
journal,group.create,Create group,Crea gruppo,
journal,group.edit,Edit group,Modifica gruppo,
journal,group.loading,Loading groups…,Caricamento gruppi…,
journal,group.error,Could not save the plot group.,Impossibile salvare il gruppo di particelle.,
journal,group.retry,Retry,Riprova,
journal,plot.create,Create plot,Crea particella,
journal,plot.update,Update plot,Aggiorna particella,
journal,plot.new,New plot,Nuova particella,
journal,plot.edit,Edit selected plot,Modifica particella selezionata,
journal,plot.code,Plot code,Codice particella,
journal,plot.name,Name,Nome,
journal,plot.zone,Zone,Zona,
journal,plot.station,Station,Stazione,
journal,plot.cropHint,Crop hint,Indicazione della coltura,
journal,plot.area,Area (m²),Superficie (m²),
journal,plot.active,Active,Attiva,
journal,plot.layout,Layout,Layout,yes
journal,plot.save,Save,Salva,
journal,plot.cancel,Cancel,Annulla,
journal,plot.layoutRequired,Select an active layout,Seleziona un layout attivo,
journal,plot.stale,This plot changed elsewhere. Reload before saving.,Questa particella è cambiata altrove. Ricaricala prima di salvare.,
journal,plot.codeConflict,Plot code is already in use.,Il codice della particella è già in uso.,
journal,plot.heterogeneousGroup,The plot belongs to a heterogeneous group.,La particella appartiene a un gruppo eterogeneo.,
journal,plot.unresolvedGroup,Resolve the plot group before deactivating this plot.,Sciogli il gruppo di particelle prima di disattivare questa particella.,
journal,plot.loading,Saving…,Salvataggio…,
journal,plot.error,Could not save the plot.,Impossibile salvare la particella.,
journal,plot.retry,Retry,Riprova,
journal,batch.saving,Saving…,Salvataggio…,
journal,batch.saved,Saved,Salvato,
journal,batch.confirm,Review batch before saving,Controlla il blocco prima di salvare,
journal,batch.confirmCount,plots,particelle,
journal,batch.confirmCount_one,{{count}} plot,{{count}} particella,
journal,batch.confirmCount_other,{{count}} plots,{{count}} particelle,
journal,batch.duplicateTitle,Duplicate entries found,Trovate registrazioni duplicate,
journal,batch.duplicateBody,Review every duplicate candidate before saving this batch.,Controlla ogni possibile duplicato prima di salvare questo blocco.,
journal,batch.duplicateAcknowledge,Acknowledge all and retry,Conferma tutto e riprova,
journal,batch.count,plots,particelle,
journal,batch.count_one,{{count}} plot,{{count}} particella,
journal,batch.count_other,{{count}} plots,{{count}} particelle,
journal,batch.retry,Retry,Riprova,
journal,unavailable.title,Journal not available,Diario non disponibile,
journal,unavailable.body,This gateway does not yet have the field journal. Update the gateway firmware to enable it.,Questo gateway non dispone ancora del diario di campo. Aggiorna il firmware del gateway per abilitarlo.,
journal,error.title,Could not load the journal,Impossibile caricare il diario,
journal,error.body,The gateway did not answer successfully. Try again.,Il gateway non ha risposto correttamente. Riprova.,
journal,error.retry,Try again,Riprova,
journal,filters.plot,Plot,Particella,
journal,filters.allPlots,All plots,Tutte le particelle,
journal,filters.activity,Activity,Attività,
journal,filters.allActivities,All activities,Tutte le attività,
journal,logActivity,Log activity,Registra attività,
journal,capture.title,Log activity,Registra attività,
journal,capture.close,Close,Chiudi,
journal,capture.back,Back,Indietro,
journal,capture.next,Next,Avanti,
journal,capture.finish,Finish,Fine,
journal,capture.where.title,Where did this happen?,Dove è avvenuto?,
journal,capture.where.plot,Plot,Particella,
journal,capture.where.selectPlot,Select a plot,Seleziona una particella,
journal,capture.where.farmLevel,Whole farm,Intera azienda,
journal,capture.where.noPlot,No plot,Nessuna particella,
journal,capture.where.linkedZone,Linked to a sensor zone,Collegata a una zona sensore,
journal,capture.where.sensorless,No linked sensor zone,Nessuna zona sensore collegata,
journal,capture.where.layout,Layout,Layout,yes
journal,capture.where.timezone,Timezone,Fuso orario,
journal,capture.picker.title,What happened?,Cosa è successo?,
journal,capture.picker.recentOnPlot,Recent on this plot,Recenti su questa particella,
journal,capture.picker.commonThisSeason,Common this season,Comuni questa stagione,
journal,capture.picker.farmRecent,Recent on this farm,Recenti in questa azienda,
journal,capture.picker.allOptions,All options,Tutte le opzioni,
journal,capture.picker.more,More activities,Altre attività,
journal,capture.picker.search,Search activities,Cerca attività,
journal,capture.picker.searchPlaceholder,Search by name or code,Cerca per nome o codice,
journal,capture.picker.browseAll,Browse all,Sfoglia tutte,
journal,capture.picker.noResults,No matching activities,Nessuna attività corrispondente,
journal,capture.picker.unsupported,This activity is not available for the selected layout,Questa attività non è disponibile per il layout selezionato,
journal,capture.form.title,Activity details,Dettagli attività,
journal,capture.form.detailLevel,Detail level,Livello di dettaglio,
journal,capture.form.quick,Quick,Rapido,
journal,capture.form.full,Full,Completo,
journal,capture.form.research,Research,Ricerca,
journal,capture.form.layout,Layout,Layout,yes
journal,capture.form.required,Required,Obbligatorio,
journal,capture.form.optional,Optional,Facoltativo,
journal,capture.form.select,Select an option,Seleziona un'opzione,
journal,capture.form.value,Value,Valore,
journal,capture.form.unit,Unit,Unità,
journal,capture.form.decrease,Decrease,Diminuisci,
journal,capture.form.increase,Increase,Aumenta,
journal,capture.form.add,Add another,Aggiungi un altro,
journal,capture.form.remove,Remove,Rimuovi,
journal,capture.form.product,Product,Prodotto,
journal,capture.form.derivedNutrients,Calculated from product composition,Calcolato dalla composizione del prodotto,
journal,capture.form.noProducts,No active products are available,Nessun prodotto attivo disponibile,
journal,capture.form.note,Note,Note,yes
journal,capture.form.booleanYes,Yes,Sì,
journal,capture.form.booleanNo,No,No,yes
journal,capture.validation.required,Complete this field,Completa questo campo,
journal,capture.validation.invalidNumber,Enter a valid number,Inserisci un numero valido,
journal,capture.validation.minimum,Enter a value of at least {{min}},Inserisci un valore di almeno {{min}},
journal,capture.validation.maximum,Enter a value no greater than {{max}},Inserisci un valore non superiore a {{max}},
journal,capture.validation.incompatibleUnit,This unit cannot be used for this value,Questa unità non può essere utilizzata per questo valore,
journal,capture.validation.crossBasis,This unit uses a different measurement basis,Questa unità utilizza una base di misura diversa,
journal,capture.validation.invalidDependency,The selected options do not form a valid combination,Le opzioni selezionate non formano una combinazione valida,
journal,capture.validation.invalidDefinition,This journal form is not available,Questo modulo del diario non è disponibile,
journal,capture.validation.layoutTemplateMismatch,This detail level is not available for the selected layout,Questo livello di dettaglio non è disponibile per il layout selezionato,
journal,capture.validation.cropRequired,Enter a crop because no active season covers this plot,Inserisci una coltura perché nessuna stagione attiva copre questa particella,
journal,capture.validation.invalidLocalTime,Enter a valid local date and time,Inserisci una data e un'ora locali valide,
journal,capture.validation.invalidTimezone,Select a supported timezone,Seleziona un fuso orario supportato,
journal,capture.validation.nonexistentLocalTime,This local time does not exist because the clock moves forward,Questo orario locale non esiste perché l'orologio viene spostato in avanti,
journal,capture.validation.ambiguousLocalTime,This local time occurs twice because the clock moves back,Questo orario locale si verifica due volte perché l'orologio viene spostato indietro,
journal,capture.validation.chooseUtcOffset,Choose which UTC offset applies,Scegli quale offset UTC si applica,
journal,capture.validation.invalidUtcOffset,The selected UTC offset does not match this local time,L'offset UTC selezionato non corrisponde a questo orario locale,
journal,capture.carry.prefilled,Copied from the latest compatible entry,Copiato dall'ultima registrazione compatibile,
journal,capture.carry.repeatTreatment,Repeat last treatment,Ripeti ultimo trattamento,
journal,capture.carry.repeatTreatmentDescription,Review the previous treatment before copying its protected fields,Controlla il trattamento precedente prima di copiarne i campi protetti,
journal,capture.carry.sourceDate,Previous date,Data precedente,
journal,capture.carry.crop,Crop,Coltura,
journal,capture.carry.product,Product,Prodotto,
journal,capture.carry.rate,Rate,Dose,
journal,capture.carry.useValues,Use these values,Usa questi valori,
journal,capture.carry.dismiss,Do not copy,Non copiare,
journal,capture.carry.invalidated,"The previous treatment no longer matches this plot, crop, time, season, or layout","Il trattamento precedente non corrisponde più a questa particella, coltura, orario, stagione o layout",
journal,capture.confirm.title,Review before saving,Controlla prima di salvare,
journal,capture.confirm.activity,Activity,Attività,
journal,capture.confirm.plot,Plot,Particella,
journal,capture.confirm.farmLevel,Whole farm,Intera azienda,
journal,capture.confirm.layout,Layout,Layout,yes
journal,capture.confirm.occurrence,When,Quando,
journal,capture.confirm.values,Details,Dettagli,
journal,capture.confirm.edit,Edit,Modifica,
journal,capture.confirm.ready,Ready to save,Pronto per il salvataggio,
journal,capture.confirm.duplicateTitle,A similar activity already exists,Esiste già un'attività simile,
journal,capture.confirm.duplicateBody,Review the existing entry before saving another record,Controlla la registrazione esistente prima di salvarne un'altra,
journal,capture.confirm.openExisting,Open existing,Apri esistente,
journal,capture.confirm.saveSeparately,Save separately,Salva separatamente,
journal,capture.save.saving,Saving…,Salvataggio…,
journal,capture.save.draftSavedGateway,Draft saved on farm gateway,Bozza salvata sul gateway aziendale,
journal,capture.save.finalSavedGateway,Saved on farm gateway,Salvato sul gateway aziendale,
journal,capture.save.cloudWaiting,Saved on OSI Server — waiting for farm gateway,Salvato su OSI Server — in attesa del gateway aziendale,
journal,capture.save.notSaved,Not saved,Non salvato,
journal,capture.save.retry,Try again,Riprova,
journal,capture.save.lossWarning,Changes are held only in this open screen until the gateway saves them,Le modifiche restano solo in questa schermata aperta finché il gateway non le salva,
journal,capture.save.leaveWarning,Leaving now will discard changes that the gateway has not saved,Uscendo ora andranno perse le modifiche che il gateway non ha ancora salvato,
settings,entryPoint,Settings,Impostazioni,
settings,title,Settings,Impostazioni,
settings,backToDashboard,Back to dashboard,Torna alla dashboard,
settings,languageTitle,Language,Lingua,
settings,appearanceTitle,Appearance,Aspetto,
settings,theme,Theme,Tema,
settings,light,Light,Chiaro,
settings,dark,Dark,Scuro,
settings,system,System,Sistema,
settings,unitsTitle,Units & Display,Unità e visualizzazione,
settings,swtUnit,Soil water tension unit,Unità della tensione idrica del suolo,
settings,kpa,kPa,kPa,yes
settings,pf,pF,pF,yes
settings,swtSample,SWT sample,Esempio SWT,
settings,modulesTitle,Modules,Moduli,
settings,predictionAdvisory,Prediction advisory,Avviso predittivo,
settings,predictionAdvisoryWarning,"Experimental, do not use for production!","Sperimentale, non usare in produzione!",
settings,waterCard,Water balance,Bilancio idrico,
settings,irrigationSchedule,Irrigation schedule,Programma di irrigazione,
settings,environmentCard,Environment & weather forecast,Ambiente e previsioni meteo,
settings,schedulerDisableConfirm,Disable all active irrigation schedules before hiding this module?,Disattivare tutti i programmi di irrigazione attivi prima di nascondere questo modulo?,
settings,schedulerDisableSuccess_one,Disabled {{count}} active schedule.,{{count}} programma attivo disattivato.,
settings,schedulerDisableSuccess_other,Disabled {{count}} active schedules.,{{count}} programmi attivi disattivati.,
settings,schedulerDisableError,Could not disable irrigation schedules,Impossibile disattivare i programmi di irrigazione,
settings,dataTitle,Data & Refresh,Dati e aggiornamento,
settings,autoRefresh,Auto-refresh dashboard,Aggiorna automaticamente la dashboard,
settings,on,On,Attivo,
settings,off,Off,Disattivo,
settings,userRequestTitle,User request,Richiesta utente,
settings,requestType,Request type,Tipo di richiesta,
settings,bugFix,Bug fix,Correzione bug,
settings,featureRequest,Feature request,Richiesta funzione,
settings,requestTitle,Title,Titolo,
settings,contactEmail,Email address (optional),Indirizzo e-mail (opzionale),
settings,requestArea,Area,Area,yes
settings,requestImpact,Impact,Impatto,
settings,requestDescription,Description,Descrizione,
settings,requestShareConsent,May be shared publicly without private farm details.,Può essere condivisa pubblicamente senza dettagli privati dell’azienda.,
settings,requestIncludeDiagnostics,Include diagnostics,Includi diagnostica,
settings,requestSubmit,Save request,Salva richiesta,
settings,requestSubmitting,Saving...,Salvataggio...,
settings,requestSaved,"Saved, waiting for internet","Salvata, in attesa di internet",
settings,requestError,Could not save request,Impossibile salvare la richiesta,
settings,area_dashboard,Dashboard,Dashboard,yes
settings,area_history,History,Cronologia,
settings,area_analysis,Analysis,Analisi,
settings,area_watering,Watering,Irrigazione,
settings,area_devices,Devices,Dispositivi,
settings,area_sync,Sync,Sincronizzazione,
settings,area_system,System,Sistema,
settings,area_other,Other,Altro,
settings,impact_cant_work,Cannot work,Non si può lavorare,
settings,impact_workaround,Workaround available,Soluzione alternativa disponibile,
settings,impact_annoying,Annoying,Fastidioso,
settings,impact_idea,Idea,Idea,yes
support,navLabel,Support & Requests,Supporto e richieste,
support,title,Support & Requests,Supporto e richieste,
support,backToDashboard,Back to dashboard,Torna alla dashboard,
support,empty,No requests yet.,Nessuna richiesta ancora.,
support,form.stepRequest,1. Request text,1. Testo della richiesta,
support,form.stepArea,2. Area and severity,2. Area e gravità,
support,form.stepDiagnostics,3. Diagnostics and consent,3. Diagnostica e consenso,
support,form.summary,Short title,Titolo breve,
support,form.description,What should be improved?,Che cosa dovrebbe essere migliorato?,
support,form.contactEmail,Contact email (optional),Email di contatto (opzionale),
support,form.expected,Expected,Previsto,
support,form.actual,Actual,Attuale,
support,form.steps,Steps,Passaggi,
support,form.requestType,Request type,Tipo di richiesta,
support,form.area,Area,Area,yes
support,form.severity,Severity,Gravità,
support,form.diagnostics,Diagnostics preview,Anteprima diagnostica,
support,form.includeDiagnostics,Include safe diagnostics with this request.,Includi diagnostica sicura con questa richiesta.,
support,form.consentPublic,I agree this request may be shared publicly without private farm details.,Accetto che questa richiesta possa essere condivisa pubblicamente senza dettagli privati dell'azienda agricola.,
support,form.submit,Save request,Salva richiesta,
support,form.submitting,Saving...,Salvataggio...,
support,types.bug,Bug,Bug,yes
support,types.improvement,Improvement,Miglioramento,
support,types.feedback,Feedback,Feedback,yes
support,areas.dashboard,Dashboard,Dashboard,yes
support,areas.history,History,Cronologia,
support,areas.analysis,Analysis,Analisi,
support,areas.copy,Text and labels,Testi ed etichette,
support,areas.watering,Watering,Irrigazione,
support,areas.sync,Sync,Sincronizzazione,
support,areas.devices,Devices,Dispositivi,
support,areas.system,System,Sistema,
support,areas.other,Other,Altro,
support,severity.cant_work,Cannot work,Non si può lavorare,
support,severity.workaround,Workaround available,Soluzione temporanea disponibile,
support,severity.annoying,Annoying,Fastidioso,
support,severity.idea,Idea,Idea,yes
support,diagnostics.loading,Loading diagnostics...,Caricamento diagnostica...,
support,diagnostics.unavailable,Diagnostics are unavailable right now.,La diagnostica non è disponibile al momento.,
support,banners.retryable,Could not send right now. The request can be retried.,Impossibile inviare ora. La richiesta può essere ritentata.,
support,status.QUEUED,"Saved, waiting for internet","Salvata, in attesa di internet",
support,status.SUBMITTED,Submitted,Inviata,
support,status.SYNCED,Synced,Sincronizzata,
support,status.FAILED_RETRYABLE,Retry needed,Serve un nuovo tentativo,
support,status.FAILED_PERMANENT,Could not send,Impossibile inviare,
support,status.AWAITING_PUBLISH,Waiting to publish,In attesa di pubblicazione,
support,status.PUBLISHING,Publishing,Pubblicazione in corso,
support,status.PUBLISH_BLOCKED_CONFIG,Publishing blocked,Pubblicazione bloccata,
support,status.PUBLISH_BLOCKED_SECRET,Publishing blocked,Pubblicazione bloccata,
support,status.TRIAGED,Being reviewed,In revisione,
support,status.BEING_REVIEWED,Being reviewed,In revisione,
support,status.NEEDS_INFO,Needs more information,Servono più informazioni,
support,status.ISSUE_ONLY,Saved as issue,Salvata come issue,
support,status.ISSUE_OPEN,Issue open,Issue aperta,
support,status.NOT_PLANNED,Not planned,Non pianificata,
support,status.RATE_LIMITED,Rate limited,Limite di frequenza raggiunto,
support,status.RELEASED,Released,Rilasciata,
support,status.REJECTED,Rejected,Rifiutata,
support,status.DUPLICATE,Duplicate,Duplicata,
support,status.DUPLICATE_OF,Duplicate,Duplicata,
support,status.AWAITING_APPROVAL,Awaiting approval,In attesa di approvazione,
support,status.AGENT_RUNNING,In progress,In corso,
support,status.VERIFYING,Verifying,Verifica in corso,
support,status.PR_OPEN,In progress,In corso,
support,status.IN_REVIEW,In review,In revisione,
support,status.MERGED,Merged,Unita,
support,status.CLOSED,Closed,Chiusa,
support,status.AGENT_FAILED,Needs review,Richiede revisione,
support,status.UNKNOWN,Status update received,Aggiornamento di stato ricevuto,
support,myRequests.title,My Requests,Le mie richieste,
support,myRequests.loadError,Requests could not be loaded.,Impossibile caricare le richieste.,
support,myRequests.loading,Loading requests...,Caricamento richieste...,
support,myRequests.area,Area,Area,yes
support,myRequests.submitted,Submitted,Inviata,
