namespace,key,english,pt,shared_with_english
accountLink,title,Connect to OSI Server,Conectar ao OSI Server,
accountLink,navLink,OSI Server,OSI Server,yes
accountLink,backToDashboard,Back to Dashboard,Voltar ao painel,
accountLink,status.linked,Account linked to OSI Server,Conta vinculada ao OSI Server,
accountLink,status.notLinked,Not connected to OSI Server,Não conectado ao OSI Server,
accountLink,status.linkedAs,Linked as: {{username}},Vinculado como: {{username}},
accountLink,status.linkedSince,Since: {{date}},Desde: {{date}},
accountLink,form.serverUrl,OSI Server URL,URL do servidor OSI,
accountLink,form.actionLabel,Action,Ação,
accountLink,form.actionLogin,Link existing account,Vincular conta existente,
accountLink,form.actionRegister,Create new account,Criar nova conta,
accountLink,form.username,Server Username,Nome de utilizador do servidor,
accountLink,form.email,Email,E-mail,
accountLink,form.password,Password,Palavra-passe,
accountLink,form.submit,Connect to OSI Server,Conectar ao OSI Server,
accountLink,form.submitting,Connecting...,A conectar...,
accountLink,form.cancel,Cancel,Cancelar,
accountLink,warning.title,Important,Importante,
accountLink,warning.message,"After linking, you must use your OSI Server credentials to log in. OSI OS stores a gateway-specific offline verifier for linked login.","Após a vinculação, deve usar as suas credenciais do OSI Server para iniciar sessão. O OSI OS armazena um verificador offline específico do gateway para o início de sessão vinculado.",
accountLink,warning.proceed,Proceed,Prosseguir,
accountLink,success.title,Successfully Connected,Conectado com sucesso,
accountLink,success.message,Your account is now linked as {{username}} on OSI Server.,A sua conta está agora vinculada como {{username}} no OSI Server.,
accountLink,success.claimedDevices,Devices claimed on server: {{count}},Dispositivos reclamados no servidor: {{count}},
accountLink,success.skippedDevices,Devices skipped (already claimed): {{count}},Dispositivos ignorados (já reclamados): {{count}},
accountLink,unlink.button,Disconnect from OSI Server,Desligar do OSI Server,
accountLink,unlink.confirm,"Are you sure? After disconnecting, you must use your original local password to log in.","Tem a certeza? Após desligar, deve usar a sua palavra-passe local original.",
accountLink,unlink.success,Disconnected from OSI Server,Desligado do OSI Server,
accountLink,errors.networkError,Cannot reach OSI Server. Check the URL and your internet connection.,Não foi possível alcançar o OSI Server. Verifique o URL e a sua ligação à Internet.,
accountLink,errors.authFailed,Invalid OSI Server credentials.,Credenciais OSI Server inválidas.,
accountLink,errors.generic,An error occurred. Please try again.,"Ocorreu um erro. Por favor, tente novamente.",
accountLink,errors.forceSyncFailed,Manual sync failed. Please try again.,"A sincronização manual falhou. Por favor, tente novamente.",
accountLink,sync.title,Manual sync,Sincronização manual,
accountLink,sync.description,Run an immediate recovery sync with OSI Server.,Executa uma sincronização de recuperação imediata com o OSI Server.,
accountLink,sync.button,Force sync now,Forçar sincronização agora,
accountLink,sync.running,Syncing...,A sincronizar...,
accountLink,sync.successTitle,Manual sync completed,Sincronização manual concluída,
accountLink,sync.partialTitle,Manual sync finished with issues,Sincronização manual concluída com problemas,
accountLink,sync.refreshed,Sync token refreshed before sync.,Token de sincronização atualizado antes da sincronização.,
accountLink,sync.usedCurrentToken,Using current sync token.,A usar o token de sincronização atual.,
accountLink,sync.bootstrap,"Bootstrap applied: {{applied}}, skipped: {{skipped}}","Bootstrap aplicado: {{applied}}, ignorado: {{skipped}}",
accountLink,sync.outbox,Outbox delivered: {{delivered}} ({{before}} -> {{after}} pending),Outbox entregue: {{delivered}} ({{before}} -> {{after}} pendentes),
accountLink,sync.pending,"Pending commands fetched: {{fetched}}, queued for local apply: {{queued}}","Comandos pendentes obtidos: {{fetched}}, colocados na fila para aplicação local: {{queued}}",
accountLink,sync.pendingAfterResponse,Local apply continues after this response returns.,A aplicação local continua após o retorno desta resposta.,
accountLink,sync.lastError,Last error from {{source}}: {{message}},Último erro de {{source}}: {{message}},
accountLink,reauth.title,Sync token expired,Token de sincronização expirado,
accountLink,reauth.description,Re-authenticate with OSI Server to mint a fresh sync token for this gateway.,Autentique-se novamente no OSI Server para gerar um novo token de sincronização para este gateway.,
accountLink,reauth.button,Re-authenticate,Autenticar novamente,
accountLink,reauth.username,Server Username,Nome de utilizador do servidor,
accountLink,reauth.password,OSI Server Password,Palavra-passe do OSI Server,
accountLink,reauth.submit,Refresh connection,Atualizar ligação,
accountLink,reauth.running,Refreshing...,A atualizar...,
auth,login.title,AgroLink,AgroLink,yes
auth,login.subtitle,Sign in to your account,Inicie sessão na sua conta,
auth,login.username,Username,Nome de utilizador,
auth,login.usernamePlaceholder,Enter your username,Introduza o seu nome de utilizador,
auth,login.password,Password,Palavra-passe,
auth,login.passwordPlaceholder,Enter your password,Introduza a sua palavra-passe,
auth,login.signingIn,Signing In...,A iniciar sessão...,
auth,login.signIn,Sign In,Iniciar sessão,
auth,login.noAccount,Register Account,Registar conta,
auth,login.failed,Login failed. Please check your credentials.,Falha no início de sessão. Verifique as suas credenciais.,
auth,register.title,Create Account,Criar conta,
auth,register.subtitle,Register for AgroLink,Registe-se no AgroLink,
auth,register.username,Username,Nome de utilizador,
auth,register.usernamePlaceholder,Choose a username,Escolha um nome de utilizador,
auth,register.password,Password,Palavra-passe,
auth,register.passwordPlaceholder,Choose a password,Escolha uma palavra-passe,
auth,register.confirmPassword,Confirm Password,Confirmar palavra-passe,
auth,register.confirmPasswordPlaceholder,Re-enter your password,Reintroduza a sua palavra-passe,
auth,register.creating,Creating Account...,A criar conta...,
auth,register.submit,Create Account,Criar conta,
auth,register.haveAccount,Already have an account? Sign in,Já tem conta? Inicie sessão,
auth,register.failed,Registration failed. Please try again.,Falha no registo. Tente novamente.,
auth,register.passwordMismatch,Passwords do not match,As palavras-passe não coincidem,
auth,register.passwordTooShort,Password must be at least 6 characters,A palavra-passe deve ter pelo menos 6 caracteres,
auth,register.successTitle,Success!,Sucesso!,
auth,register.successMessage,Account created successfully. Redirecting to login...,Conta criada com sucesso. A redirecionar para o início de sessão...,
common,cancel,Cancel,Cancelar,
common,loading,Loading...,A carregar...,
common,delete,Delete,Eliminar,
common,na,N/A,N/D,
common,retry,Retry,Tentar novamente,
common,analysis.title,Data analysis,Análise de dados,
common,analysis.axis.rename,Rename axis label,Renomear o rótulo do eixo,
common,analysis.backToDashboard,← Back to Dashboard,← Voltar ao painel,
common,analysis.loadError,Analysis data could not be loaded.,Não foi possível carregar os dados de análise.,
common,analysis.pooled.tooltip,"Correlates all zones' points as one combined dataset, in addition to each zone separately.","Correlaciona os pontos de todas as zonas como um único conjunto combinado, além de cada zona separadamente.",
common,analysis.empty,Select one or more series to start comparing zones.,Selecione uma ou mais séries para começar a comparar zonas.,
common,analysis.catalog.loading,Loading available series...,A carregar séries disponíveis...,
common,analysis.series.loading,Loading series...,A carregar séries...,
common,analysis.aggregation.label,Aggregation,Agregação,
common,analysis.aggregation.raw,Raw,Sem agregação,
common,analysis.aggregation.fifteenMinute,15 minutes,15 minutos,
common,analysis.aggregation.hourly,Hourly,Horária,
common,analysis.aggregation.daily,Daily,Diária,
common,analysis.aggregation.weekly,Weekly,Semanal,
common,analysis.preset.metricLabel,Metric across zones,Métrica entre zonas,
common,analysis.tray.label,Analysis series,Séries de análise,
common,analysis.tray.title,Series,Séries,
common,analysis.tray.search,Search for zones or devices,Pesquisar zonas ou dispositivos,
common,analysis.tray.unknownSite,Unknown site,Local desconhecido,
common,analysis.tray.reason.unsupported,Unsupported,Não suportado,
common,analysis.tray.reason.available_no_recent_data,No recent data available,Sem dados recentes disponíveis,
common,analysis.range.label,Analysis range,Intervalo de análise,
common,analysis.range.custom,Custom,Personalizado,
common,analysis.range.from,From,De,
common,analysis.range.to,To,Até,
common,analysis.range.apply,Apply,Aplicar,
common,analysis.range.invalid,Start must be before end.,O início deve ser anterior ao fim.,
common,analysis.mode.label,Analysis mode,Modo de análise,
common,analysis.mode.timeline,Timeline,Linha do tempo,
common,analysis.mode.correlation,Correlation,Correlação,
common,analysis.layout.label,Layout,Disposição,
common,analysis.layout.stacked,Stacked,Empilhado,
common,analysis.layout.overlaid,Overlaid,Sobreposto,
common,analysis.layout.smallMultiples,Small multiples,Múltiplos pequenos,
common,analysis.toggle.normalize,Normalize,Normalizar,
common,analysis.export.csv,Export CSV,Exportar CSV,
common,analysis.export.png,Export PNG,Exportar PNG,
common,analysis.legend.label,Chart legend,Legenda do gráfico,
common,analysis.legend.rename,Rename series,Renomear série,
common,analysis.views.title,Saved views,Vistas guardadas,
common,analysis.views.save,Save view,Guardar vista,
common,analysis.views.namePlaceholder,Name this view,Dê um nome a esta vista,
common,analysis.views.delete,Delete view,Eliminar vista,
common,analysis.views.empty,No saved views yet.,Ainda não há vistas guardadas.,
common,analysis.droppedNotice,{{count}} series could not be loaded,{{count}} séries não puderam ser carregadas,
common,analysis.correlation.comingSoon,Correlation scatter is planned for the next slice.,O gráfico de dispersão de correlação está planeado para a próxima fase.,
common,analysis.correlation.needTwoChannels,Add series for at least two different channels to compare them.,Adicione séries de pelo menos dois canais diferentes para compará-las.,
common,analysis.correlation.x,X channel,Canal X,
common,analysis.correlation.y,Y channel,Canal Y,
common,analysis.correlation.pooled,Pooled (all zones),Agregado (todas as zonas),
common,analysis.correlation.zone,Zone,Zona,
common,analysis.correlation.droppedPairs,Dropped,Descartados,
common,analysis.correlation.insufficient,insufficient (n={{n}}),insuficiente (n={{n}}),
common,analysis.correlation.exploratory,Exploratory only — Pearson r over aligned buckets; not a significance test.,Apenas exploratório — r de Pearson sobre intervalos alinhados; não é um teste de significância.,
dashboard,title,Dashboard,Dashboard,yes
dashboard,welcome,"Welcome, {{username}}","Bem-vindo, {{username}}",
dashboard,add,Add,Adicionar,
dashboard,addMenu.zone,Add Zone,Adicionar zona,
dashboard,addMenu.device,Add Device,Adicionar dispositivo,
dashboard,addMenu.activity,Log activity,Registar atividade,
dashboard,data,Data,Dados,
dashboard,account,Account,Conta,
dashboard,accountMenu.osiServer,OSI Server,OSI Server,yes
dashboard,logout,Logout,Terminar sessão,
dashboard,loading,Loading dashboard...,A carregar painel...,
dashboard,failedToLoad,Failed to load data,Falha ao carregar dados,
dashboard,autoRefresh,Auto-refreshing every 10 seconds,Atualização automática a cada 10 segundos,
dashboard,emptyState.title,Welcome to your farm!,Bem-vindo à sua quinta!,
dashboard,emptyState.subtitle,Get started by creating a zone and adding devices,Comece por criar uma zona e adicionar dispositivos,
dashboard,emptyState.createZone,Create Zone,Criar zona,
dashboard,emptyState.addDevice,Add Device,Adicionar dispositivo,
dashboard,irrigationZones,Zones,Zonas,
dashboard,unassignedDevices,Unassigned Devices,Dispositivos não atribuídos,
dashboard,unassignedSubtitle,These devices are not assigned to any zone,Estes dispositivos não estão atribuídos a nenhuma zona,
dashboard,soilSensors,Soil Sensors,Sensores de solo,
dashboard,smartValves,Smart Valves,Válvulas inteligentes,
dashboard,journal,Journal,Diário,
dashboard,tabs.zones,Zones,Zonas,
dashboard,tabs.data,Data,Dados,
dashboard,tabs.journal,Journal,Diário,
devices,addModal.title,Add Device,Adicionar dispositivo,
devices,addModal.deviceType,Device Type,Tipo de dispositivo,
devices,addModal.deviceName,Device Name,Nome do dispositivo,
devices,addModal.deviceNamePlaceholder,"e.g., North Field, Main Valve","ex. Campo Norte, Válvula principal",
devices,addModal.deveui,DevEUI,DevEUI,yes
devices,addModal.deveuiPlaceholder,16 hex characters,16 caracteres hexadecimais,
devices,addModal.deveuiHint,"Enter exactly 16 hexadecimal characters (0-9, A-F)","Introduza exatamente 16 caracteres hexadecimais (0-9, A-F)",
devices,addModal.deveuiInvalid,DevEUI must be exactly 16 hexadecimal characters,O DevEUI deve ter exatamente 16 caracteres hexadecimais,
devices,addModal.adding,Adding...,A adicionar...,
devices,addModal.submit,Add Device,Adicionar dispositivo,
devices,addModal.failed,Failed to add device,Falha ao adicionar dispositivo,
devices,assignModal.title,Assign Device to {{zoneName}},Atribuir dispositivo a {{zoneName}},
devices,assignModal.selectDevice,Select Device,Selecionar dispositivo,
devices,assignModal.selectPlaceholder,-- Select a device --,-- Selecionar um dispositivo --,
devices,assignModal.noDevicesTitle,No unassigned devices,Sem dispositivos não atribuídos,
devices,assignModal.noDevicesSubtitle,All your devices are already assigned to zones. Add more devices or remove them from other zones first.,Todos os dispositivos já estão atribuídos a zonas. Adicione mais dispositivos ou remova-os de outras zonas.,
devices,assignModal.assigning,Assigning...,A atribuir...,
devices,assignModal.submit,Assign Device,Atribuir dispositivo,
devices,assignModal.pleaseSelect,Please select a device,Selecione um dispositivo,
devices,assignModal.failed,Failed to assign device,Falha ao atribuir dispositivo,
devices,createZoneModal.title,Create Zone,Criar zona,
devices,createZoneModal.zoneName,Zone Name,Nome da zona,
devices,createZoneModal.zoneNamePlaceholder,"e.g., Garden A, North Field, Orchard 1","ex. Jardim A, Campo Norte, Pomar 1",
devices,createZoneModal.zoneNameRequired,Zone name is required,O nome da zona é obrigatório,
devices,createZoneModal.creating,Creating...,A criar...,
devices,createZoneModal.submit,Create Zone,Criar zona,
devices,createZoneModal.failed,Failed to create zone,Falha ao criar zona,
devices,kiwiSensor.badge,KIWI SENSOR,SENSOR KIWI,
devices,kiwiSensor.tooDry,TOO DRY!,DEMASIADO SECO!,
devices,kiwiSensor.soilNeedsWater,Soil needs watering,O solo precisa de rega,
devices,kiwiSensor.removeConfirm,Remove this device?,Remover este dispositivo?,
devices,kiwiSensor.removeSubtitle,This will unlink the device from your account.,O dispositivo será desvinculado da sua conta.,
devices,kiwiSensor.yesRemove,"Yes, Remove","Sim, remover",
devices,kiwiSensor.removing,Removing...,A remover...,
devices,kiwiSensor.failedToRemove,Failed to remove device,Falha ao remover dispositivo,
devices,kiwiSensor.soilWaterTension1,SOIL WATER TENSION 1,TENSÃO HÍDRICA DO SOLO 1,
devices,kiwiSensor.soilWaterTension2,SOIL WATER TENSION 2,TENSÃO HÍDRICA DO SOLO 2,
devices,kiwiSensor.lightIntensity,LIGHT INTENSITY,INTENSIDADE LUMINOSA,
devices,kiwiSensor.ambientTemperature,AMBIENT TEMPERATURE,TEMPERATURA AMBIENTE,
devices,kiwiSensor.relativeHumidity,RELATIVE HUMIDITY,HUMIDADE RELATIVA,
devices,kiwiSensor.lastSeen,Last seen: {{minutes}} minutes ago,Visto há {{minutes}} minutos,
devices,kiwiSensor.neverSeen,Never seen,Nunca visto,
devices,kiwiSensor.settings,SETTINGS,DEFINIÇÕES,
devices,kiwiSensor.intervalLabel,Desired interval (minutes),Intervalo desejado (minutos),
devices,kiwiSensor.intervalPlaceholder,e.g. 15,ex. 15,
devices,kiwiSensor.intervalNote,Kiwi interval changes use LoRaWAN FPort 100. Enter whole minutes between 1 and 1440.,As alterações de intervalo do Kiwi usam o FPort 100 do LoRaWAN. Introduza um número inteiro de minutos entre 1 e 1440.,
devices,kiwiSensor.invalidInterval,Enter a whole number of minutes between 1 and 1440.,Introduza um número inteiro de minutos entre 1 e 1440.,
devices,kiwiSensor.applyInterval,Apply interval,Aplicar intervalo,
devices,kiwiSensor.applyingInterval,Applying interval...,A aplicar intervalo...,
devices,kiwiSensor.intervalPending,Uplink interval change requested for {{minutes}} minute(s).,Alteração do intervalo de uplink solicitada para {{minutes}} minuto(s).,
devices,kiwiSensor.failedToSetInterval,Failed to change Kiwi uplink interval,Falha ao alterar o intervalo de uplink do Kiwi,
devices,kiwiSensor.enableTempHumidityTitle,AMBIENT TEMPERATURE + HUMIDITY,TEMPERATURA AMBIENTE + HUMIDADE,
devices,kiwiSensor.enableTempHumidityNote,Enable ambient temperature and humidity reporting using the interval entered above.,Ativa o relatório de temperatura ambiente e humidade usando o intervalo introduzido acima.,
devices,kiwiSensor.enableTempHumidity,Enable temperature + humidity,Ativar temperatura + humidade,
devices,kiwiSensor.enablingTempHumidity,Enabling temperature + humidity...,A ativar temperatura + humidade...,
devices,kiwiSensor.enableTempHumidityPending,Ambient temperature and humidity reporting requested. The command uses a {{minutes}} minute interval.,Relatório de temperatura ambiente e humidade solicitado. O comando utiliza um intervalo de {{minutes}} minuto(s).,
devices,kiwiSensor.failedToEnableTempHumidity,Failed to enable Kiwi temperature and humidity,Falha ao ativar a temperatura e humidade do Kiwi,
devices,kiwiSensor.enableTempHumidityRequiresInterval,Enter a whole number of minutes between 1 and 1440 before enabling ambient temperature and humidity.,Introduza um número inteiro de minutos entre 1 e 1440 antes de ativar a temperatura e humidade ambiente.,
devices,stregaValve.badge,STREGA VALVE,VÁLVULA STREGA,
devices,stregaValve.status,STATUS,ESTADO,
devices,stregaValve.open,OPEN,ABERTA,
devices,stregaValve.closed,CLOSED,FECHADA,
devices,stregaValve.target,Target: {{state}},Objetivo: {{state}},
devices,stregaValve.opening,Opening...,A abrir...,
devices,stregaValve.closing,Closing...,A fechar...,
devices,stregaValve.removeConfirm,Remove this device?,Remover este dispositivo?,
devices,stregaValve.removeSubtitle,This will unlink the device from your account.,O dispositivo será desvinculado da sua conta.,
devices,stregaValve.yesRemove,"Yes, Remove","Sim, remover",
devices,stregaValve.removing,Removing...,A remover...,
devices,stregaValve.failedToRemove,Failed to remove device,Falha ao remover dispositivo,
devices,stregaValve.lastSeen,Last seen: {{minutes}} minutes ago,Visto há {{minutes}} minutos,
devices,stregaValve.neverSeen,Never seen,Nunca visto,
devices,stregaValve.settings,SETTINGS,DEFINIÇÕES,
devices,stregaValve.intervalLabel,Closed-box interval (minutes),Intervalo de caixa fechada (minutos),
devices,stregaValve.intervalPlaceholder,e.g. 10,ex. 10,
devices,stregaValve.intervalNote,OSI sets the normal closed-box interval on FPort 11. The opened interval stays fixed at 2 minutes and tamper remains enabled.,A OSI define o intervalo normal de caixa fechada no FPort 11. O intervalo de caixa aberta permanece fixo em 2 minutos e a deteção de adulteração permanece ativada.,
devices,stregaValve.invalidInterval,Enter a whole number of minutes between 1 and 255.,Introduza um número inteiro de minutos entre 1 e 255.,
devices,stregaValve.applyInterval,Apply interval,Aplicar intervalo,
devices,stregaValve.applyingInterval,Applying interval...,A aplicar intervalo...,
devices,stregaValve.intervalPending,Closed-box uplink interval change requested for {{minutes}} minute(s). The opened interval stays at 2 minutes.,Alteração do intervalo de uplink de caixa fechada solicitada para {{minutes}} minuto(s). O intervalo de caixa aberta permanece em 2 minutos.,
devices,stregaValve.failedToSetInterval,Failed to change Strega uplink interval,Falha ao alterar o intervalo de uplink do Strega,
devices,stregaValve.actuationFeedback.closed,Closed,Fechado,
devices,stregaValve.actuationFeedback.closedAt,Closed at {{time}},Fechado às {{time}},
devices,stregaValve.actuationFeedback.open,OPEN,ABERTO,
devices,stregaValve.actuationFeedback.openClosesAt,OPEN — closes at {{time}},ABERTO — fecha às {{time}},
devices,stregaValve.actuationFeedback.openQueued,Open queued,Abertura enfileirada,
devices,stregaValve.actuationFeedback.waitingForUplink,waiting for valve uplink (≈ {{minutes}} min),aguardando uplink da válvula (≈ {{minutes}} min),
devices,zone.deviceCount_one,{{count}} device,{{count}} dispositivo,
devices,zone.deviceCount_other,{{count}} devices,{{count}} dispositivos,
devices,zone.assignDevice,+ Device,+ Dispositivo,
devices,zone.deleteZone,Delete,Eliminar,
devices,zone.deleteConfirm,Delete this zone?,Eliminar esta zona?,
devices,zone.deleteSubtitle,All devices will be unassigned from this zone. This action cannot be undone.,Todos os dispositivos serão removidos desta zona. Esta ação não pode ser desfeita.,
devices,zone.yesDelete,"Yes, Delete","Sim, eliminar",
devices,zone.deleting,Deleting...,A eliminar...,
devices,zone.failedToDelete,Failed to delete zone,Falha ao eliminar zona,
devices,zone.failedToRemoveDevice,Failed to remove device from zone,Falha ao remover dispositivo da zona,
devices,zone.noDevices,No devices in this zone yet,Sem dispositivos nesta zona,
devices,zone.assignFirst,Assign First Device,Atribuir primeiro dispositivo,
devices,zone.devicesInZone,Devices in this zone:,Dispositivos nesta zona:,
devices,zone.data,Data,Dados,
devices,zone.export.title,Data export,Exportar dados,
devices,zone.export.selectRange,Pick a date range to download zone data.,Escolha um intervalo de datas para descarregar dados da zona.,
devices,zone.export.from,From,De,
devices,zone.export.to,To,Até,
devices,zone.export.granularity,Granularity,Granularidade,
devices,zone.export.raw,Raw,Bruto,
devices,zone.export.hourly,Hourly,Horário,
devices,zone.export.daily,Daily,Diário,
devices,zone.export.download,Download CSV,Descarregar CSV,
devices,zone.export.downloading,Preparing...,A preparar...,
devices,zone.export.rangeSummary,{{from}} to {{to}},{{from}} até {{to}},
devices,zone.export.error,Export failed,Falha na exportação,
devices,zone.export.tooLarge,Range too large. Choose a coarser granularity.,Intervalo muito grande. Escolha uma granularidade mais ampla.,
devices,zone.export.fullExport,Full export,Exportação completa,
devices,schedule.irrigationSchedule,Irrigation Schedule,Programa de rega,
devices,schedule.triggerMetric,Trigger Metric,Métrica de ativação,
devices,schedule.soilWaterTension1,Soil Water Tension 1,Tensão hídrica do solo 1,
devices,schedule.soilWaterTension2,Soil Water Tension 2,Tensão hídrica do solo 2,
devices,schedule.average,Average (WM1 + WM2),Média (WM1 + WM2),
devices,schedule.thresholdKpa,Threshold (kPa),Limiar (kPa),
devices,schedule.duration,Irrigation duration (min),Duração da rega (min),
devices,schedule.enabled,Enabled,Ativado,
devices,schedule.on,On,Sim,
devices,schedule.off,Off,Não,
devices,schedule.loadingSchedule,Loading schedule...,A carregar programa...,
devices,schedule.loadFailed,Failed to load schedule,Falha ao carregar programa,
devices,schedule.saving,Saving...,A guardar...,
devices,schedule.saveSchedule,Save schedule,Guardar programa,
devices,schedule.saveFailed,Failed to save schedule,Falha ao guardar programa,
devices,schedule.reload,Reload,Recarregar,
devices,schedule.reloadFailed,Failed to reload schedule,Falha ao recarregar programa,
devices,schedule.saved,Saved.,Guardado.,
devices,schedule.triggerHint,"Trigger if {{metric}} ≥ {{threshold}} kPa (once/day, 06:00).","Ativar se {{metric}} ≥ {{threshold}} kPa (uma vez/dia, 06:00).",
devices,environment.sectionTitle,Environment & weather forecast,Ambiente e previsão do tempo,
devices,environment.tabs.local,Local,Local,yes
devices,environment.tabs.online,Online,Online,yes
devices,environment.tabs.agronomic,Agronomic,Agronómico,
devices,environment.tabs.forecast,Forecast,Previsão,
devices,environment.source.openagri,OpenAgri,OpenAgri,yes
devices,environment.source.open_meteo,Open-Meteo,Open-Meteo,yes
devices,environment.source.local,Local sensors,Sensores locais,
devices,environment.source.unavailable,Unavailable,Indisponível,
devices,environment.cache.live,Live,Ao vivo,
devices,environment.cache.stale,Stale,Desatualizado,
devices,environment.cache.miss,No data,Sem dados,
devices,environment.location.zone,Zone coordinates,Coordenadas da zona,
devices,environment.location.gateway,Gateway GPS,GPS do gateway,
devices,environment.location.unavailable,No location set,Sem localização,
devices,environment.local.freshSensors,{{count}} fresh,{{count}} recente,
devices,environment.local.staleSensors_one,{{count}} stale,{{count}} desatualizado,
devices,environment.local.staleSensors_other,{{count}} stale,{{count}} desatualizados,
devices,environment.local.perDevice,Per-device readings,Leituras por dispositivo,
devices,environment.local.noData,No local sensor data available,Nenhum dado de sensor local disponível,
devices,environment.local.observedAt,Observed {{time}},Observado {{time}},
devices,environment.online.unavailable,No online weather available for this zone,Nenhum dado meteorológico online disponível para esta zona,
devices,environment.online.noLocation,Set zone coordinates to enable online weather,Defina as coordenadas da zona para ativar o clima online,
devices,environment.online.updatesAt,Updates at {{time}},Atualiza às {{time}},
devices,environment.agronomic.vpd,VPD,VPD,yes
devices,environment.agronomic.dewPoint,Dew point,Ponto de orvalho,
devices,environment.agronomic.heatIndex,Heat index,Índice de calor,
devices,environment.agronomic.thi,THI,THI,yes
devices,environment.agronomic.et0,Reference ET₀,ET₀ referência,
devices,environment.agronomic.kc,Crop coeff. Kc,Coef. cultura Kc,
devices,environment.agronomic.etc,Crop ET,ET cultura,
devices,environment.agronomic.noData,No agronomic data available,Nenhum dado agronómico disponível,
devices,environment.agronomic.fromSource,from {{source}},de {{source}},
devices,environment.forecast.next24h,Next 24 h,Próx. 24 h,
devices,environment.forecast.next72h,Next 72 h,Próx. 72 h,
devices,environment.forecast.nextRain,Next rain,Próxima chuva,
devices,environment.forecast.rainHours,Rain hours,Horas de chuva,
devices,environment.forecast.maxHourly,Peak hourly,Máx. por hora,
devices,environment.forecast.today,today,hoje,
devices,environment.forecast.tomorrow,tomorrow,amanhã,
devices,environment.forecast.noData,No forecast available,Previsão indisponível,
devices,environment.forecast.noLocation,Set zone coordinates to enable forecast,Defina as coordenadas da zona para ativar a previsão,
devices,environment.forecast.hourlyTitle,Hourly rain (next 24 h),Chuva por hora (próx. 24 h),
devices,environment.forecast.unavailable,Unavailable,Indisponível,
devices,environment.metrics.air_temperature_c,Air Temp,Temp. ar,
devices,environment.metrics.relative_humidity_pct,Humidity,Humidade,
devices,environment.metrics.probe_temperature_c,Probe Temp,Temp. sonda,
devices,environment.metrics.pressure_hpa,Pressure,Pressão,
devices,environment.metrics.wind_speed_mps,Wind,Vento,
devices,environment.metrics.wind_direction_deg,Wind Dir,Dir. vento,
devices,environment.metrics.rainfall_mm,Rainfall,Chuva,
devices,environment.metrics.light_lux,Light,Luz,
devices,environment.metrics.uv_index,UV Index,Índice UV,
devices,environment.metrics.soil_temperature_c,Soil Temp,Temp. solo,
devices,environment.metrics.soil_moisture_pct,Soil Moisture,Humidade solo,
devices,irrigationOutcomes.title,Recent irrigations,Regas recentes,
devices,irrigationOutcomes.updated,updated,atualizado,
devices,irrigationOutcomes.loading,Loading recent actuations…,A carregar ativações recentes…,
devices,irrigationOutcomes.error,Failed to load recent actuations,Falha ao carregar ativações recentes,
devices,irrigationOutcomes.empty,No recent irrigations recorded yet.,Nenhuma rega recente registada.,
devices,irrigationOutcomes.zoneUnknown,Zone ?,Zona ?,
devices,irrigationOutcomes.duration,Duration,Duração,
devices,irrigationOutcomes.totalVolume,Total volume: {{liters}},Volume total: {{liters}},
devices,irrigationOutcomes.irrigated,Irrigated: {{depth}},Regado: {{depth}},
devices,irrigationOutcomes.timestampTitle,{{label}}: {{absolute}} ({{relative}}),{{label}}: {{absolute}} ({{relative}}),yes
devices,irrigationOutcomes.settings,Recent irrigations settings,Definições de regas recentes,
devices,irrigationOutcomes.advancedView,Advanced view,Vista avançada,
devices,irrigationOutcomes.commanded,Commanded,Comandado,
devices,irrigationOutcomes.observedOpen,Confirmed open,Abertura confirmada,
devices,irrigationOutcomes.observedClose,Confirmed close,Fecho confirmado,
devices,irrigationOutcomes.status.PENDING_OPEN,Pending open,Abertura pendente,
devices,irrigationOutcomes.status.RUNNING,Running,Em execução,
devices,irrigationOutcomes.status.COMPLETED,Completed,Concluído,
devices,irrigationOutcomes.status.CANCELLED,Cancelled,Cancelado,
devices,irrigationOutcomes.status.COMMAND_FAILED,Command failed,Comando falhado,
devices,irrigationOutcomes.status.OPEN_TIMEOUT,Open timeout,Tempo de abertura esgotado,
devices,irrigationOutcomes.status.CLOSE_TIMEOUT,Close timeout,Tempo de fecho esgotado,
devices,irrigationOutcomes.status.UNKNOWN,Unknown,Desconhecido,
history,history.nav.history,History,Histórico,
history,history.nav.legacyDashboard,Legacy dashboard,Painel legado,
history,history.nav.logout,Logout,Terminar sessão,
history,history.shell.title,History,Histórico,
history,history.shell.subtitle,Local gateway history for {{username}},Histórico local do gateway para {{username}},
history,history.shell.loadingLocalCards,Loading local history cards...,A carregar cartões de histórico locais...,
history,history.shell.unavailableTitle,History is unavailable,O histórico não está disponível,
history,history.shell.unavailableBody,Runtime feature flags keep the new history shell off until the local gateway enables it.,Os sinalizadores de funcionalidade em runtime mantêm a nova interface de histórico desativada até o gateway local a ativar.,
history,history.shell.featureFlagFailed,The feature flag request failed. The legacy dashboard is still available.,O pedido do sinalizador de funcionalidade falhou. O painel legado continua disponível.,
history,history.shell.zonesFailedTitle,History zones failed to load,Falha ao carregar as zonas do histórico,
history,history.shell.noZonesTitle,No zones yet,Ainda não há zonas,
history,history.shell.noZonesBody,Create a zone from the legacy dashboard before opening thematic history.,Crie uma zona no painel legado antes de abrir o histórico temático.,
history,history.shell.cardsFailed,History cards failed to load.,Falha ao carregar os cartões de histórico.,
history,history.shell.retryCards,Retry cards,Tentar novamente os cartões,
history,history.export.open,Export,Exportar,
history,history.export.title,Export data,Exportar dados,
history,history.desktop.railLabel,Cards,Cartões,
history,history.desktop.toolbarTitle,Toolbar,Barra de ferramentas,
history,history.desktop.modeLabel,Desktop mode,Modo de ambiente de trabalho,
history,history.desktop.modeFocus,Focus,Foco,
history,history.desktop.modeCompare,Compare,Comparar,
history,history.desktop.viewSelectorLabel,Card view,Vista do cartão,
history,history.desktop.compareViewSelectorLabel,Compare view,Vista de comparação,
history,history.desktop.sourceSelectorLabel,Sources,Fontes,
history,history.desktop.rangeOverviewLabel,Time range overview,Vista geral do intervalo de tempo,
history,history.desktop.chartSurfaceLabel,"History chart, use arrow keys to pan and plus or minus to zoom",Gráfico de histórico; use as teclas de seta para deslocar e mais ou menos para ampliar ou reduzir,
history,history.desktop.zoomIn,Zoom in,Aumentar zoom,
history,history.desktop.zoomOut,Zoom out,Reduzir zoom,
history,history.desktop.resetZoom,Reset zoom,Repor zoom,
history,history.desktop.maxPanels,Up to {{count}} comparison panels,Até {{count}} painéis de comparação,
history,history.desktop.singleMode,Single,Único,
history,history.desktop.comparisonMode,Comparison,Comparação,
history,history.desktop.addPanel,Add panel {{title}},Adicionar painel {{title}},
history,history.desktop.removePanel,Remove panel,Remover painel,
history,history.desktop.panelLimitWarning,Only {{count}} comparison panels can be shown on this edge gateway.,Só é possível mostrar {{count}} painéis de comparação neste gateway local.,
history,history.desktop.selectedTimestampNone,No timestamp selected,Nenhuma data/hora selecionada,
history,history.desktop.selectedTimestamp,Selected timestamp: {{timestamp}},Data/hora selecionada: {{timestamp}},
history,history.desktop.inspectorTitle,Inspector,Inspetor,
history,history.desktop.inspectorPlaceholder,"Select a timestamp or calendar cell to see interpretation, events, data quality, and advanced metadata.","Selecione uma data/hora ou uma célula do calendário para ver a interpretação, os eventos, a qualidade dos dados e os metadados avançados.",
history,history.mobile.zoneLabel,Zone,Zona,
history,history.mobile.actions,History actions,Ações do histórico,
history,history.mobile.openActions,Open history actions,Abrir ações do histórico,
history,history.overview.empty,No history cards are available for this zone yet.,Ainda não há cartões de histórico disponíveis para esta zona.,
history,history.overview.openCard,Open {{title}} history,Abrir histórico de {{title}},
history,history.overview.cardTypeLabel,{{cardType}} card,Cartão de {{cardType}},
history,history.overview.pinCard,Pin card,Fixar cartão,
history,history.overview.unpinCard,Unpin card,Desafixar cartão,
history,history.overview.pinCardForTitle,Pin {{title}} card,Fixar cartão {{title}},
history,history.overview.unpinCardForTitle,Unpin {{title}} card,Desafixar cartão {{title}},
history,history.overview.pinned,Pinned,Fixado,
history,history.overview.alert,Attention,Atenção,
history,history.detail.backToHistory,Back to history,Voltar ao histórico,
history,history.detail.invalidRouteTitle,History card not available,Cartão de histórico não disponível,
history,history.detail.invalidRouteBody,Return to History and choose an available card.,Volte ao Histórico e escolha um cartão disponível.,
history,history.detail.loading,Loading history card...,A carregar cartão de histórico...,
history,history.detail.notFoundTitle,History card not available,Cartão de histórico não disponível,
history,history.detail.notFoundBody,Return to History and choose an available card.,Volte ao Histórico e escolha um cartão disponível.,
history,history.detail.controlsPlaceholder,Date range,Intervalo de datas,
history,history.detail.inspectorPlaceholder,Inspector,Inspetor,
history,history.detail.rangeControlLabel,Date range,Intervalo de datas,
history,history.detail.viewControlLabel,View,Vista,
history,history.detail.visualizationLabel,History visualization,Visualização do histórico,
history,history.detail.visualizationHelp,"Drag to pan, pinch to zoom, double tap to reset, or long press to inspect.","Arraste para deslocar, belisque para ampliar ou reduzir, toque duas vezes para repor ou mantenha premido para inspecionar.",
history,history.rangeShort.12h,12h,12h,yes
history,history.rangeShort.24h,24h,24h,yes
history,history.rangeShort.7d,7D,7D,yes
history,history.rangeShort.30d,30D,30D,yes
history,history.rangeShort.season,Season,Época,
history,history.rangeShort.custom,Custom,Personalizado,
history,history.sidebar.zones,Zones,Zonas,
history,history.sidebar.pinnedCards,Pinned cards,Cartões fixados,
history,history.sidebar.availableCards,Available cards,Cartões disponíveis,
history,history.sidebar.savedWorkspaces,Saved workspaces,Espaços de trabalho guardados,
history,history.sidebar.workspaceDisabled,Workspace saving is not enabled on this slice.,Guardar espaços de trabalho não está ativado nesta versão.,
history,history.sidebar.workspaceName,Workspace name,Nome do espaço de trabalho,
history,history.sidebar.saveWorkspace,Save workspace,Guardar espaço de trabalho,
history,history.sidebar.updateWorkspace,Update workspace,Atualizar espaço de trabalho,
history,history.sidebar.loadWorkspace,Load {{name}},Carregar {{name}},
history,history.sidebar.deleteWorkspace,Delete {{name}},Eliminar {{name}},
history,history.sidebar.defaultWorkspaceName,Local workspace,Espaço de trabalho local,
history,history.sidebar.pinCard,Pin,Fixar,
history,history.sidebar.unpinCard,Unpin,Desafixar,
history,history.sidebar.none,None,Nenhum,
history,history.carousel.empty,No history cards are available for this zone yet.,Ainda não há cartões de histórico disponíveis para esta zona.,
history,history.carousel.ariaLabel,History card carousel,Carrossel de cartões de histórico,
history,history.carousel.cardAriaLabel,{{title}} card,Cartão {{title}},
history,history.carousel.cardTypeLabel,{{cardType}} card,Cartão de {{cardType}},
history,history.carousel.pinned,Pinned,Fixado,
history,history.cardFrame.emptyTitle,Select a history card,Selecione um cartão de histórico,
history,history.cardFrame.emptyBody,Choose a zone and thematic card to inspect local history.,Escolha uma zona e um cartão temático para consultar o histórico local.,
history,history.cardFrame.typeHistory,{{cardType}} history,Histórico de {{cardType}},
history,history.cardFrame.viewModes,{{title}} view modes,Modos de vista de {{title}},
history,history.cardFrame.unavailable,This card is not available for the selected zone.,Este cartão não está disponível para a zona selecionada.,
history,history.cardFrame.timelineBrush,Timeline viewport,Área visível da linha do tempo,
history,history.cardFrame.timelineBrushKeyboardHelp,"Use arrow keys to pan, plus or minus to zoom, and Home or Enter to reset.","Use as teclas de seta para deslocar, mais ou menos para ampliar ou reduzir, e Home ou Enter para repor.",
history,history.cardFrame.aggregationBadge,Aggregation: {{aggregation}},Agregação: {{aggregation}},
history,history.cardFrame.placeholderBody,Chart and calendar data will load here when card data APIs are enabled.,Os dados do gráfico e do calendário serão carregados aqui quando as APIs de dados do cartão estiverem ativadas.,
history,history.cardFrame.cardDataLoading,Loading card data...,A carregar dados do cartão...,
history,history.cardFrame.cardDataError,Card data failed to load: {{message}},Falha ao carregar os dados do cartão: {{message}},
history,history.cardFrame.cardDataUnknownError,Unknown error,Erro desconhecido,
history,history.workspace.unavailablePanel,Unavailable panel,Painel indisponível,
history,history.workspace.repairPanel,Remove unavailable panel,Remover painel indisponível,
history,history.dendroTimeline.title,Growth timeline,Linha do tempo de crescimento,
history,history.dendroTimeline.emptyTitle,No dendrometer timeline data,Sem dados de linha do tempo do dendrómetro,
history,history.dendroTimeline.emptyBody,Dendrometer readings will appear here when history data is available.,As leituras do dendrómetro aparecerão aqui quando houver dados de histórico disponíveis.,
history,history.dendroTimeline.eventsTitle,Timeline events,Eventos da linha do tempo,
history,history.dendroTimeline.eventFallback,Dendrometer event,Evento do dendrómetro,
history,history.dendroTimeline.noEvents,No events in this range,Sem eventos neste intervalo,
history,history.dendroTimeline.pointsCount,{{count}} readings,{{count}} leituras,
history,history.dendroTimeline.series.stemChange,Stem change,Variação do caule,
history,history.dendroTimeline.series.growth,Growth,Crescimento,
history,history.dendroTimeline.series.shrinkage,Shrinkage,Contração,
history,history.dendroTimeline.series.dendrometer,Dendrometer,Dendrómetro,
history,history.environmentLineChart.title,Environment trend,Tendência ambiental,
history,history.environmentLineChart.emptyTitle,No environment trend data,Sem dados de tendência ambiental,
history,history.environmentLineChart.emptyBody,Environment readings will appear here when history data is available.,As leituras ambientais aparecerão aqui quando houver dados de histórico disponíveis.,
history,history.environmentLineChart.pointsCount,{{count}} readings,{{count}} leituras,
history,history.environmentLineChart.axisLabel,{{unit}} axis,Eixo de {{unit}},
history,history.environmentLineChart.axisNoUnit,Unitless axis,Eixo sem unidade,
history,history.environmentLineChart.series.airTemperature,Air temperature,Temperatura do ar,
history,history.environmentLineChart.series.humidity,Relative humidity,Humidade relativa,
history,history.environmentLineChart.series.rain,Rain,Chuva,
history,history.environmentLineChart.series.light,Light,Luz,
history,history.environmentLineChart.series.pressure,Pressure,Pressão,
history,history.environmentLineChart.series.wind,Wind,Vento,
history,history.environmentLineChart.series.uv,UV index,Índice UV,
history,history.environmentLineChart.series.environment,Environment,Ambiente,
history,history.dailyMinMax.title,Daily Min/Max,Mín/Máx diário,
history,history.dailyMinMax.emptyTitle,No daily min/max data,Sem dados de mín/máx diário,
history,history.dailyMinMax.emptyBody,Daily minimum and maximum readings are not available for this range.,As leituras mínimas e máximas diárias não estão disponíveis para este intervalo.,
history,history.dailyMinMax.pointsCount,{{count}} days,{{count}} dias,
history,history.dailyMinMax.axisLabel,{{unit}},{{unit}},yes
history,history.dailyMinMax.axisNoUnit,Value,Valor,
history,history.dailyMinMax.tooltipMin,Min,Mín,
history,history.dailyMinMax.tooltipMax,Max,Máx,
history,history.dailyMinMax.tooltipMean,Mean,Média,
history,history.dailyMinMax.series.airTemperature,Air temperature,Temperatura do ar,
history,history.dailyMinMax.series.environment,Environment,Ambiente,
history,history.gatewayStatus.title,Gateway status overview,Vista geral do estado do gateway,
history,history.gatewayStatus.emptyTitle,Limited gateway status data,Dados limitados sobre o estado do gateway,
history,history.gatewayStatus.emptyBody,Gateway status details will appear here as the hub reports them.,Os detalhes do estado do gateway aparecerão aqui à medida que o hub os reportar.,
history,history.gatewayStatus.lastSeen,Last seen,Visto pela última vez,
history,history.gatewayStatus.dataAsOf,Data as of,Dados a partir de,
history,history.gatewayStatus.syncState,Sync state,Estado de sincronização,
history,history.gatewayStatus.eventsTitle,Recent gateway events,Eventos recentes do gateway,
history,history.gatewayStatus.noEvents,No gateway events in this range.,Sem eventos do gateway neste intervalo.,
history,history.gatewayStatus.eventFallback,Gateway event,Evento do gateway,
history,history.gatewayStatus.status.ok,OK,OK,yes
history,history.gatewayStatus.status.online,Online,Online,yes
history,history.gatewayStatus.status.offline,Offline,Offline,yes
history,history.gatewayStatus.status.connected,Connected,Ligado,
history,history.gatewayStatus.status.disconnected,Disconnected,Desligado,
history,history.gatewayStatus.status.degraded,Degraded,Degradado,
history,history.gatewayStatus.status.stale,Stale,Desatualizado,
history,history.gatewayStatus.status.charging,Charging,A carregar,
history,history.gatewayStatus.category.connectivity,Connectivity,Conectividade,
history,history.gatewayStatus.category.storage,Storage,Armazenamento,
history,history.gatewayStatus.category.system,System,Sistema,
history,history.gatewayStatus.metric.signal,Signal,Sinal,
history,history.gatewayStatus.metric.storage,Storage use,Uso de armazenamento,
history,history.gatewayStatus.metric.memory,Memory use,Uso de memória,
history,history.gatewayStatus.metric.cpu,CPU,CPU,yes
history,history.gatewayStatus.metric.temperature,Temperature,Temperatura,
history,history.gatewayStatus.value.unavailable,Not reported,Não reportado,
history,history.irrigationTimeline.title,Irrigation event timeline,Linha do tempo de eventos de rega,
history,history.irrigationTimeline.emptyTitle,No irrigation events,Sem eventos de rega,
history,history.irrigationTimeline.emptyBody,Irrigation actions and response windows will appear here when history data is available.,As ações de rega e as janelas de resposta aparecerão aqui quando houver dados de histórico disponíveis.,
history,history.irrigationTimeline.eventsCount,{{count}} events,{{count}} eventos,
history,history.irrigationTimeline.eventLabel.irrigation,Irrigation event,Evento de rega,
history,history.irrigationTimeline.eventLabel.scheduled,Scheduled irrigation,Rega programada,
history,history.irrigationTimeline.eventLabel.manualOverride,Manual override,Substituição manual,
history,history.irrigationTimeline.eventLabel.possibleIneffective,Possible ineffective irrigation,Possível rega ineficaz,
history,history.irrigationTimeline.eventLabel.responseWindow,Response window,Janela de resposta,
history,history.irrigationTimeline.detail.duration,Duration: {{value}},Duração: {{value}},
history,history.irrigationTimeline.detail.responseWindow,Response window: {{value}},Janela de resposta: {{value}},
history,history.irrigationTimeline.detail.observedResponse,Observed response: {{value}},Resposta observada: {{value}},
history,history.irrigationTimeline.severity.info,Info,Informação,
history,history.irrigationTimeline.severity.warning,Warning,Aviso,
history,history.irrigationTimeline.severity.critical,Critical,Crítico,
history,history.irrigationTimeline.severity.success,Success,Sucesso,
history,history.irrigationTimeline.severity.unknown,Info,Informação,
history,history.cardType.soil,Soil,Solo,
history,history.cardType.dendro,Dendro,Dendro,yes
history,history.cardType.environment,Environment,Ambiente,
history,history.cardType.irrigation,Irrigation,Rega,
history,history.cardType.gateway,Gateway,Gateway,yes
history,history.viewMode.soil-profile,Soil Profile,Perfil do solo,
history,history.viewMode.line-chart,Line Chart,Gráfico de linhas,
history,history.viewMode.calendar,Calendar,Calendário,
history,history.viewMode.irrigation-response,Irrigation Response,Resposta à rega,
history,history.viewMode.advanced,Advanced View,Vista avançada,
history,history.viewMode.growth-timeline,Growth Timeline,Linha do tempo de crescimento,
history,history.viewMode.stress-events,Stress Events,Eventos de stress,
history,history.viewMode.daily-min-max,Daily Min/Max,Mín/Máx diário,
history,history.viewMode.event-timeline,Event Timeline,Linha do tempo de eventos,
history,history.viewMode.status-overview,Status Overview,Vista geral do estado,
history,history.viewMode.connectivity-timeline,Connectivity Timeline,Linha do tempo de conectividade,
history,history.metadata.coverageUnknown,Coverage unknown,Cobertura desconhecida,
history,history.metadata.coverageKnown,{{coverage}}% coverage,{{coverage}}% de cobertura,
history,history.metadata.coverageConfidence.configured,Configured cadence,Cadência configurada,
history,history.metadata.coverageConfidence.derived,Derived cadence,Cadência derivada,
history,history.metadata.coverageConfidence.unknown,Cadence unknown,Cadência desconhecida,
history,history.metadata.syncState.local,Local,Local,yes
history,history.metadata.syncState.synced,Synced,Sincronizado,
history,history.metadata.syncState.stale,Stale,Desatualizado,
history,history.metadata.syncState.degraded,Degraded,Degradado,
history,history.metadata.syncState.unknown,Unknown,Desconhecido,
history,history.metadata.aggregation.auto,Automatic,Automática,
history,history.metadata.aggregation.raw,Raw,Sem agregação,
history,history.metadata.aggregation.15m,15 min,15 min,yes
history,history.metadata.aggregation.hourly,Hourly,Horária,
history,history.metadata.aggregation.daily,Daily,Diária,
history,history.metadata.aggregation.weekly,Weekly,Semanal,
history,history.metadata.range.12h,12 hours,12 horas,
history,history.metadata.range.24h,24 hours,24 horas,
history,history.metadata.range.7d,7 days,7 dias,
history,history.metadata.range.30d,30 days,30 dias,
history,history.metadata.range.season,Season,Época,
history,history.metadata.range.custom,Custom range,Intervalo personalizado,
history,history.soilProfile.emptyTitle,No soil profile data,Sem dados de perfil do solo,
history,history.soilProfile.emptyBody,Depth-aware profile readings are not available for this range.,As leituras de perfil por profundidade não estão disponíveis para este intervalo.,
history,history.soilProfile.depthLabel,{{depth}} cm,{{depth}} cm,yes
history,history.soilProfile.depthUnknown,Depth pending,Profundidade pendente,
history,history.soilProfile.valueMissing,No reading,Sem leitura,
history,history.soilProfile.status.dry_stress,Dry stress,Stress de seca,
history,history.soilProfile.status.optimal,Optimal,Ótimo,
history,history.soilProfile.status.wet_excess,Wet excess,Excesso de água,
history,history.soilProfile.status.mixed,Mixed,Misto,
history,history.soilProfile.status.no_data,No data,Sem dados,
history,history.soilProfile.labelUnknown,Soil layer {{index}},Camada de solo {{index}},
history,history.soil.state.wet,Wet,Molhado,
history,history.soil.state.moist,Moist,Húmido,
history,history.soil.state.dry,Dry,Seco,
history,history.calendar.label,Calendar,Calendário,
history,history.calendar.title,Calendar,Calendário,
history,history.calendar.emptyTitle,No calendar data,Sem dados de calendário,
history,history.calendar.weekday.mon,Mon,Seg,
history,history.calendar.weekday.tue,Tue,Ter,
history,history.calendar.weekday.wed,Wed,Qua,
history,history.calendar.weekday.thu,Thu,Qui,
history,history.calendar.weekday.fri,Fri,Sex,
history,history.calendar.weekday.sat,Sat,Sáb,
history,history.calendar.weekday.sun,Sun,Dom,
history,history.calendar.state.dry_stress,Dry stress,Stress de seca,
history,history.calendar.state.optimal,Optimal,Ótimo,
history,history.calendar.state.wet_excess,Wet excess,Excesso de água,
history,history.calendar.state.mixed,Mixed,Misto,
history,history.calendar.state.normal_growth,Normal growth,Crescimento normal,
history,history.calendar.state.reduced_growth,Reduced growth,Crescimento reduzido,
history,history.calendar.state.high_shrinkage_stress,High shrinkage stress,Stress de contração elevado,
history,history.calendar.state.incomplete_night_recovery,Incomplete night recovery,Recuperação noturna incompleta,
history,history.calendar.state.normal,Normal,Normal,yes
history,history.calendar.state.heat_stress,Heat stress,Stress de calor,
history,history.calendar.state.cold_stress,Cold stress,Stress de frio,
history,history.calendar.state.high_humidity,High humidity,Humidade elevada,
history,history.calendar.state.rain_day,Rain day,Dia de chuva,
history,history.calendar.state.no_irrigation,No irrigation,Sem rega,
history,history.calendar.state.irrigation_event,Irrigation event,Evento de rega,
history,history.calendar.state.high_irrigation_frequency,High irrigation frequency,Frequência de rega elevada,
history,history.calendar.state.possible_ineffective_irrigation,Possible ineffective irrigation,Possível rega ineficaz,
history,history.calendar.state.manual_override,Manual override,Substituição manual,
history,history.calendar.state.offline,Offline,Offline,yes
history,history.calendar.state.no_data,No data,Sem dados,
history,history.calendar.marker.irrigation.no_irrigation,No irrigation marker,Marcador sem rega,
history,history.calendar.marker.irrigation.irrigation_event,Irrigation marker,Marcador de rega,
history,history.calendar.marker.irrigation.high_irrigation_frequency,High frequency marker,Marcador de frequência elevada,
history,history.calendar.marker.irrigation.possible_ineffective_irrigation,Possible ineffective irrigation marker,Marcador de possível rega ineficaz,
history,history.calendar.marker.irrigation.manual_override,Manual override marker,Marcador de substituição manual,
history,history.calendar.marker.rain,Rain,Chuva,
history,history.calendar.marker.sensor_gap,Sensor gap,Lacuna do sensor,
history,history.calendar.marker.heat_event,Heat event,Evento de calor,
history,history.calendar.marker.soil.dry_stress,Dry stress marker,Marcador de stress de seca,
history,history.calendar.marker.soil.optimal,Optimal marker,Marcador ótimo,
history,history.calendar.marker.soil.wet_excess,Wet marker,Marcador húmido,
history,history.calendar.marker.soil.mixed,Mixed marker,Marcador misto,
history,history.calendar.marker.dendro.normal_growth,Normal growth marker,Marcador de crescimento normal,
history,history.calendar.marker.dendro.reduced_growth,Reduced growth marker,Marcador de crescimento reduzido,
history,history.calendar.marker.dendro.high_shrinkage_stress,High shrinkage marker,Marcador de contração elevada,
history,history.calendar.marker.dendro.incomplete_night_recovery,Incomplete recovery marker,Marcador de recuperação incompleta,
history,history.calendar.marker.environment.normal,Normal marker,Marcador normal,
history,history.calendar.marker.environment.heat_stress,Heat marker,Marcador de calor,
history,history.calendar.marker.environment.cold_stress,Cold marker,Marcador de frio,
history,history.calendar.marker.environment.high_humidity,High humidity marker,Marcador de humidade elevada,
history,history.calendar.marker.environment.rain_day,Rain marker,Marcador de chuva,
history,history.calendar.summary.soil.dry_stress,Root zone was dry with {{sampleCount}} samples.,"Zona radicular seca, com {{sampleCount}} amostras.",
history,history.calendar.summary.soil.optimal,Root zone was optimal with {{sampleCount}} samples.,"Zona radicular ótima, com {{sampleCount}} amostras.",
history,history.calendar.summary.soil.wet_excess,Root zone was wet with {{sampleCount}} samples.,"Zona radicular húmida, com {{sampleCount}} amostras.",
history,history.calendar.summary.soil.mixed,Soil status was mixed across depths.,Estado do solo misto entre profundidades.,
history,history.calendar.summary.soil.no_data,No soil data was available.,Sem dados de solo disponíveis.,
history,history.calendar.summary.dendro.normal_growth,Stem growth looked normal.,Crescimento do caule normal.,
history,history.calendar.summary.dendro.reduced_growth,Stem growth was reduced.,Crescimento do caule reduzido.,
history,history.calendar.summary.dendro.high_shrinkage_stress,Stem shrinkage indicated stress.,Contração do caule indicou stress.,
history,history.calendar.summary.dendro.incomplete_night_recovery,Night recovery was incomplete.,Recuperação noturna incompleta.,
history,history.calendar.summary.dendro.no_data,No dendrometer data was available.,Sem dados do dendrómetro disponíveis.,
history,history.calendar.summary.environment.normal,Environment was normal.,Ambiente normal.,
history,history.calendar.summary.environment.heat_stress,Heat stress was detected.,Stress de calor detetado.,
history,history.calendar.summary.environment.cold_stress,Cold stress was detected.,Stress de frio detetado.,
history,history.calendar.summary.environment.high_humidity,High humidity was detected.,Humidade elevada detetada.,
history,history.calendar.summary.environment.rain_day,Rain was detected.,Chuva detetada.,
history,history.calendar.summary.environment.no_data,No environment data was available.,Sem dados ambientais disponíveis.,
history,history.calendar.summary.irrigation.no_irrigation,No irrigation occurred.,Não houve rega.,
history,history.calendar.summary.irrigation.irrigation_event,Irrigation occurred.,Houve rega.,
history,history.calendar.summary.irrigation.high_irrigation_frequency,Irrigation frequency was high.,Frequência de rega elevada.,
history,history.calendar.summary.irrigation.possible_ineffective_irrigation,Irrigation may have been ineffective.,A rega pode ter sido ineficaz.,
history,history.calendar.summary.irrigation.manual_override,Manual override occurred.,Houve substituição manual.,
history,history.calendar.summary.gateway.offline,Gateway connectivity was offline.,Conectividade do gateway offline.,
history,history.calendar.summary.gateway.normal,Gateway status was normal.,Estado do gateway normal.,
history,history.calendar.summary.gateway.no_data,No gateway data was available.,Sem dados do gateway disponíveis.,
history,history.interpretation.title,Interpretation,Interpretação,
history,history.interpretation.noData.title,No data in selected range,Sem dados no intervalo selecionado,
history,history.interpretation.noData.body,"This card is configured, but no measured history was available for the selected range.","Este cartão está configurado, mas não havia histórico medido disponível para o intervalo selecionado.",
history,history.interpretation.rootZoneDry.title,Root zone entered dry status,A zona radicular entrou em estado seco,
history,history.interpretation.rootZoneDry.body,Lower soil tension stayed dry through the selected period.,A tensão do solo em profundidade manteve-se seca durante o período selecionado.,
history,history.interpretation.dataCoverageGap.title,Sensor data is incomplete,Os dados do sensor estão incompletos,
history,history.interpretation.dataCoverageGap.body,Sensor data was missing during the selected period.,Faltaram dados do sensor durante o período selecionado.,
history,history.interpretation.incompleteNightRecovery.title,Night recovery was incomplete,A recuperação noturna foi incompleta,
history,history.interpretation.incompleteNightRecovery.body,The dendrometer did not fully recover overnight during the selected period.,O dendrómetro não recuperou totalmente durante a noite no período selecionado.,
history,history.interpretation.environmentStress.title,Environment stress detected,Stress ambiental detetado,
history,history.interpretation.environmentStress.body,Environment readings crossed a stress threshold in the selected range.,As leituras ambientais ultrapassaram um limiar de stress no intervalo selecionado.,
history,history.interpretation.extensionUnavailable.title,Cloud context unavailable,Contexto na nuvem indisponível,
history,history.interpretation.prediction.title,Prediction context,Contexto de predição,
history,history.interpretation.prediction.body,Prediction context is available for this zone.,Existe contexto de predição disponível para esta zona.,
history,history.interpretation.recommendation.irrigate,Irrigate,Regar,
history,history.interpretation.recommendation.monitor,Monitor,Monitorizar,
history,history.advanced.title,Advanced diagnostics,Diagnóstico avançado,
history,history.advanced.loading,Loading advanced diagnostics...,A carregar diagnóstico avançado...,
history,history.advanced.emptyTitle,No advanced diagnostics,Sem diagnóstico avançado,
history,history.advanced.value.unavailable,Unavailable,Indisponível,
history,history.advanced.availability.collected,Collected,Recolhido,
history,history.advanced.availability.not_collected_at_time,Not collected then,Não recolhido nessa altura,
history,history.advanced.availability.unknown_now,Unknown now,Desconhecido atualmente,
history,history.advanced.availability.unsupported,Unsupported,Não suportado,
history,history.advanced.field.device_eui,Device EUI,EUI do dispositivo,
history,history.advanced.field.primaryDeveui,Device EUI,EUI do dispositivo,
history,history.advanced.field.rssi,RSSI,RSSI,yes
history,history.advanced.field.snr,SNR,SNR,yes
history,history.advanced.field.raw_payload,Raw payload,Payload em bruto,
history,history.advanced.field.rawPayload,Raw payload,Payload em bruto,
history,history.advanced.field.firmware,Firmware,Firmware,yes
history,history.advanced.field.calibration,Calibration,Calibração,
history,history.advanced.field.prediction,Prediction,Predição,
history,history.advanced.field.forecast,Forecast,Previsão,
history,history.advanced.field.pending_commands,Pending commands,Comandos pendentes,
history,history.advanced.field.batteryPct,Battery percent,Percentagem da bateria,
history,history.advanced.field.batteryVoltage,Battery voltage,Voltagem da bateria,
history,history.advanced.field.calibrationStatus,Calibration status,Estado da calibração,
history,history.advanced.field.firmwareVersion,Firmware version,Versão do firmware,
history,history.advanced.field.gatewayEui,Gateway EUI,EUI do gateway,
history,history.advanced.field.gatewayLatitude,Gateway latitude,Latitude do gateway,
history,history.advanced.field.gatewayLocationStatus,Gateway location status,Estado da localização do gateway,
history,history.advanced.field.gatewayLongitude,Gateway longitude,Longitude do gateway,
history,history.advanced.field.logicalSourceKey,Logical source key,Chave de origem lógica,
history,history.advanced.field.pendingCommands,Pending commands,Comandos pendentes,
history,history.advanced.field.rawRowCount,Raw row count,Número de linhas em bruto,
history,history.advanced.field.sourceDeviceCount,Source device count,Número de dispositivos de origem,
history,history.source.multipleNamed,{{count}} sources: {{names}},{{count}} fontes: {{names}},
history,history.source.multiple,{{count}} sources,{{count}} fontes,
history,history.soilLineChart.title,Soil line chart,Gráfico de linhas do solo,
history,history.soilLineChart.emptyTitle,No soil trend data,Sem dados de tendência do solo,
history,history.soilLineChart.emptyBody,Soil tension readings will appear here when history data is available.,As leituras de tensão do solo aparecerão aqui quando houver dados de histórico disponíveis.,
history,history.soilLineChart.pointsCount,{{count}} readings,{{count}} leituras,
history,history.soilLineChart.axisLabel,{{unit}} axis,Eixo de {{unit}},
history,history.soilLineChart.series.soil1,Soil 1,Solo 1,
history,history.soilLineChart.series.soil2,Soil 2,Solo 2,
history,history.soilLineChart.series.soil3,Soil 3,Solo 3,
history,history.soilLineChart.series.soil,Soil {{index}},Solo {{index}},
history,history.soilLineChart.series.sensor,Sensor {{index}},Sensor {{index}},yes
history,history.soilIrrigationResponse.title,Soil irrigation response,Resposta da rega no solo,
history,history.soilIrrigationResponse.emptyTitle,No irrigation response events,Sem eventos de resposta à rega,
history,history.soilIrrigationResponse.emptyBody,No irrigation response events in this range.,Sem eventos de resposta à rega neste intervalo.,
history,history.soilIrrigationResponse.eventsCount,{{count}} events,{{count}} eventos,
history,history.soilIrrigationResponse.eventFallback,Irrigation response,Resposta à rega,
history,history.soilIrrigationResponse.duration,Duration: {{value}} min,Duração: {{value}} min,
history,history.soilIrrigationResponse.interpretationsTitle,Response notes,Notas de resposta,
history,history.dendroLineChart.title,Dendro line chart,Gráfico de linhas do dendro,
history,history.dendroLineChart.emptyTitle,No dendrometer line data,Sem dados de linha do dendrómetro,
history,history.dendroLineChart.emptyBody,Dendrometer readings will appear here when history data is available.,As leituras do dendrómetro aparecerão aqui quando houver dados de histórico disponíveis.,
history,history.dendroLineChart.pointsCount,{{count}} readings,{{count}} leituras,
history,history.dendroLineChart.series.stemChange,Stem change,Variação do caule,
history,history.dendroLineChart.series.growth,Growth,Crescimento,
history,history.dendroLineChart.series.shrinkage,Shrinkage,Contração,
history,history.dendroLineChart.series.position,Position,Posição,
history,history.dendroLineChart.series.dendrometer,Dendrometer,Dendrómetro,
history,history.dendroStressEvents.title,Dendro stress events,Eventos de stress do dendro,
history,history.dendroStressEvents.emptyTitle,No stress events,Sem eventos de stress,
history,history.dendroStressEvents.emptyBody,No stress events in this range.,Sem eventos de stress neste intervalo.,
history,history.dendroStressEvents.eventsCount,{{count}} events,{{count}} eventos,
history,history.dendroStressEvents.interpretationsTitle,Stress notes,Notas de stress,
history,history.dendroStressEvents.event.stress,Stress event,Evento de stress,
history,history.dendroStressEvents.event.shrinkage,Shrinkage stress,Stress de contração,
history,history.dendroStressEvents.event.incompleteRecovery,Incomplete recovery,Recuperação incompleta,
history,history.sourceFilter.label,Source,Fonte,
history,history.sourceFilter.all,All,Todas,
history,history.settings.open,Open card settings,Abrir definições do cartão,
history,history.settings.menuLabel,Card settings,Definições do cartão,
history,history.settings.advancedView,Advanced View,Vista avançada,
history,history.settings.cardSettings,Card settings,Definições do cartão,
history,history.settings.resetRange,Reset range,Repor intervalo,
history,history.settings.cardSettingsUnavailable,Card settings are not available yet.,As definições do cartão ainda não estão disponíveis.,
history,history.settings.refresh,Refresh,Atualizar,
history,history.inspector.title,Inspector,Inspetor,
history,history.inspector.context,Selected point,Ponto selecionado,
history,history.inspector.close,Close,Fechar,
history,history.inspector.timestamp,Timestamp,Data/hora,
history,history.inspector.date,Date,Data,
history,history.inspector.source,Source,Fonte,
history,history.inspector.coverage,Coverage,Cobertura,
history,history.inspector.syncState,Sync state,Estado de sincronização,
history,history.inspector.dataAsOf,Data as of,Dados a partir de,
history,history.inspector.events,Events,Eventos,
history,history.inspector.noInterpretation,No local interpretation for this selection.,Sem interpretação local para esta seleção.,
history,history.inspector.eventFallback,History event,Evento de histórico,
history,history.sources.button,Sources,Fontes,
history,history.sources.menuLabel,Card sources,Fontes do cartão,
journal,title,Field journal,Diário de campo,
journal,welcome,Activity record for {{username}},Registo de atividades de {{username}},
journal,comingSoon.badge,In development,Em desenvolvimento,
journal,comingSoon.heading,The field journal is being built,O diário de campo está a ser criado,
journal,comingSoon.body,"Log what happened in the field — irrigation, spraying, seeding, harvest, observations — so your sensor curves and analytics can be read in context. Entries anchor to a plot, capture the sensor snapshot at the moment of the activity, and appear as markers on your history charts.","Registe o que aconteceu no campo — rega, pulverização, sementeira, colheita, observações — para que as curvas dos sensores e as análises possam ser lidas em contexto. Os registos ficam associados a uma parcela, captam o estado dos sensores no momento da atividade e aparecem como marcadores nos gráficos de histórico.",
journal,comingSoon.captureTitle,Fast capture,Registo rápido,
journal,comingSoon.captureBody,"Six recent activities on a tap grid, product-first entry, and a plain-language confirmation line before every save.","Seis atividades recentes numa grelha de toque, registo com o produto em primeiro lugar e uma linha de confirmação em linguagem simples antes de guardar cada registo.",
journal,comingSoon.recordTitle,A real farm record,Um registo real da quinta,
journal,comingSoon.recordBody,"Structured, machine-readable entries per plot with frozen provenance — a detailed record designed for compliance profiles later.","Registos estruturados e legíveis por máquina, por parcela, com proveniência imutável — um registo detalhado, pensado para futuros perfis de conformidade.",
journal,comingSoon.syncTitle,Honest sync,Sincronização transparente,
journal,comingSoon.syncBody,Every entry tells you whether it is saved on the farm gateway or waiting for it. Nothing is silently lost.,Cada registo indica se já está guardado no gateway da quinta ou se ainda aguarda ser guardado. Nada se perde sem aviso.,
journal,row.farmLevel,Farm-level,Nível da quinta,
journal,row.unknownPlot,Unknown plot,Parcela desconhecida,
journal,row.status.final,Final,Final,yes
journal,row.status.draft,Draft,Rascunho,
journal,row.status.voided,Voided,Anulado,
journal,activity.irrigation,Irrigation,Rega,
journal,activity.fertigation,Fertigation,Fertirrigação,
journal,activity.fertilization,Fertilization,Fertilização,
journal,activity.seeding,Seeding,Sementeira,
journal,activity.harvest,Harvest,Colheita,
journal,activity.general_observation,Observation,Observação,
journal,timeline.empty,No activities logged yet.,Ainda não há atividades registadas.,
journal,timeline.loading,Loading activities…,A carregar atividades…,
journal,timeline.batch,Batch activity,Atividade em lote,
journal,timeline.batchExpand,Expand batch,Expandir lote,
journal,timeline.batchCollapse,Collapse batch,Recolher lote,
journal,timeline.batchLoading,Loading batch entries…,A carregar registos do lote…,
journal,timeline.batchError,Unable to load batch entries.,Não foi possível carregar os registos do lote.,
journal,timeline.batchRetry,Retry,Tentar novamente,
journal,where.station,Station,Estação,
journal,where.unstationed,Unstationed plots,Parcelas sem estação,
journal,where.namedPlots,Named plots,Parcelas com nome,
journal,where.noStation,No station,Sem estação,
journal,where.selectAll,Select all,Selecionar todas,
journal,where.invert,Invert selection,Inverter seleção,
journal,where.range,Station range,Intervalo de estações,
journal,where.applyRange,Apply range,Aplicar intervalo,
journal,where.rangeSummary,{{label}} · {{plotCount}} · {{selectedCount}},{{label}} · {{plotCount}} · {{selectedCount}},yes
journal,where.rangePlotCount,plots,parcelas,
journal,where.rangePlotCount_one,{{count}} plot,{{count}} parcela,
journal,where.rangePlotCount_other,{{count}} plots,{{count}} parcelas,
journal,where.rangeSelectedCount,selected,selecionadas,
journal,where.rangeSelectedCount_one,{{count}} selected,{{count}} selecionada,
journal,where.rangeSelectedCount_other,{{count}} selected,{{count}} selecionadas,
journal,where.rangeEmpty,The station range is empty.,O intervalo de estações está vazio.,
journal,where.rangeMalformed,The station range is invalid.,O intervalo de estações não é válido.,
journal,where.rangeOutOfStation,The range contains a plot outside this station.,O intervalo contém uma parcela fora desta estação.,
journal,where.rangeDuplicate,The station range repeats a value.,O intervalo de estações repete um valor.,
journal,where.rangeReversed,The station range is reversed.,O intervalo de estações está invertido.,
journal,where.rangeNonInteger,The station range must use whole numbers.,O intervalo de estações deve utilizar números inteiros.,
journal,where.rangeNonPositive,The station range must use positive numbers.,O intervalo de estações deve utilizar números positivos.,
journal,where.mixedLayout,Selected plots use different layouts.,As parcelas selecionadas utilizam layouts diferentes.,
journal,where.maxPlots,Selected plots,Parcelas selecionadas,
journal,where.maxPlotsError,Select no more than {{count}} plots.,Selecione no máximo {{count}} parcelas.,
journal,where.noPlot,No plot,Sem parcela,
journal,where.selectionCount,plots selected,parcelas selecionadas,
journal,where.selectionCount_one,{{count}} plot selected,{{count}} parcela selecionada,
journal,where.selectionCount_other,{{count}} plots selected,{{count}} parcelas selecionadas,
journal,where.staleSelection,This selection changed. Refresh and try again.,Esta seleção foi alterada. Volte a carregá-la e tente novamente.,
journal,where.createGroup,Create group,Criar grupo,
journal,where.editGroup,Edit group,Editar grupo,
journal,where.groupLabel,Group label,Nome do grupo,
journal,where.saveGroup,Save group,Guardar grupo,
journal,where.cancel,Cancel,Cancelar,
journal,where.loading,Loading…,A carregar…,
journal,where.retry,Retry,Tentar novamente,
journal,group.members,Plot groups,Grupos de parcelas,
journal,group.members_one,{{count}} plot,{{count}} parcela,
journal,group.members_other,{{count}} plots,{{count}} parcelas,
journal,group.unavailableMembers,Some group members are unavailable.,Alguns membros do grupo não estão disponíveis.,
journal,group.resolved,Resolved,Dissolvido,
journal,group.resolve,Resolve group,Dissolver grupo,
journal,group.resolveError,Could not resolve this group.,Não foi possível dissolver este grupo.,
journal,group.changedError,This group changed. Refresh and try again.,Este grupo foi alterado. Atualize a página e tente novamente.,
journal,group.resolutionRegion,Harvest group resolution,Dissolução do grupo após a colheita,
journal,group.resolveHeading,Resolve harvest group,Dissolver o grupo de colheita,
journal,group.resolveAction,Resolve group,Dissolver grupo,
journal,group.resolving,Resolving…,A dissolver…,
journal,group.heterogeneous,The group contains incompatible layouts.,O grupo contém layouts incompatíveis.,
journal,group.create,Create group,Criar grupo,
journal,group.edit,Edit group,Editar grupo,
journal,group.loading,Loading groups…,A carregar grupos…,
journal,group.error,Could not save the plot group.,Não foi possível guardar o grupo de parcelas.,
journal,group.retry,Retry,Tentar novamente,
journal,plot.create,Create plot,Criar parcela,
journal,plot.update,Update plot,Atualizar parcela,
journal,plot.new,New plot,Nova parcela,
journal,plot.edit,Edit selected plot,Editar parcela selecionada,
journal,plot.code,Plot code,Código da parcela,
journal,plot.name,Name,Nome,
journal,plot.zone,Zone,Zona,
journal,plot.station,Station,Estação,
journal,plot.cropHint,Crop hint,Indicação da cultura,
journal,plot.area,Area (m²),Área (m²),
journal,plot.active,Active,Ativa,
journal,plot.layout,Layout,Layout,yes
journal,plot.save,Save,Guardar,
journal,plot.cancel,Cancel,Cancelar,
journal,plot.layoutRequired,Select an active layout,Selecione um layout ativo,
journal,plot.stale,This plot changed elsewhere. Reload before saving.,Esta parcela foi alterada noutro local. Volte a carregá-la antes de guardar.,
journal,plot.codeConflict,Plot code is already in use.,O código da parcela já está a ser utilizado.,
journal,plot.heterogeneousGroup,The plot belongs to a heterogeneous group.,A parcela pertence a um grupo heterogéneo.,
journal,plot.unresolvedGroup,Resolve the plot group before deactivating this plot.,Dissolva o grupo de parcelas antes de desativar esta parcela.,
journal,plot.loading,Saving…,A guardar…,
journal,plot.error,Could not save the plot.,Não foi possível guardar a parcela.,
journal,plot.retry,Retry,Tentar novamente,
journal,batch.saving,Saving…,A guardar…,
journal,batch.saved,Saved,Guardado,
journal,batch.confirm,Review batch before saving,Rever o lote antes de guardar,
journal,batch.confirmCount,plots,parcelas,
journal,batch.confirmCount_one,{{count}} plot,{{count}} parcela,
journal,batch.confirmCount_other,{{count}} plots,{{count}} parcelas,
journal,batch.duplicateTitle,Duplicate entries found,Foram encontrados registos duplicados,
journal,batch.duplicateBody,Review every duplicate candidate before saving this batch.,Reveja cada possível duplicado antes de guardar este lote.,
journal,batch.duplicateAcknowledge,Acknowledge all and retry,Confirmar todos e tentar novamente,
journal,batch.count,plots,parcelas,
journal,batch.count_one,{{count}} plot,{{count}} parcela,
journal,batch.count_other,{{count}} plots,{{count}} parcelas,
journal,batch.retry,Retry,Tentar novamente,
journal,unavailable.title,Journal not available,Diário não disponível,
journal,unavailable.body,This gateway does not yet have the field journal. Update the gateway firmware to enable it.,Este gateway ainda não tem o diário de campo. Atualize o firmware do gateway para o ativar.,
journal,error.title,Could not load the journal,Não foi possível carregar o diário,
journal,error.body,The gateway did not answer successfully. Try again.,O gateway não respondeu com sucesso. Tente novamente.,
journal,error.retry,Try again,Tentar novamente,
journal,filters.plot,Plot,Parcela,
journal,filters.allPlots,All plots,Todas as parcelas,
journal,filters.activity,Activity,Atividade,
journal,filters.allActivities,All activities,Todas as atividades,
journal,logActivity,Log activity,Registar atividade,
journal,capture.title,Log activity,Registar atividade,
journal,capture.close,Close,Fechar,
journal,capture.back,Back,Voltar,
journal,capture.next,Next,Seguinte,
journal,capture.finish,Finish,Concluir,
journal,capture.where.title,Where did this happen?,Onde aconteceu isto?,
journal,capture.where.plot,Plot,Parcela,
journal,capture.where.selectPlot,Select a plot,Selecionar uma parcela,
journal,capture.where.farmLevel,Whole farm,Quinta inteira,
journal,capture.where.noPlot,No plot,Sem parcela,
journal,capture.where.linkedZone,Linked to a sensor zone,Associada a uma zona de sensor,
journal,capture.where.sensorless,No linked sensor zone,Sem zona de sensor associada,
journal,capture.where.layout,Layout,Layout,yes
journal,capture.where.timezone,Timezone,Fuso horário,
journal,capture.picker.title,What happened?,O que aconteceu?,
journal,capture.picker.recentOnPlot,Recent on this plot,Recentes nesta parcela,
journal,capture.picker.commonThisSeason,Common this season,Comuns nesta época,
journal,capture.picker.farmRecent,Recent on this farm,Recentes nesta quinta,
journal,capture.picker.allOptions,All options,Todas as opções,
journal,capture.picker.more,More activities,Mais atividades,
journal,capture.picker.search,Search activities,Pesquisar atividades,
journal,capture.picker.searchPlaceholder,Search by name or code,Pesquisar por nome ou código,
journal,capture.picker.browseAll,Browse all,Ver todas,
journal,capture.picker.noResults,No matching activities,Nenhuma atividade correspondente,
journal,capture.picker.unsupported,This activity is not available for the selected layout,Esta atividade não está disponível para o layout selecionado,
journal,capture.form.title,Activity details,Detalhes da atividade,
journal,capture.form.detailLevel,Detail level,Nível de detalhe,
journal,capture.form.quick,Quick,Rápido,
journal,capture.form.full,Full,Completo,
journal,capture.form.research,Research,Investigação,
journal,capture.form.layout,Layout,Layout,yes
journal,capture.form.required,Required,Obrigatório,
journal,capture.form.optional,Optional,Opcional,
journal,capture.form.select,Select an option,Selecionar uma opção,
journal,capture.form.value,Value,Valor,
journal,capture.form.unit,Unit,Unidade,
journal,capture.form.decrease,Decrease,Diminuir,
journal,capture.form.increase,Increase,Aumentar,
journal,capture.form.add,Add another,Adicionar outro,
journal,capture.form.remove,Remove,Remover,
journal,capture.form.product,Product,Produto,
journal,capture.form.derivedNutrients,Calculated from product composition,Calculado a partir da composição do produto,
journal,capture.form.noProducts,No active products are available,Não há produtos ativos disponíveis,
journal,capture.form.note,Note,Nota,
journal,capture.form.booleanYes,Yes,Sim,
journal,capture.form.booleanNo,No,Não,
journal,capture.validation.required,Complete this field,Preencha este campo,
journal,capture.validation.invalidNumber,Enter a valid number,Introduza um número válido,
journal,capture.validation.minimum,Enter a value of at least {{min}},Introduza um valor igual ou superior a {{min}},
journal,capture.validation.maximum,Enter a value no greater than {{max}},Introduza um valor igual ou inferior a {{max}},
journal,capture.validation.incompatibleUnit,This unit cannot be used for this value,Esta unidade não pode ser utilizada para este valor,
journal,capture.validation.crossBasis,This unit uses a different measurement basis,Esta unidade utiliza uma base de medição diferente,
journal,capture.validation.invalidDependency,The selected options do not form a valid combination,As opções selecionadas não formam uma combinação válida,
journal,capture.validation.invalidDefinition,This journal form is not available,Este formulário do diário não está disponível,
journal,capture.validation.layoutTemplateMismatch,This detail level is not available for the selected layout,Este nível de detalhe não está disponível para o layout selecionado,
journal,capture.validation.cropRequired,Enter a crop because no active season covers this plot,Indique uma cultura porque nenhuma época ativa cobre esta parcela,
journal,capture.validation.invalidLocalTime,Enter a valid local date and time,Introduza uma data e hora locais válidas,
journal,capture.validation.invalidTimezone,Select a supported timezone,Selecione um fuso horário suportado,
journal,capture.validation.nonexistentLocalTime,This local time does not exist because the clock moves forward,Esta hora local não existe porque o relógio avança,
journal,capture.validation.ambiguousLocalTime,This local time occurs twice because the clock moves back,Esta hora local ocorre duas vezes porque o relógio atrasa,
journal,capture.validation.chooseUtcOffset,Choose which UTC offset applies,Escolha o desvio UTC aplicável,
journal,capture.validation.invalidUtcOffset,The selected UTC offset does not match this local time,O desvio UTC selecionado não corresponde a esta hora local,
journal,capture.carry.prefilled,Copied from the latest compatible entry,Copiado do registo compatível mais recente,
journal,capture.carry.repeatTreatment,Repeat last treatment,Repetir último tratamento,
journal,capture.carry.repeatTreatmentDescription,Review the previous treatment before copying its protected fields,Reveja o tratamento anterior antes de copiar os seus campos protegidos,
journal,capture.carry.sourceDate,Previous date,Data anterior,
journal,capture.carry.crop,Crop,Cultura,
journal,capture.carry.product,Product,Produto,
journal,capture.carry.rate,Rate,Dose,
journal,capture.carry.useValues,Use these values,Utilizar estes valores,
journal,capture.carry.dismiss,Do not copy,Não copiar,
journal,capture.carry.invalidated,"The previous treatment no longer matches this plot, crop, time, season, or layout","O tratamento anterior deixou de corresponder a esta parcela, cultura, hora, época ou layout",
journal,capture.confirm.title,Review before saving,Reveja antes de guardar,
journal,capture.confirm.activity,Activity,Atividade,
journal,capture.confirm.plot,Plot,Parcela,
journal,capture.confirm.farmLevel,Whole farm,Quinta inteira,
journal,capture.confirm.layout,Layout,Layout,yes
journal,capture.confirm.occurrence,When,Quando,
journal,capture.confirm.values,Details,Detalhes,
journal,capture.confirm.edit,Edit,Editar,
journal,capture.confirm.ready,Ready to save,Pronto para guardar,
journal,capture.confirm.duplicateTitle,A similar activity already exists,Já existe uma atividade semelhante,
journal,capture.confirm.duplicateBody,Review the existing entry before saving another record,Reveja o registo existente antes de guardar outro registo,
journal,capture.confirm.openExisting,Open existing,Abrir existente,
journal,capture.confirm.saveSeparately,Save separately,Guardar em separado,
journal,capture.save.saving,Saving…,A guardar…,
journal,capture.save.draftSavedGateway,Draft saved on farm gateway,Rascunho guardado no gateway da quinta,
journal,capture.save.finalSavedGateway,Saved on farm gateway,Guardado no gateway da quinta,
journal,capture.save.cloudWaiting,Saved on OSI Server — waiting for farm gateway,Guardado no OSI Server — a aguardar o gateway da quinta,
journal,capture.save.notSaved,Not saved,Não guardado,
journal,capture.save.retry,Try again,Tentar novamente,
journal,capture.save.lossWarning,Changes are held only in this open screen until the gateway saves them,As alterações ficam apenas neste ecrã aberto até o gateway as guardar,
journal,capture.save.leaveWarning,Leaving now will discard changes that the gateway has not saved,Sair agora descarta as alterações que o gateway ainda não guardou,
settings,entryPoint,Settings,Definições,
settings,title,Settings,Definições,
settings,backToDashboard,Back to dashboard,Voltar ao painel,
settings,languageTitle,Language,Idioma,
settings,appearanceTitle,Appearance,Aparência,
settings,theme,Theme,Tema,
settings,light,Light,Claro,
settings,dark,Dark,Escuro,
settings,system,System,Sistema,
settings,unitsTitle,Units & Display,Unidades e visualização,
settings,swtUnit,Soil water tension unit,Unidade de tensão hídrica do solo,
settings,kpa,kPa,kPa,yes
settings,pf,pF,pF,yes
settings,swtSample,SWT sample,Exemplo SWT,
settings,modulesTitle,Modules,Módulos,
settings,predictionAdvisory,Prediction advisory,Aviso preditivo,
settings,predictionAdvisoryWarning,"Experimental, do not use for production!","Experimental, não usar em produção!",
settings,waterCard,Water balance,Balanço hídrico,
settings,irrigationSchedule,Irrigation schedule,Programa de irrigação,
settings,environmentCard,Environment & weather forecast,Ambiente e previsão do tempo,
settings,schedulerDisableConfirm,Disable all active irrigation schedules before hiding this module?,Desativar todos os programas de irrigação ativos antes de ocultar este módulo?,
settings,schedulerDisableSuccess_one,Disabled {{count}} active schedule.,{{count}} programa ativo desativado.,
settings,schedulerDisableSuccess_other,Disabled {{count}} active schedules.,{{count}} programas ativos desativados.,
settings,schedulerDisableError,Could not disable irrigation schedules,Não foi possível desativar os programas de irrigação,
settings,dataTitle,Data & Refresh,Dados e atualização,
settings,autoRefresh,Auto-refresh dashboard,Atualizar automaticamente o painel,
settings,on,On,Ligado,
settings,off,Off,Desligado,
settings,userRequestTitle,User request,Pedido do utilizador,
settings,requestType,Request type,Tipo de pedido,
settings,bugFix,Bug fix,Correção,
settings,featureRequest,Feature request,Pedido de funcionalidade,
settings,requestTitle,Title,Título,
settings,contactEmail,Email address (optional),Endereço de email (opcional),
settings,requestArea,Area,Área,
settings,requestImpact,Impact,Impacto,
settings,requestDescription,Description,Descrição,
settings,requestShareConsent,May be shared publicly without private farm details.,Pode ser partilhado publicamente sem detalhes privados da exploração.,
settings,requestIncludeDiagnostics,Include diagnostics,Incluir diagnósticos,
settings,requestSubmit,Save request,Guardar pedido,
settings,requestSubmitting,Saving...,A guardar...,
settings,requestSaved,"Saved, waiting for internet","Guardado, à espera da internet",
settings,requestError,Could not save request,Não foi possível guardar o pedido,
settings,area_dashboard,Dashboard,Painel,
settings,area_history,History,Histórico,
settings,area_analysis,Analysis,Análise,
settings,area_watering,Watering,Rega,
settings,area_devices,Devices,Dispositivos,
settings,area_sync,Sync,Sincronização,
settings,area_system,System,Sistema,
settings,area_other,Other,Outro,
settings,impact_cant_work,Cannot work,Não é possível trabalhar,
settings,impact_workaround,Workaround available,Há alternativa,
settings,impact_annoying,Annoying,Incómodo,
settings,impact_idea,Idea,Ideia,
support,navLabel,Support & Requests,Suporte e solicitações,
support,title,Support & Requests,Suporte e solicitações,
support,backToDashboard,Back to dashboard,Voltar ao painel,
support,empty,No requests yet.,Ainda não há solicitações.,
support,form.stepRequest,1. Request text,1. Texto da solicitação,
support,form.stepArea,2. Area and severity,2. Área e gravidade,
support,form.stepDiagnostics,3. Diagnostics and consent,3. Diagnóstico e consentimento,
support,form.summary,Short title,Título curto,
support,form.description,What should be improved?,O que deve ser melhorado?,
support,form.contactEmail,Contact email (optional),E-mail de contato (opcional),
support,form.expected,Expected,Esperado,
support,form.actual,Actual,Atual,
support,form.steps,Steps,Passos,
support,form.requestType,Request type,Tipo de solicitação,
support,form.area,Area,Área,
support,form.severity,Severity,Gravidade,
support,form.diagnostics,Diagnostics preview,Prévia do diagnóstico,
support,form.includeDiagnostics,Include safe diagnostics with this request.,Incluir diagnóstico seguro com esta solicitação.,
support,form.consentPublic,I agree this request may be shared publicly without private farm details.,Aceito que esta solicitação possa ser compartilhada publicamente sem detalhes privados da fazenda.,
support,form.submit,Save request,Salvar solicitação,
support,form.submitting,Saving...,Salvando...,
support,types.bug,Bug,Bug,yes
support,types.improvement,Improvement,Melhoria,
support,types.feedback,Feedback,Feedback,yes
support,areas.dashboard,Dashboard,Painel,
support,areas.history,History,Histórico,
support,areas.analysis,Analysis,Análise,
support,areas.copy,Text and labels,Textos e rótulos,
support,areas.watering,Watering,Rega,
support,areas.sync,Sync,Sincronização,
support,areas.devices,Devices,Dispositivos,
support,areas.system,System,Sistema,
support,areas.other,Other,Outro,
support,severity.cant_work,Cannot work,Não é possível trabalhar,
support,severity.workaround,Workaround available,Solução temporária disponível,
support,severity.annoying,Annoying,Incômodo,
support,severity.idea,Idea,Ideia,
support,diagnostics.loading,Loading diagnostics...,Carregando diagnóstico...,
support,diagnostics.unavailable,Diagnostics are unavailable right now.,O diagnóstico não está disponível no momento.,
support,banners.retryable,Could not send right now. The request can be retried.,Não foi possível enviar agora. A solicitação pode ser tentada novamente.,
support,status.QUEUED,"Saved, waiting for internet","Salva, aguardando internet",
support,status.SUBMITTED,Submitted,Enviada,
support,status.SYNCED,Synced,Sincronizada,
support,status.FAILED_RETRYABLE,Retry needed,Nova tentativa necessária,
support,status.FAILED_PERMANENT,Could not send,Não foi possível enviar,
support,status.AWAITING_PUBLISH,Waiting to publish,Aguardando publicação,
support,status.PUBLISHING,Publishing,Publicando,
support,status.PUBLISH_BLOCKED_CONFIG,Publishing blocked,Publicação bloqueada,
support,status.PUBLISH_BLOCKED_SECRET,Publishing blocked,Publicação bloqueada,
support,status.TRIAGED,Being reviewed,Em análise,
support,status.BEING_REVIEWED,Being reviewed,Em análise,
support,status.NEEDS_INFO,Needs more information,Precisa de mais informações,
support,status.ISSUE_ONLY,Saved as issue,Salva como issue,
support,status.ISSUE_OPEN,Issue open,Issue aberta,
support,status.NOT_PLANNED,Not planned,Não planejada,
support,status.RATE_LIMITED,Rate limited,Limite de taxa atingido,
support,status.RELEASED,Released,Lançada,
support,status.REJECTED,Rejected,Rejeitada,
support,status.DUPLICATE,Duplicate,Duplicada,
support,status.DUPLICATE_OF,Duplicate,Duplicada,
support,status.AWAITING_APPROVAL,Awaiting approval,Aguardando aprovação,
support,status.AGENT_RUNNING,In progress,Em andamento,
support,status.VERIFYING,Verifying,Verificando,
support,status.PR_OPEN,In progress,Em andamento,
support,status.IN_REVIEW,In review,Em revisão,
support,status.MERGED,Merged,Mesclada,
support,status.CLOSED,Closed,Fechada,
support,status.AGENT_FAILED,Needs review,Precisa de revisão,
support,status.UNKNOWN,Status update received,Atualização de status recebida,
support,myRequests.title,My Requests,Minhas solicitações,
support,myRequests.loadError,Requests could not be loaded.,Não foi possível carregar as solicitações.,
support,myRequests.loading,Loading requests...,Carregando solicitações...,
support,myRequests.area,Area,Área,
support,myRequests.submitted,Submitted,Enviada,
