namespace,key,english,lg,shared_with_english
accountLink,title,Connect to OSI Server,Yungibwa ku OSI Server,
accountLink,navLink,OSI Server,OSI Server,yes
accountLink,backToDashboard,Back to Dashboard,Ddayo ku Dashboard,
accountLink,status.linked,Account linked to OSI Server,Akawunti ya ku OSI Server eyungibbwa,
accountLink,status.notLinked,Not connected to OSI Server,Tewali kugyungibbwa ku OSI Server,
accountLink,status.linkedAs,Linked as: {{username}},Eyungibbwa nga: {{username}},
accountLink,status.linkedSince,Since: {{date}},Okuva: {{date}},
accountLink,form.serverUrl,OSI Server URL,Endabirwamu ya OSI Server,
accountLink,form.actionLabel,Action,Kola,
accountLink,form.actionLogin,Link existing account,Yunga akawunti eyaliwo,
accountLink,form.actionRegister,Create new account,Tonda akawunti empya,
accountLink,form.username,Server Username,Erinnya ery'omukozesa ku server,
accountLink,form.email,Email,Email,yes
accountLink,form.password,Password,Ekigambo ky'okulinda,
accountLink,form.submit,Connect to OSI Server,Yungibwa ku OSI Server,
accountLink,form.submitting,Connecting...,Kiyungibwa...,
accountLink,form.cancel,Cancel,Sazaamu,
accountLink,warning.title,Important,Kigambiddwa,
accountLink,warning.message,"After linking, you must use your OSI Server credentials to log in. OSI OS stores a gateway-specific offline verifier for linked login.","Oluvannyuma lw'okuyunga, oteekwa okukozesa ebintu by'okuyingira ebya OSI Server okuyingira. OSI OS etereka ekikakasa ekitali kuyintaneeti ekya Gateway eno, olw'okuyingira okuyungiddwa.",
accountLink,warning.proceed,Proceed,Komezagana,
accountLink,success.title,Successfully Connected,Kiyungibwa bulungi,
accountLink,success.message,Your account is now linked as {{username}} on OSI Server.,Akawunti yo kati eyungiddwa nga {{username}} ku OSI Server.,
accountLink,success.claimedDevices,Devices claimed on server: {{count}},Ebikozesebwa ebyategekebwa ku server: {{count}},
accountLink,success.skippedDevices,Devices skipped (already claimed): {{count}},Ebikozesebwa ebyasazibwaawo (byali byatengeddwa): {{count}},
accountLink,unlink.button,Disconnect from OSI Server,Gyamu ku OSI Server,
accountLink,unlink.confirm,"Are you sure? After disconnecting, you must use your original local password to log in.","Oli mukakafu? Oluvannyuma lw'okugyamu, oteekwa okozesa ekigambo kyo ky'okulinda eky'omu bitundu ekya mazima.",
accountLink,unlink.success,Disconnected from OSI Server,Bagyiddwa ku OSI Server,
accountLink,errors.networkError,Cannot reach OSI Server. Check the URL and your internet connection.,Teyinziddwa kutuuka ku OSI Server. Kebera endabirwamu n'okuteekateeka kwo kw'omukutu.,
accountLink,errors.authFailed,Invalid OSI Server credentials.,Ebintu by'okuyingira by'OSI Server si bya mazima.,
accountLink,errors.generic,An error occurred. Please try again.,Waliwo ensobi. Gezaako nate.,
accountLink,errors.forceSyncFailed,Manual sync failed. Please try again.,Okusinkroniza ku mukono kugaanye. Gezaako nate.,
accountLink,sync.title,Manual sync,Okusinkroniza ku mukono,
accountLink,sync.description,Run an immediate recovery sync with OSI Server.,Kola okusinkroniza kw'okuddaabiriza kaakano ne OSI Server.,
accountLink,sync.button,Force sync now,Sinkroniza Kaakano,
accountLink,sync.running,Syncing...,Tikusinkroniza...,
accountLink,sync.successTitle,Manual sync completed,Okusinkroniza ku mukono kuwedde,
accountLink,sync.partialTitle,Manual sync finished with issues,Okusinkroniza ku mukono kuwedde n'ebizibu,
accountLink,sync.refreshed,Sync token refreshed before sync.,Token y'okusinkroniza ezze obuggya nga tonnasinkroniza.,
accountLink,sync.usedCurrentToken,Using current sync token.,Kikozesa token y'okusinkroniza ekiriwo kaakano.,
accountLink,sync.bootstrap,"Bootstrap applied: {{applied}}, skipped: {{skipped}}","Bootstrap ekozesebbwa: {{applied}}, eyasaziddwaawo: {{skipped}}",
accountLink,sync.outbox,Outbox delivered: {{delivered}} ({{before}} -> {{after}} pending),Outbox etuusiddwa: {{delivered}} ({{before}} -> {{after}} birindiridde),
accountLink,sync.pending,"Pending commands fetched: {{fetched}}, queued for local apply: {{queued}}","Ebiragiro ebirindiridde ebifunibbwa: {{fetched}}, ebiterekeddwa okukozesebwa mu kitundu: {{queued}}",
accountLink,sync.pendingAfterResponse,Local apply continues after this response returns.,Okukozesa mu kitundu kugenda mu maaso oluvannyuma lw'okuddamu kuno.,
accountLink,sync.lastError,Last error from {{source}}: {{message}},Ensobi esembayo okuva ku {{source}}: {{message}},
accountLink,reauth.title,Sync token expired,Token y'okusinkroniza ewedde ekiseera,
accountLink,reauth.description,Re-authenticate with OSI Server to mint a fresh sync token for this gateway.,Yingira nate ku OSI Server okufuna token empya ey'okusinkroniza eya Gateway eno.,
accountLink,reauth.button,Re-authenticate,Yingira Nate,
accountLink,reauth.username,Server Username,Erinnya ery'omukozesa ku server,
accountLink,reauth.password,OSI Server Password,Ekigambo ky'okulinda ekya OSI Server,
accountLink,reauth.submit,Refresh connection,Zzaawo Okuyunga,
accountLink,reauth.running,Refreshing...,Tikuzzaawo...,
auth,login.title,AgroLink,AgroLink,yes
auth,login.subtitle,Sign in to your account,Yingira mu akawunti ko,
auth,login.username,Username,Erinnya ly'omukozesa,
auth,login.usernamePlaceholder,Enter your username,Yingiza erinnya ly'omukozesa,
auth,login.password,Password,Ekigambo eky'obukuumi,
auth,login.passwordPlaceholder,Enter your password,Yingiza ekigambo eky'obukuumi,
auth,login.signingIn,Signing In...,Tikuyingira...,
auth,login.signIn,Sign In,Yingira,
auth,login.noAccount,Register Account,Wandiika akawunti,
auth,login.failed,Login failed. Please check your credentials.,Okuyingira kugaanye. Kebera ebintu ebyobukuumi byo.,
auth,register.title,Create Account,Tondawo Akawunti,
auth,register.subtitle,Register for AgroLink,Wandiika mu AgroLink,
auth,register.username,Username,Erinnya ly'omukozesa,
auth,register.usernamePlaceholder,Choose a username,Londa erinnya ly'omukozesa,
auth,register.password,Password,Ekigambo eky'obukuumi,
auth,register.passwordPlaceholder,Choose a password,Londa ekigambo eky'obukuumi,
auth,register.confirmPassword,Confirm Password,Kakasa ekigambo eky'obukuumi,
auth,register.confirmPasswordPlaceholder,Re-enter your password,Yingiza nate ekigambo eky'obukuumi,
auth,register.creating,Creating Account...,Tikutondawo akawunti...,
auth,register.submit,Create Account,Tondawo Akawunti,
auth,register.haveAccount,Already have an account? Sign in,Olina akawunti? Yingira,
auth,register.failed,Registration failed. Please try again.,Okuwandiika kugaanye. Gezaako nate.,
auth,register.passwordMismatch,Passwords do not match,Ebigambo eby'obukuumi tebitabaagana,
auth,register.passwordTooShort,Password must be at least 6 characters,Ekigambo eky'obukuumi kiba n'ebyagiro 6 obunnyingi,
auth,register.successTitle,Success!,Kyasiima!,
auth,register.successMessage,Account created successfully. Redirecting to login...,Akawunti katondeddwa bulungi. Tikukyusaamu okuddayo ku yingira...,
common,cancel,Cancel,Lekawo,
common,loading,Loading...,Tikuyitamu...,
common,delete,Delete,Sazaamu,
common,na,N/A,Tebaawo,
common,retry,Retry,Gezaako nate,
common,analysis.title,Data analysis,Okwekenneenya kwa data,
common,analysis.axis.rename,Rename axis label,Kyusa erinnya ly'omulongo,
common,analysis.backToDashboard,← Back to Dashboard,← Ddayo ku Dashboard,
common,analysis.loadError,Analysis data could not be loaded.,Ebikwata ku kwekenneenya tebisobodde okutikkibwa.,
common,analysis.pooled.tooltip,"Correlates all zones' points as one combined dataset, in addition to each zone separately.","Okugatta obubonero bw'ebitundu byonna nga ekitebe kimu, wamu n'ekitundu kyonna kye kimu.",
common,analysis.empty,Select one or more series to start comparing zones.,Londa olunyiriri lumu oba okusingawo okutandika okugeraageranya ebitundu.,
common,analysis.catalog.loading,Loading available series...,Ennyiriri eziriwo zitikkibwa...,
common,analysis.series.loading,Loading series...,Ennyiriri zitikkibwa...,
common,analysis.aggregation.label,Aggregation,Okugatta data,
common,analysis.aggregation.raw,Raw,Nga bwe kiri,
common,analysis.aggregation.fifteenMinute,15 minutes,Ddakiika 15,
common,analysis.aggregation.hourly,Hourly,Buli saawa,
common,analysis.aggregation.daily,Daily,Buli lunaku,
common,analysis.aggregation.weekly,Weekly,Buli wiiki,
common,analysis.preset.metricLabel,Metric across zones,Ekigero mu zone zonna,
common,analysis.tray.label,Analysis series,Ennyiriri z'okwekenneenya,
common,analysis.tray.title,Series,Ennyiriri,
common,analysis.tray.search,Search for zones or devices,Noonya zoozi oba ebyuma,
common,analysis.tray.unknownSite,Unknown site,Ekifo tekimanyiddwa,
common,analysis.tray.reason.unsupported,Unsupported,Tewagirwa,
common,analysis.tray.reason.available_no_recent_data,No recent data available,Tewali biwandiiko bipya,
common,analysis.range.label,Analysis range,Ekiseera ky'okwekenneenya,
common,analysis.range.custom,Custom,Ekikolebwa ggwe,
common,analysis.range.from,From,Okuva,
common,analysis.range.to,To,Okutuuka,
common,analysis.range.apply,Apply,Kozesa,
common,analysis.range.invalid,Start must be before end.,Entandikwa erina okuba nga eri mbere y'enkomerero.,
common,analysis.mode.label,Analysis mode,Enkola y'okwekenneenya,
common,analysis.mode.timeline,Timeline,Olunyiriri lw'ebiseera,
common,analysis.mode.correlation,Correlation,Enkolagana,
common,analysis.layout.label,Layout,Entegeka,
common,analysis.layout.stacked,Stacked,Ebiteekeddwa waggulu w'ebirala,
common,analysis.layout.overlaid,Overlaid,Ebiteekeddwa wamu,
common,analysis.layout.smallMultiples,Small multiples,Ebifaananyi ebitono ebingi,
common,analysis.toggle.normalize,Normalize,Kiteekemu omutindo,
common,analysis.export.csv,Export CSV,Gyamu CSV,
common,analysis.export.png,Export PNG,Gyamu PNG,
common,analysis.legend.label,Chart legend,Ekiraga ebiri ku chart,
common,analysis.legend.rename,Rename series,Kyusa erinnya ly'olunyiriri,
common,analysis.views.title,Saved views,Endaba eziterekeddwa,
common,analysis.views.save,Save view,Tereka endaba,
common,analysis.views.namePlaceholder,Name this view,Tuuma endaba eno erinnya,
common,analysis.views.delete,Delete view,Sangula endaba,
common,analysis.views.empty,No saved views yet.,Tewali ndaba ziterekeddwa.,
common,analysis.droppedNotice,{{count}} series could not be loaded,{{count}} series tezaasobola kusomebwa,
common,analysis.correlation.comingSoon,Correlation scatter is planned for the next slice.,Scatter y'enkolagana etegekeddwa mu kitundu ekiddako.,
common,analysis.correlation.needTwoChannels,Add series for at least two different channels to compare them.,Yongerako ennyiriri z'emikutu waakiri ebiri egy'enjawulo okuzigeraageranya.,
common,analysis.correlation.x,X channel,Omukutu X,
common,analysis.correlation.y,Y channel,Omukutu Y,
common,analysis.correlation.pooled,Pooled (all zones),Bikunganyiziddwa (ebitundu byonna),
common,analysis.correlation.zone,Zone,Ekitundu,
common,analysis.correlation.droppedPairs,Dropped,Ebisuliddwa,
common,analysis.correlation.insufficient,insufficient (n={{n}}),tekimala (n={{n}}),
common,analysis.correlation.exploratory,Exploratory only — Pearson r over aligned buckets; not a significance test.,Kya kugezesa kyokka — Pearson r ku buckets ezitereezeddwa; si kugezesa kwa significance.,
dashboard,title,Dashboard,Dashboard,yes
dashboard,welcome,"Welcome, {{username}}","Tukwanirizza, {{username}}",
dashboard,add,Add,Yongera,
dashboard,addMenu.zone,Add Zone,Yongera Ekifo,
dashboard,addMenu.device,Add Device,Yongera Ekyuma,
dashboard,addMenu.activity,Log activity,Wandiika ky'okoze,
dashboard,data,Data,Data,yes
dashboard,account,Account,Akaawunti,
dashboard,accountMenu.osiServer,OSI Server,OSI Server,yes
dashboard,logout,Logout,Fuluma,
dashboard,loading,Loading dashboard...,Tikutwala pulezidenti...,
dashboard,failedToLoad,Failed to load data,Okutwalako ebintu kugaanye,
dashboard,autoRefresh,Auto-refreshing every 10 seconds,Tikukyusaamu buli myaka 10,
dashboard,emptyState.title,Welcome to your farm!,Tukwanirizza ku nnimiro yo!,
dashboard,emptyState.subtitle,Get started by creating a zone and adding devices,Tandika nga otondawo ekifo n'okuwaayo ebyuma,
dashboard,emptyState.createZone,Create Zone,Tondawo Ekifo,
dashboard,emptyState.addDevice,Add Device,Yongera Ekyuma,
dashboard,irrigationZones,Zones,Ebifo,
dashboard,unassignedDevices,Unassigned Devices,Ebyuma ebitawerekwa,
dashboard,unassignedSubtitle,These devices are not assigned to any zone,Ebyuma ebino tebiwerekeddwa ku kifo kyonna,
dashboard,soilSensors,Soil Sensors,Ebyuma eby'obutaka,
dashboard,smartValves,Smart Valves,Zzimu ez'amagezi,
dashboard,journal,Journal,Journal,yes
dashboard,tabs.zones,Zones,Ebitundu,
dashboard,tabs.data,Data,Data,yes
dashboard,tabs.journal,Journal,Journal,yes
devices,addModal.title,Add Device,Yongera Ekyuma,
devices,addModal.deviceType,Device Type,Ekika ky'ekyuma,
devices,addModal.deviceName,Device Name,Erinnya ly'ekyuma,
devices,addModal.deviceNamePlaceholder,"e.g., North Field, Main Valve","eg. Olusozi olw'omugga, Zzimu enkulu",
devices,addModal.deveui,DevEUI,DevEUI,yes
devices,addModal.deveuiPlaceholder,16 hex characters,Ebyagiro 16 eby'hexadecimal,
devices,addModal.deveuiHint,"Enter exactly 16 hexadecimal characters (0-9, A-F)","Yingiza ebyagiro 16 eby'hexadecimal (0-9, A-F)",
devices,addModal.deveuiInvalid,DevEUI must be exactly 16 hexadecimal characters,DevEUI eba n'ebyagiro 16 eby'hexadecimal,
devices,addModal.adding,Adding...,Tikuyongera...,
devices,addModal.submit,Add Device,Yongera Ekyuma,
devices,addModal.failed,Failed to add device,Okuyongera ekyuma kugaanye,
devices,assignModal.title,Assign Device to {{zoneName}},Werekeza ekyuma ku {{zoneName}},
devices,assignModal.selectDevice,Select Device,Londa ekyuma,
devices,assignModal.selectPlaceholder,-- Select a device --,-- Londa ekyuma --,
devices,assignModal.noDevicesTitle,No unassigned devices,Tewali byuma ebitawerekwa,
devices,assignModal.noDevicesSubtitle,All your devices are already assigned to zones. Add more devices or remove them from other zones first.,Ebyuma byonna biwerekeddwa ku bifo. Yongera ebyuma oba biggyewo mu bifo ebirala.,
devices,assignModal.assigning,Assigning...,Tikuwerekeza...,
devices,assignModal.submit,Assign Device,Werekeza Ekyuma,
devices,assignModal.pleaseSelect,Please select a device,Londa ekyuma,
devices,assignModal.failed,Failed to assign device,Okuwerekeza ekyuma kugaanye,
devices,createZoneModal.title,Create Zone,Tondawo Ekifo,
devices,createZoneModal.zoneName,Zone Name,Erinnya ly'ekifo,
devices,createZoneModal.zoneNamePlaceholder,"e.g., Garden A, North Field, Orchard 1","eg. Olusozi A, Okuva mu bukiika, Olusuku 1",
devices,createZoneModal.zoneNameRequired,Zone name is required,Erinnya ly'ekifo lyetaagisa,
devices,createZoneModal.creating,Creating...,Tikutondawo...,
devices,createZoneModal.submit,Create Zone,Tondawo Ekifo,
devices,createZoneModal.failed,Failed to create zone,Okutondawo ekifo kugaanye,
devices,kiwiSensor.badge,KIWI SENSOR,EKYUMA EKY'OKUMANYA KIWI,
devices,kiwiSensor.tooDry,TOO DRY!,OMWAKA MUNGI NNYO!,
devices,kiwiSensor.soilNeedsWater,Soil needs watering,Obutaka butaagira amazzi,
devices,kiwiSensor.removeConfirm,Remove this device?,Ggyawo ekyuma kino?,
devices,kiwiSensor.removeSubtitle,This will unlink the device from your account.,Ekyuma kiggyibwako ku akawunti yo.,
devices,kiwiSensor.yesRemove,"Yes, Remove","Yee, Ggyawo",
devices,kiwiSensor.removing,Removing...,Tikuggyawo...,
devices,kiwiSensor.failedToRemove,Failed to remove device,Okuggyawo ekyuma kugaanye,
devices,kiwiSensor.soilWaterTension1,SOIL WATER TENSION 1,OKUZIKA KW'AMAZZI MU BUTAKA 1,
devices,kiwiSensor.soilWaterTension2,SOIL WATER TENSION 2,OKUZIKA KW'AMAZZI MU BUTAKA 2,
devices,kiwiSensor.lightIntensity,LIGHT INTENSITY,AKAWAAWA K'OMUSANA,
devices,kiwiSensor.ambientTemperature,AMBIENT TEMPERATURE,EBBUGUMU ERY'EMPEWO,
devices,kiwiSensor.relativeHumidity,RELATIVE HUMIDITY,AMAANZI MU MPEWO,
devices,kiwiSensor.lastSeen,Last seen: {{minutes}} minutes ago,Bwagulibwa omulundi gw'omuliko: {{minutes}} edakiika ewedde,
devices,kiwiSensor.neverSeen,Never seen,Tekalabikangako,
devices,kiwiSensor.settings,SETTINGS,ENTEEKATEEKA,
devices,kiwiSensor.intervalLabel,Desired interval (minutes),Ebbanga lye weetaaga (edakiika),
devices,kiwiSensor.intervalPlaceholder,e.g. 15,eg. 15,
devices,kiwiSensor.intervalNote,Kiwi interval changes use LoRaWAN FPort 100. Enter whole minutes between 1 and 1440.,Enkyukakyuka mu bbanga lya Kiwi zikozesa LoRaWAN FPort 100. Yingiza edakiika enzijuvu wakati wa 1 ne 1440.,
devices,kiwiSensor.invalidInterval,Enter a whole number of minutes between 1 and 1440.,"Yingiza ennamba enzijuvu ey'edakiika, wakati wa 1 ne 1440.",
devices,kiwiSensor.applyInterval,Apply interval,Kozesa ebbanga,
devices,kiwiSensor.applyingInterval,Applying interval...,Tikukozesa ebbanga...,
devices,kiwiSensor.intervalPending,Uplink interval change requested for {{minutes}} minute(s).,Enkyukakyuka mu bbanga ery'obubaka lyasabiddwa okuba edakiika {{minutes}}.,
devices,kiwiSensor.failedToSetInterval,Failed to change Kiwi uplink interval,Okukyusa ebbanga lya Kiwi ery'obubaka kugaanye,
devices,kiwiSensor.enableTempHumidityTitle,AMBIENT TEMPERATURE + HUMIDITY,EBBUGUMU ERY'EMPEWO + AMAANZI MU MPEWO,
devices,kiwiSensor.enableTempHumidityNote,Enable ambient temperature and humidity reporting using the interval entered above.,Koleeza okuwaayo ebikwata ku bbugumu ery'empewo n'amaanzi mu mpewo nga okozesa ebbanga lye oyingizza waggulu.,
devices,kiwiSensor.enableTempHumidity,Enable temperature + humidity,Koleeza ebbugumu + amaanzi mu mpewo,
devices,kiwiSensor.enablingTempHumidity,Enabling temperature + humidity...,Tikukoleeza ebbugumu + amaanzi mu mpewo...,
devices,kiwiSensor.enableTempHumidityPending,Ambient temperature and humidity reporting requested. The command uses a {{minutes}} minute interval.,Okuwaayo ebikwata ku bbugumu ery'empewo n'amaanzi mu mpewo kusabiddwa. Ekiragiro kikozesa ebbanga ery'edakiika {{minutes}}.,
devices,kiwiSensor.failedToEnableTempHumidity,Failed to enable Kiwi temperature and humidity,Okukoleeza ebbugumu n'amaanzi mu mpewo bya Kiwi kugaanye,
devices,kiwiSensor.enableTempHumidityRequiresInterval,Enter a whole number of minutes between 1 and 1440 before enabling ambient temperature and humidity.,"Yingiza ennamba enzijuvu ey'edakiika, wakati wa 1 ne 1440, nga tonnakoleeza bbugumu n'amaanzi mu mpewo.",
devices,stregaValve.badge,STREGA VALVE,ZZIMU YA STREGA,
devices,stregaValve.status,STATUS,ENKOLAGANA,
devices,stregaValve.open,OPEN,GGULE,
devices,stregaValve.closed,CLOSED,GGANGWE,
devices,stregaValve.target,Target: {{state}},Eggwe: {{state}},
devices,stregaValve.opening,Opening...,Tikuggulawo...,
devices,stregaValve.closing,Closing...,Tikuganga...,
devices,stregaValve.removeConfirm,Remove this device?,Ggyawo ekyuma kino?,
devices,stregaValve.removeSubtitle,This will unlink the device from your account.,Ekyuma kiggyibwako ku akawunti yo.,
devices,stregaValve.yesRemove,"Yes, Remove","Yee, Ggyawo",
devices,stregaValve.removing,Removing...,Tikuggyawo...,
devices,stregaValve.failedToRemove,Failed to remove device,Okuggyawo ekyuma kugaanye,
devices,stregaValve.lastSeen,Last seen: {{minutes}} minutes ago,Bwagulibwa omulundi gw'omuliko: {{minutes}} edakiika ewedde,
devices,stregaValve.neverSeen,Never seen,Tekalabikangako,
devices,stregaValve.settings,SETTINGS,ENTEEKATEEKA,
devices,stregaValve.intervalLabel,Closed-box interval (minutes),Ebbanga ery'okuggala akasanduuko (edakiika),
devices,stregaValve.intervalPlaceholder,e.g. 10,eg. 10,
devices,stregaValve.intervalNote,OSI sets the normal closed-box interval on FPort 11. The opened interval stays fixed at 2 minutes and tamper remains enabled.,"OSI eteekawo ebbanga ery'obulijjo ery'okuggala akasanduuko ku FPort 11. Ebbanga ery'okuggulawo akasanduuko lisigala ku dakiika 2, era 'tamper' esigala nga ekola.",
devices,stregaValve.invalidInterval,Enter a whole number of minutes between 1 and 255.,"Yingiza ennamba enzijuvu ey'edakiika, wakati wa 1 ne 255.",
devices,stregaValve.applyInterval,Apply interval,Kozesa ebbanga,
devices,stregaValve.applyingInterval,Applying interval...,Tikukozesa ebbanga...,
devices,stregaValve.intervalPending,Closed-box uplink interval change requested for {{minutes}} minute(s). The opened interval stays at 2 minutes.,Enkyukakyuka mu bbanga ery'obubaka ery'okuggala akasanduuko lyasabiddwa okuba edakiika {{minutes}}. Ebbanga ery'okuggulawo akasanduuko lisigala ku dakiika 2.,
devices,stregaValve.failedToSetInterval,Failed to change Strega uplink interval,Okukyusa ebbanga lya Strega ery'obubaka kugaanye,
devices,stregaValve.actuationFeedback.closed,Closed,Ggangwe,
devices,stregaValve.actuationFeedback.closedAt,Closed at {{time}},Ggangwe ku {{time}},
devices,stregaValve.actuationFeedback.open,OPEN,GGULE,
devices,stregaValve.actuationFeedback.openClosesAt,OPEN — closes at {{time}},GGULE — ejja kuggalwa ku {{time}},
devices,stregaValve.actuationFeedback.openQueued,Open queued,Okuggulawo kulindiridde,
devices,stregaValve.actuationFeedback.waitingForUplink,waiting for valve uplink (≈ {{minutes}} min),tukulindirira obubaka bwa valve (≈ {{minutes}} min),
devices,zone.deviceCount_one,{{count}} device,ekyuma {{count}},
devices,zone.deviceCount_other,{{count}} devices,ebyuma {{count}},
devices,zone.assignDevice,+ Device,+ Ekyuma,
devices,zone.deleteZone,Delete,Sazaamu,
devices,zone.deleteConfirm,Delete this zone?,Sazaamu ekifo kino?,
devices,zone.deleteSubtitle,All devices will be unassigned from this zone. This action cannot be undone.,Ebyuma byonna biggibwako mu kifo kino. Eky'okukola kino tekisobola kukuukula.,
devices,zone.yesDelete,"Yes, Delete","Yee, Sazaamu",
devices,zone.deleting,Deleting...,Tikusazaamu...,
devices,zone.failedToDelete,Failed to delete zone,Okusazaamu ekifo kugaanye,
devices,zone.failedToRemoveDevice,Failed to remove device from zone,Okuggyawo ekyuma mu kifo kugaanye,
devices,zone.noDevices,No devices in this zone yet,Tewali byuma mu kifo kino,
devices,zone.assignFirst,Assign First Device,Werekeza Ekyuma Ekyasooka,
devices,zone.devicesInZone,Devices in this zone:,Ebyuma mu kifo kino:,
devices,zone.data,Data,Data,yes
devices,zone.export.title,Data export,Fulumya data,
devices,zone.export.selectRange,Pick a date range to download zone data.,Londa ebbanga ly'ennaku okusobola okuwanula data y'ekifo.,
devices,zone.export.from,From,Okuva,
devices,zone.export.to,To,Okutuuka,
devices,zone.export.granularity,Granularity,Obuzito bw'obudde,
devices,zone.export.raw,Raw,Ebitali bifunze,
devices,zone.export.hourly,Hourly,Buli ssaawa,
devices,zone.export.daily,Daily,Buli lunaku,
devices,zone.export.download,Download CSV,Wanula CSV,
devices,zone.export.downloading,Preparing...,Kitegekebwa...,
devices,zone.export.rangeSummary,{{from}} to {{to}},{{from}} okutuuka {{to}},
devices,zone.export.error,Export failed,Okufulumya kulemereddwa,
devices,zone.export.tooLarge,Range too large. Choose a coarser granularity.,Ebbanga ddene nnyo. Londa obuzito obunene.,
devices,zone.export.fullExport,Full export,Fulumya byonna,
devices,schedule.irrigationSchedule,Irrigation Schedule,Nteekateeka y'okusukkulirira,
devices,schedule.triggerMetric,Trigger Metric,Kigendererwa ky'okutandika,
devices,schedule.soilWaterTension1,Soil Water Tension 1,Okuzika kw'amazzi mu butaka 1,
devices,schedule.soilWaterTension2,Soil Water Tension 2,Okuzika kw'amazzi mu butaka 2,
devices,schedule.average,Average (WM1 + WM2),Wakati (WM1 + WM2),
devices,schedule.thresholdKpa,Threshold (kPa),Ekiraamo (kPa),
devices,schedule.duration,Irrigation duration (min),Ebanga ly'okusukkulirira (edakiika),
devices,schedule.enabled,Enabled,Kikolawo,
devices,schedule.on,On,Yee,
devices,schedule.off,Off,Nedda,
devices,schedule.loadingSchedule,Loading schedule...,Tikutwala nteekateeka...,
devices,schedule.loadFailed,Failed to load schedule,Okutwala nteekateeka kugaanye,
devices,schedule.saving,Saving...,Tikutereka...,
devices,schedule.saveSchedule,Save schedule,Tereka nteekateeka,
devices,schedule.saveFailed,Failed to save schedule,Okutereka nteekateeka kugaanye,
devices,schedule.reload,Reload,Zaamu,
devices,schedule.reloadFailed,Failed to reload schedule,Okuzaamu nteekateeka kugaanye,
devices,schedule.saved,Saved.,Kitereddwa.,
devices,schedule.triggerHint,"Trigger if {{metric}} ≥ {{threshold}} kPa (once/day, 06:00).","Tandika singa {{metric}} ≥ {{threshold}} kPa (omulundi gumu/lunaku, 06:00).",
devices,environment.sectionTitle,Environment & weather forecast,Environment & weather forecast,yes
devices,environment.tabs.local,Local,Eky'omu kitundu,
devices,environment.tabs.online,Online,Ku mukutu,
devices,environment.tabs.agronomic,Agronomic,Eby'okulima,
devices,environment.tabs.forecast,Forecast,Ebikuubiriza,
devices,environment.source.openagri,OpenAgri,OpenAgri,yes
devices,environment.source.open_meteo,Open-Meteo,Open-Meteo,yes
devices,environment.source.local,Local sensors,Ebikuuma eby'eggwanga,
devices,environment.source.unavailable,Unavailable,Tekyabaawo,
devices,environment.cache.live,Live,Amaanyi,
devices,environment.cache.stale,Stale,Ekaddiye,
devices,environment.cache.miss,No data,Tewali makulu,
devices,environment.location.zone,Zone coordinates,Entera z'essaza,
devices,environment.location.gateway,Gateway GPS,GPS y'ebbanga,
devices,environment.location.unavailable,No location set,Tewali kifo,
devices,environment.local.freshSensors,{{count}} fresh,{{count}} eppya,
devices,environment.local.staleSensors_one,{{count}} stale,{{count}} ekaddiye,
devices,environment.local.staleSensors_other,{{count}} stale,{{count}} ekaddiye,
devices,environment.local.perDevice,Per-device readings,Ebyofubirwa bya buli kyuma,
devices,environment.local.noData,No local sensor data available,Tewali makulu ga sensor ery'eggwanga,
devices,environment.local.observedAt,Observed {{time}},Kiraabibwa {{time}},
devices,environment.online.unavailable,No online weather available for this zone,Tewali makulu ga bude ku mukutu ku ssaza lino,
devices,environment.online.noLocation,Set zone coordinates to enable online weather,Teeka entera z'essaza okukozesa bude ku mukutu,
devices,environment.online.updatesAt,Updates at {{time}},Kusinziiramu ku {{time}},
devices,environment.agronomic.vpd,VPD,VPD,yes
devices,environment.agronomic.dewPoint,Dew point,Ekifo ky'amazzi,
devices,environment.agronomic.heatIndex,Heat index,Ebbugumu,
devices,environment.agronomic.thi,THI,THI,yes
devices,environment.agronomic.et0,Reference ET₀,ET₀ ensibuko,
devices,environment.agronomic.kc,Crop coeff. Kc,Kc eby'ebimera,
devices,environment.agronomic.etc,Crop ET,ET eby'ebimera,
devices,environment.agronomic.noData,No agronomic data available,Tewali makulu ag'okulima,
devices,environment.agronomic.fromSource,from {{source}},okuva {{source}},
devices,environment.forecast.next24h,Next 24 h,Essawa 24 ezijja,
devices,environment.forecast.next72h,Next 72 h,Essawa 72 ezijja,
devices,environment.forecast.nextRain,Next rain,Enkuba ejja,
devices,environment.forecast.rainHours,Rain hours,Essawa z'enkuba,
devices,environment.forecast.maxHourly,Peak hourly,Nnyingi ku ssawa,
devices,environment.forecast.today,today,leero,
devices,environment.forecast.tomorrow,tomorrow,enkya,
devices,environment.forecast.noData,No forecast available,Tewali bikuubiriza,
devices,environment.forecast.noLocation,Set zone coordinates to enable forecast,Teeka entera z'essaza okukozesa ebikuubiriza,
devices,environment.forecast.hourlyTitle,Hourly rain (next 24 h),Enkuba ku ssawa (essawa 24 ezijja),
devices,environment.forecast.unavailable,Unavailable,Tekyabaawo,
devices,environment.metrics.air_temperature_c,Air Temp,Ebbugumu ery'empewo,
devices,environment.metrics.relative_humidity_pct,Humidity,Amaanzi mu mpewo,
devices,environment.metrics.probe_temperature_c,Probe Temp,Ebbugumu ery'omuzizi,
devices,environment.metrics.pressure_hpa,Pressure,Okunyigiriza,
devices,environment.metrics.wind_speed_mps,Wind,Empewo,
devices,environment.metrics.wind_direction_deg,Wind Dir,Akalagirirwa k'empewo,
devices,environment.metrics.rainfall_mm,Rainfall,Enkuba,
devices,environment.metrics.light_lux,Light,Omusana,
devices,environment.metrics.uv_index,UV Index,Enkomerero ya UV,
devices,environment.metrics.soil_temperature_c,Soil Temp,Ebbugumu ery'ettaka,
devices,environment.metrics.soil_moisture_pct,Soil Moisture,Amaanzi mu ttaka,
devices,irrigationOutcomes.title,Recent irrigations,Okusukkulirira okusembayo,
devices,irrigationOutcomes.updated,updated,kizziddwa buggya,
devices,irrigationOutcomes.loading,Loading recent actuations…,Tikutwala ebikolwa byokusukkulirira ebisembayo…,
devices,irrigationOutcomes.error,Failed to load recent actuations,Okutwala ebikolwa byokusukkulirira ebisembayo kugaanye,
devices,irrigationOutcomes.empty,No recent irrigations recorded yet.,Tewali kusukkulirira kusembayo kuterekeddwa.,
devices,irrigationOutcomes.zoneUnknown,Zone ?,Ekifo ?,
devices,irrigationOutcomes.duration,Duration,Ebanga,
devices,irrigationOutcomes.totalVolume,Total volume: {{liters}},Omugatte gw'amazzi: {{liters}},
devices,irrigationOutcomes.irrigated,Irrigated: {{depth}},Eyasukkuliriddwa: {{depth}},
devices,irrigationOutcomes.timestampTitle,{{label}}: {{absolute}} ({{relative}}),{{label}}: {{absolute}} ({{relative}}),yes
devices,irrigationOutcomes.settings,Recent irrigations settings,Enteekateeka z'okusukkulirira okusembayo,
devices,irrigationOutcomes.advancedView,Advanced view,Endaba ey'omutindo ogwa waggulu,
devices,irrigationOutcomes.commanded,Commanded,Kiragiddwa,
devices,irrigationOutcomes.observedOpen,Confirmed open,Okuggulawo kukakasiddwa,
devices,irrigationOutcomes.observedClose,Confirmed close,Okuggalawo kukakasiddwa,
devices,irrigationOutcomes.status.PENDING_OPEN,Pending open,Okuggulawo kulindiridde,
devices,irrigationOutcomes.status.RUNNING,Running,Kikola,
devices,irrigationOutcomes.status.COMPLETED,Completed,Kiwedde,
devices,irrigationOutcomes.status.CANCELLED,Cancelled,Kisaziddwamu,
devices,irrigationOutcomes.status.COMMAND_FAILED,Command failed,Ekiragiro kigaanye,
devices,irrigationOutcomes.status.OPEN_TIMEOUT,Open timeout,Ekiseera kyokuggulawo kiwedde,
devices,irrigationOutcomes.status.CLOSE_TIMEOUT,Close timeout,Ekiseera kyokuggalawo kiwedde,
devices,irrigationOutcomes.status.UNKNOWN,Unknown,Tekimanyiddwa,
history,history.nav.history,History,Ebyafaayo,
history,history.nav.legacyDashboard,Legacy dashboard,Dashboard enkadde,
history,history.nav.logout,Logout,Fuluma,
history,history.shell.title,History,Ebyafaayo,
history,history.shell.subtitle,Local gateway history for {{username}},Ebyafaayo bya Gateway eby'omu kitundu ebya {{username}},
history,history.shell.loadingLocalCards,Loading local history cards...,Amakaadi g'ebyafaayo eby'omu kitundu gatikkibwa...,
history,history.shell.unavailableTitle,History is unavailable,Ebyafaayo tebiriwo,
history,history.shell.unavailableBody,Runtime feature flags keep the new history shell off until the local gateway enables it.,Enteekateeka za sisitimu (feature flags) zikomekkerezza ebyafaayo ebipya okutuusa Gateway y'omu kitundu lw'ebisobozesa.,
history,history.shell.featureFlagFailed,The feature flag request failed. The legacy dashboard is still available.,Okusaba kwa feature flag kugaanye. Dashboard enkadde ekyaliwo.,
history,history.shell.zonesFailedTitle,History zones failed to load,Ebitundu by'ebyafaayo tebisobodde kutikkibwa,
history,history.shell.noZonesTitle,No zones yet,Tewannaba kubaawo bitundu,
history,history.shell.noZonesBody,Create a zone from the legacy dashboard before opening thematic history.,Tondawo ekifo okuva ku dashboard enkadde nga tonnaggula ebyafaayo by'omulamwa.,
history,history.shell.cardsFailed,History cards failed to load.,Amakaadi g'ebyafaayo tegasobodde kutikkibwa.,
history,history.shell.retryCards,Retry cards,Gezaako amakaadi nate,
history,history.export.open,Export,Fulumya,
history,history.export.title,Export data,Fulumya data,
history,history.desktop.railLabel,Cards,Amakaadi,
history,history.desktop.toolbarTitle,Toolbar,Ebikozesebwa,
history,history.desktop.modeLabel,Desktop mode,Enkola ya Desktop,
history,history.desktop.modeFocus,Focus,Kwolekera,
history,history.desktop.modeCompare,Compare,Kugeraageranya,
history,history.desktop.viewSelectorLabel,Card view,Endaba y'akaadi,
history,history.desktop.compareViewSelectorLabel,Compare view,Endaba y'okugeraageranya,
history,history.desktop.sourceSelectorLabel,Sources,Ensibuko,
history,history.desktop.rangeOverviewLabel,Time range overview,Endaba y'ekiseera kyonna,
history,history.desktop.chartSurfaceLabel,"History chart, use arrow keys to pan and plus or minus to zoom","Chart y'ebyafaayo. Kozesa obufunzo obulaga obuko okutambuza, ate + oba - okugaziya oba okufunza",
history,history.desktop.zoomIn,Zoom in,Gaziya,
history,history.desktop.zoomOut,Zoom out,Funza,
history,history.desktop.resetZoom,Reset zoom,Zzaawo obunene obw'olubereberye,
history,history.desktop.maxPanels,Up to {{count}} comparison panels,Ebitundu by'okugeraageranya okutuuka ku {{count}},
history,history.desktop.singleMode,Single,Ekimu,
history,history.desktop.comparisonMode,Comparison,Okugeraageranya,
history,history.desktop.addPanel,Add panel {{title}},Yongera ekitundu {{title}},
history,history.desktop.removePanel,Remove panel,Ggyawo ekitundu,
history,history.desktop.panelLimitWarning,Only {{count}} comparison panels can be shown on this edge gateway.,Bitundu {{count}} byokka eby'okugeraageranya bye bisobola okulagibwa ku Gateway eno.,
history,history.desktop.selectedTimestampNone,No timestamp selected,Tewali kiseera kirondeddwa,
history,history.desktop.selectedTimestamp,Selected timestamp: {{timestamp}},Ekiseera ekirondeddwa: {{timestamp}},
history,history.desktop.inspectorTitle,Inspector,Ebikwata,
history,history.desktop.inspectorPlaceholder,"Select a timestamp or calendar cell to see interpretation, events, data quality, and advanced metadata.","Londa ekiseera oba akasanduuko ka kalendaa okulaba okutegeera, ebikolwa, omutindo gwa data, n'ebikwata ebisingawo.",
history,history.mobile.zoneLabel,Zone,Ekitundu,
history,history.mobile.actions,History actions,Ebikolwa by'ebyafaayo,
history,history.mobile.openActions,Open history actions,Ggulawo ebikolwa by'ebyafaayo,
history,history.overview.empty,No history cards are available for this zone yet.,Tewannaba kubaawo makaadi ga byafaayo mu kitundu kino.,
history,history.overview.openCard,Open {{title}} history,Ggulawo ebyafaayo bya {{title}},
history,history.overview.cardTypeLabel,{{cardType}} card,Kaadi ya {{cardType}},
history,history.overview.pinCard,Pin card,Kwasa kaadi,
history,history.overview.unpinCard,Unpin card,Sumulula kaadi,
history,history.overview.pinCardForTitle,Pin {{title}} card,Kwasa kaadi ya {{title}},
history,history.overview.unpinCardForTitle,Unpin {{title}} card,Sumulula kaadi ya {{title}},
history,history.overview.pinned,Pinned,Ekwasiddwa,
history,history.overview.alert,Attention,Weetegereze,
history,history.detail.backToHistory,Back to history,Ddayo ku byafaayo,
history,history.detail.invalidRouteTitle,History card not available,Kaadi y'ebyafaayo tekiriwo,
history,history.detail.invalidRouteBody,Return to History and choose an available card.,Ddayo ku Byafaayo olonde kaadi eriwo.,
history,history.detail.loading,Loading history card...,Kaadi y'ebyafaayo etikkibwa...,
history,history.detail.notFoundTitle,History card not available,Kaadi y'ebyafaayo tekiriwo,
history,history.detail.notFoundBody,Return to History and choose an available card.,Ddayo ku Byafaayo olonde kaadi eriwo.,
history,history.detail.controlsPlaceholder,Date range,Ekiseera ky'ennaku,
history,history.detail.inspectorPlaceholder,Inspector,Ebikwata,
history,history.detail.rangeControlLabel,Date range,Ekiseera ky'ennaku,
history,history.detail.viewControlLabel,View,Endaba,
history,history.detail.visualizationLabel,History visualization,Ebifaananyi by'ebyafaayo,
history,history.detail.visualizationHelp,"Drag to pan, pinch to zoom, double tap to reset, or long press to inspect.","Kwalula okutambuza, nyiga n'engalo bbiri okugaziya oba okufunza, kooma emirundi ebiri okuzzaawo, oba nyiga n'obudde obuwanvu okwekenneenya.",
history,history.rangeShort.12h,12h,12h,yes
history,history.rangeShort.24h,24h,24h,yes
history,history.rangeShort.7d,7D,7D,yes
history,history.rangeShort.30d,30D,30D,yes
history,history.rangeShort.season,Season,Ebiseera,
history,history.rangeShort.custom,Custom,Ekikolebwa ggwe,
history,history.sidebar.zones,Zones,Ebitundu,
history,history.sidebar.pinnedCards,Pinned cards,Amakaadi agakwasiddwa,
history,history.sidebar.availableCards,Available cards,Amakaadi agaliwo,
history,history.sidebar.savedWorkspaces,Saved workspaces,Entegeka ezitereke,
history,history.sidebar.workspaceDisabled,Workspace saving is not enabled on this slice.,Okutereka entegeka tekukkirizibwa ku Gateway eno.,
history,history.sidebar.workspaceName,Workspace name,Erinnya ly'entegeka,
history,history.sidebar.saveWorkspace,Save workspace,Tereka entegeka,
history,history.sidebar.updateWorkspace,Update workspace,Kyusa entegeka,
history,history.sidebar.loadWorkspace,Load {{name}},Ggulawo {{name}},
history,history.sidebar.deleteWorkspace,Delete {{name}},Sazaamu {{name}},
history,history.sidebar.defaultWorkspaceName,Local workspace,Entegeka ey'omu kitundu,
history,history.sidebar.pinCard,Pin,Kwasa,
history,history.sidebar.unpinCard,Unpin,Sumulula,
history,history.sidebar.none,None,Tewali,
history,history.carousel.empty,No history cards are available for this zone yet.,Tewannaba kubaawo makaadi ga byafaayo mu kitundu kino.,
history,history.carousel.ariaLabel,History card carousel,Amakaadi g'ebyafaayo mu Carousel,
history,history.carousel.cardAriaLabel,{{title}} card,Kaadi ya {{title}},
history,history.carousel.cardTypeLabel,{{cardType}} card,Kaadi ya {{cardType}},
history,history.carousel.pinned,Pinned,Ekwasiddwa,
history,history.cardFrame.emptyTitle,Select a history card,Londa kaadi y'ebyafaayo,
history,history.cardFrame.emptyBody,Choose a zone and thematic card to inspect local history.,Londa ekitundu ne kaadi ey'omulamwa okwekenneenya ebyafaayo eby'omu kitundu.,
history,history.cardFrame.typeHistory,{{cardType}} history,Ebyafaayo bya {{cardType}},
history,history.cardFrame.viewModes,{{title}} view modes,Enkola z'okulaba {{title}},
history,history.cardFrame.unavailable,This card is not available for the selected zone.,Kaadi eno teriwo mu kitundu ekirondeddwa.,
history,history.cardFrame.timelineBrush,Timeline viewport,Eddirisa ly'olunyiriri lw'ebiseera,
history,history.cardFrame.timelineBrushKeyboardHelp,"Use arrow keys to pan, plus or minus to zoom, and Home or Enter to reset.","Kozesa obufunzo obulaga obuko okutambuza, + oba - okugaziya oba okufunza, ne Home oba Enter okuzzaawo.",
history,history.cardFrame.aggregationBadge,Aggregation: {{aggregation}},Okugatta data: {{aggregation}},
history,history.cardFrame.placeholderBody,Chart and calendar data will load here when card data APIs are enabled.,Data za chart ne kalendaa zijja kulabikira wano nga API za data za kaadi zisobozesezza.,
history,history.cardFrame.cardDataLoading,Loading card data...,Data za kaadi zitikkibwa...,
history,history.cardFrame.cardDataError,Card data failed to load: {{message}},Data za kaadi tezisobodde kutikkibwa: {{message}},
history,history.cardFrame.cardDataUnknownError,Unknown error,Ensobi etamanyiddwa,
history,history.workspace.unavailablePanel,Unavailable panel,Ekitundu ekitaliwo,
history,history.workspace.repairPanel,Remove unavailable panel,Ggyawo ekitundu ekitaliwo,
history,history.dendroTimeline.title,Growth timeline,Olunyiriri lw'okukula,
history,history.dendroTimeline.emptyTitle,No dendrometer timeline data,Tewali data za lunyiriri lwa Dendrometer,
history,history.dendroTimeline.emptyBody,Dendrometer readings will appear here when history data is available.,Ebiwandiiko bya Dendrometer bijja kulabikira wano nga data w'ebyafaayo eriwo.,
history,history.dendroTimeline.eventsTitle,Timeline events,Ebikolwa ku lunyiriri,
history,history.dendroTimeline.eventFallback,Dendrometer event,Ekikolwa kya Dendrometer,
history,history.dendroTimeline.noEvents,No events in this range,Tewali bikolwa mu kiseera kino,
history,history.dendroTimeline.pointsCount,{{count}} readings,Ebiwandiiko {{count}},
history,history.dendroTimeline.series.stemChange,Stem change,Enkyukakyuka mu kikolo,
history,history.dendroTimeline.series.growth,Growth,Okukula,
history,history.dendroTimeline.series.shrinkage,Shrinkage,Okukendeera,
history,history.dendroTimeline.series.dendrometer,Dendrometer,Dendrometer,yes
history,history.environmentLineChart.title,Environment trend,Enkyukakyuka z'obudde,
history,history.environmentLineChart.emptyTitle,No environment trend data,Tewali data za nkyukakyuka z'obudde,
history,history.environmentLineChart.emptyBody,Environment readings will appear here when history data is available.,Ebiwandiiko by'obudde bijja kulabikira wano nga data w'ebyafaayo eriwo.,
history,history.environmentLineChart.pointsCount,{{count}} readings,Ebiwandiiko {{count}},
history,history.environmentLineChart.axisLabel,{{unit}} axis,Olwebongero lwa {{unit}},
history,history.environmentLineChart.axisNoUnit,Unitless axis,Olwebongero olutalina kipimo,
history,history.environmentLineChart.series.airTemperature,Air temperature,Ebbugumu ery'empewo,
history,history.environmentLineChart.series.humidity,Relative humidity,Amaanzi mu mpewo,
history,history.environmentLineChart.series.rain,Rain,Enkuba,
history,history.environmentLineChart.series.light,Light,Omusana,
history,history.environmentLineChart.series.pressure,Pressure,Okunyigiriza,
history,history.environmentLineChart.series.wind,Wind,Empewo,
history,history.environmentLineChart.series.uv,UV index,Enkomerero ya UV,
history,history.environmentLineChart.series.environment,Environment,Obudde,
history,history.dailyMinMax.title,Daily Min/Max,Buli Lunaku: Min/Max,
history,history.dailyMinMax.emptyTitle,No daily min/max data,Tewali data za Min/Max eza buli lunaku,
history,history.dailyMinMax.emptyBody,Daily minimum and maximum readings are not available for this range.,Ebiwandiiko by'ekitono n'ekisingawo eby'buli lunaku tebiriwo mu kiseera kino.,
history,history.dailyMinMax.pointsCount,{{count}} days,Ennaku {{count}},
history,history.dailyMinMax.axisLabel,{{unit}},{{unit}},yes
history,history.dailyMinMax.axisNoUnit,Value,Omuwendo,
history,history.dailyMinMax.tooltipMin,Min,Ekitono,
history,history.dailyMinMax.tooltipMax,Max,Ekisingawo,
history,history.dailyMinMax.tooltipMean,Mean,Wakati,
history,history.dailyMinMax.series.airTemperature,Air temperature,Ebbugumu ery'empewo,
history,history.dailyMinMax.series.environment,Environment,Obudde,
history,history.gatewayStatus.title,Gateway status overview,Endaba y'embeera ya Gateway,
history,history.gatewayStatus.emptyTitle,Limited gateway status data,Data z'embeera ya Gateway nkeenkeene,
history,history.gatewayStatus.emptyBody,Gateway status details will appear here as the hub reports them.,Ebikwata ku mbeera ya Gateway bijja kulabikira wano nga Gateway ebiwaayo.,
history,history.gatewayStatus.lastSeen,Last seen,Yalabibwa wa nnyuma,
history,history.gatewayStatus.dataAsOf,Data as of,Data okutuuka ku,
history,history.gatewayStatus.syncState,Sync state,Embeera y'okusinkroniza,
history,history.gatewayStatus.eventsTitle,Recent gateway events,Ebikolwa bya Gateway ebisembayo,
history,history.gatewayStatus.noEvents,No gateway events in this range.,Tewali bikolwa bya Gateway mu kiseera kino.,
history,history.gatewayStatus.eventFallback,Gateway event,Ekikolwa kya Gateway,
history,history.gatewayStatus.status.ok,OK,Bulungi,
history,history.gatewayStatus.status.online,Online,Kiri ku Network,
history,history.gatewayStatus.status.offline,Offline,Tekiri ku Network,
history,history.gatewayStatus.status.connected,Connected,Kiyunze,
history,history.gatewayStatus.status.disconnected,Disconnected,Tekiyunze,
history,history.gatewayStatus.status.degraded,Degraded,Kikendedde,
history,history.gatewayStatus.status.stale,Stale,Ekaddiye,
history,history.gatewayStatus.status.charging,Charging,Kikutte amasannyalaze,
history,history.gatewayStatus.category.connectivity,Connectivity,Okuyunga,
history,history.gatewayStatus.category.storage,Storage,Okutereka,
history,history.gatewayStatus.category.system,System,Sisitimu,
history,history.gatewayStatus.metric.signal,Signal,Obubonero,
history,history.gatewayStatus.metric.storage,Storage use,Okukozesa mu kutereka,
history,history.gatewayStatus.metric.memory,Memory use,Okukozesa mu Memory,
history,history.gatewayStatus.metric.cpu,CPU,CPU,yes
history,history.gatewayStatus.metric.temperature,Temperature,Ebbugumu,
history,history.gatewayStatus.value.unavailable,Not reported,Tekiwandiikiddwa,
history,history.irrigationTimeline.title,Irrigation event timeline,Olunyiriri lw'ebikolwa by'okusukkulirira,
history,history.irrigationTimeline.emptyTitle,No irrigation events,Tewali bikolwa by'okusukkulirira,
history,history.irrigationTimeline.emptyBody,Irrigation actions and response windows will appear here when history data is available.,Ebikolwa by'okusukkulirira n'ebiseera by'okuddamu bijja kulabikira wano nga data w'ebyafaayo eriwo.,
history,history.irrigationTimeline.eventsCount,{{count}} events,Ebikolwa {{count}},
history,history.irrigationTimeline.eventLabel.irrigation,Irrigation event,Ekikolwa ky'okusukkulirira,
history,history.irrigationTimeline.eventLabel.scheduled,Scheduled irrigation,Okusukkulirira okutegekeddwa,
history,history.irrigationTimeline.eventLabel.manualOverride,Manual override,Okukozesa n'omukono,
history,history.irrigationTimeline.eventLabel.possibleIneffective,Possible ineffective irrigation,Okusukkulirira okuyinza obutagasa,
history,history.irrigationTimeline.eventLabel.responseWindow,Response window,Ekiseera ky'okuddamu,
history,history.irrigationTimeline.detail.duration,Duration: {{value}},Ebanga: {{value}},
history,history.irrigationTimeline.detail.responseWindow,Response window: {{value}},Ekiseera ky'okuddamu: {{value}},
history,history.irrigationTimeline.detail.observedResponse,Observed response: {{value}},Okuddamu okulabiddwa: {{value}},
history,history.irrigationTimeline.severity.info,Info,Amawulire,
history,history.irrigationTimeline.severity.warning,Warning,Okulabula,
history,history.irrigationTimeline.severity.critical,Critical,Kya bulabe,
history,history.irrigationTimeline.severity.success,Success,Kituukiridde,
history,history.irrigationTimeline.severity.unknown,Info,Amawulire,
history,history.cardType.soil,Soil,Obutaka,
history,history.cardType.dendro,Dendro,Dendro,yes
history,history.cardType.environment,Environment,Obudde,
history,history.cardType.irrigation,Irrigation,Okusukkulirira,
history,history.cardType.gateway,Gateway,Gateway,yes
history,history.viewMode.soil-profile,Soil Profile,Obutaka mu Buziba,
history,history.viewMode.line-chart,Line Chart,Chart y'Omulongo,
history,history.viewMode.calendar,Calendar,Kalendaa,
history,history.viewMode.irrigation-response,Irrigation Response,Okuddamu kw'Okusukkulirira,
history,history.viewMode.advanced,Advanced View,Endaba y'Ebisingawo,
history,history.viewMode.growth-timeline,Growth Timeline,Olunyiriri lw'Okukula,
history,history.viewMode.stress-events,Stress Events,Ebikolwa by'Okunyigirizibwa,
history,history.viewMode.daily-min-max,Daily Min/Max,Buli Lunaku: Min/Max,
history,history.viewMode.event-timeline,Event Timeline,Olunyiriri lw'Ebikolwa,
history,history.viewMode.status-overview,Status Overview,Endaba y'Embeera,
history,history.viewMode.connectivity-timeline,Connectivity Timeline,Olunyiriri lw'Okuyunga,
history,history.metadata.coverageUnknown,Coverage unknown,Obujjuvu tebumanyiddwa,
history,history.metadata.coverageKnown,{{coverage}}% coverage,Obujjuvu bwa {{coverage}}%,
history,history.metadata.coverageConfidence.configured,Configured cadence,Ekiseera ekitegekeddwa,
history,history.metadata.coverageConfidence.derived,Derived cadence,Ekiseera ekifunibbwa,
history,history.metadata.coverageConfidence.unknown,Cadence unknown,Ekiseera tekimanyiddwa,
history,history.metadata.syncState.local,Local,Ku Gateway,
history,history.metadata.syncState.synced,Synced,Kisinkroniziddwa,
history,history.metadata.syncState.stale,Stale,Ekaddiye,
history,history.metadata.syncState.degraded,Degraded,Kikendedde,
history,history.metadata.syncState.unknown,Unknown,Tekimanyiddwa,
history,history.metadata.aggregation.auto,Automatic,Byokka,
history,history.metadata.aggregation.raw,Raw,Nga bwe kiri,
history,history.metadata.aggregation.15m,15 min,Ddakiika 15,
history,history.metadata.aggregation.hourly,Hourly,Buli saawa,
history,history.metadata.aggregation.daily,Daily,Buli lunaku,
history,history.metadata.aggregation.weekly,Weekly,Buli wiiki,
history,history.metadata.range.12h,12 hours,Essaawa 12,
history,history.metadata.range.24h,24 hours,Essaawa 24,
history,history.metadata.range.7d,7 days,Ennaku 7,
history,history.metadata.range.30d,30 days,Ennaku 30,
history,history.metadata.range.season,Season,Ebiseera,
history,history.metadata.range.custom,Custom range,Ekiseera ekikolebwa ggwe,
history,history.soilProfile.emptyTitle,No soil profile data,Tewali data za Butaka mu Buziba,
history,history.soilProfile.emptyBody,Depth-aware profile readings are not available for this range.,Ebiwandiiko by'Obutaka ebimanyi obuziba tebiriwo mu kiseera kino.,
history,history.soilProfile.depthLabel,{{depth}} cm,{{depth}} cm,yes
history,history.soilProfile.depthUnknown,Depth pending,Obuziba bulindiridde,
history,history.soilProfile.valueMissing,No reading,Tewali kiwandiiko,
history,history.soilProfile.status.dry_stress,Dry stress,Okunyigirizibwa olw'obukalu,
history,history.soilProfile.status.optimal,Optimal,Ekisaanidde,
history,history.soilProfile.status.wet_excess,Wet excess,Amazzi amasukiridde,
history,history.soilProfile.status.mixed,Mixed,Ekitabuddwa,
history,history.soilProfile.status.no_data,No data,Tewali data,
history,history.soilProfile.labelUnknown,Soil layer {{index}},Olutindo lw'obutaka {{index}},
history,history.soil.state.wet,Wet,Kitose,
history,history.soil.state.moist,Moist,Kitosetose,
history,history.soil.state.dry,Dry,Kikalu,
history,history.calendar.label,Calendar,Kalendaa,
history,history.calendar.title,Calendar,Kalendaa,
history,history.calendar.emptyTitle,No calendar data,Tewali data za kalendaa,
history,history.calendar.weekday.mon,Mon,Bal,
history,history.calendar.weekday.tue,Tue,Lw2,
history,history.calendar.weekday.wed,Wed,Lw3,
history,history.calendar.weekday.thu,Thu,Lw4,
history,history.calendar.weekday.fri,Fri,Lw5,
history,history.calendar.weekday.sat,Sat,Lw6,
history,history.calendar.weekday.sun,Sun,Sab,
history,history.calendar.state.dry_stress,Dry stress,Okunyigirizibwa olw'obukalu,
history,history.calendar.state.optimal,Optimal,Ekisaanidde,
history,history.calendar.state.wet_excess,Wet excess,Amazzi amasukiridde,
history,history.calendar.state.mixed,Mixed,Ekitabuddwa,
history,history.calendar.state.normal_growth,Normal growth,Okukula okw'obulijjo,
history,history.calendar.state.reduced_growth,Reduced growth,Okukula okukendedde,
history,history.calendar.state.high_shrinkage_stress,High shrinkage stress,Okukendeera okw'amaanyi,
history,history.calendar.state.incomplete_night_recovery,Incomplete night recovery,Okuzzaawo kw'ekiro okutajjuvu,
history,history.calendar.state.normal,Normal,Bulijjo,
history,history.calendar.state.heat_stress,Heat stress,Okunyigirizibwa olw'ebbugumu,
history,history.calendar.state.cold_stress,Cold stress,Okunyigirizibwa olw'obunnyogovu,
history,history.calendar.state.high_humidity,High humidity,Amaanzi mangi mu mpewo,
history,history.calendar.state.rain_day,Rain day,Olunaku olw'enkuba,
history,history.calendar.state.no_irrigation,No irrigation,Tewali kusukkulirira,
history,history.calendar.state.irrigation_event,Irrigation event,Ekikolwa ky'okusukkulirira,
history,history.calendar.state.high_irrigation_frequency,High irrigation frequency,Okusukkulirira emirundi mingi,
history,history.calendar.state.possible_ineffective_irrigation,Possible ineffective irrigation,Okusukkulirira okuyinza obutagasa,
history,history.calendar.state.manual_override,Manual override,Okukozesa n'omukono,
history,history.calendar.state.offline,Offline,Tekiri ku Network,
history,history.calendar.state.no_data,No data,Tewali data,
history,history.calendar.marker.irrigation.no_irrigation,No irrigation marker,Akabonero: Tewali kusukkulirira,
history,history.calendar.marker.irrigation.irrigation_event,Irrigation marker,Akabonero: Okusukkulirira,
history,history.calendar.marker.irrigation.high_irrigation_frequency,High frequency marker,Akabonero: Emirundi mingi,
history,history.calendar.marker.irrigation.possible_ineffective_irrigation,Possible ineffective irrigation marker,Akabonero: Okuyinza obutagasa,
history,history.calendar.marker.irrigation.manual_override,Manual override marker,Akabonero: Okukozesa n'omukono,
history,history.calendar.marker.rain,Rain,Enkuba,
history,history.calendar.marker.sensor_gap,Sensor gap,Ekituli kya sensor,
history,history.calendar.marker.heat_event,Heat event,Ekikolwa ky'ebbugumu,
history,history.calendar.marker.soil.dry_stress,Dry stress marker,Akabonero: Okukalu,
history,history.calendar.marker.soil.optimal,Optimal marker,Akabonero: Ekisaanidde,
history,history.calendar.marker.soil.wet_excess,Wet marker,Akabonero: Amazzi amasukiridde,
history,history.calendar.marker.soil.mixed,Mixed marker,Akabonero: Ekitabuddwa,
history,history.calendar.marker.dendro.normal_growth,Normal growth marker,Akabonero: Okukula okw'obulijjo,
history,history.calendar.marker.dendro.reduced_growth,Reduced growth marker,Akabonero: Okukula okukendedde,
history,history.calendar.marker.dendro.high_shrinkage_stress,High shrinkage marker,Akabonero: Okukendeera okw'amaanyi,
history,history.calendar.marker.dendro.incomplete_night_recovery,Incomplete recovery marker,Akabonero: Okuzzaawo okutajjuvu,
history,history.calendar.marker.environment.normal,Normal marker,Akabonero: Bulijjo,
history,history.calendar.marker.environment.heat_stress,Heat marker,Akabonero: Ebbugumu,
history,history.calendar.marker.environment.cold_stress,Cold marker,Akabonero: Obunnyogovu,
history,history.calendar.marker.environment.high_humidity,High humidity marker,Akabonero: Amaanzi mangi mu mpewo,
history,history.calendar.marker.environment.rain_day,Rain marker,Akabonero: Enkuba,
history,history.calendar.summary.soil.dry_stress,Root zone was dry with {{sampleCount}} samples.,"Ekitundu ky'emirandira kyali kikalu, n'ebiwandiiko {{sampleCount}}.",
history,history.calendar.summary.soil.optimal,Root zone was optimal with {{sampleCount}} samples.,"Ekitundu ky'emirandira kyali kisaanidde, n'ebiwandiiko {{sampleCount}}.",
history,history.calendar.summary.soil.wet_excess,Root zone was wet with {{sampleCount}} samples.,"Ekitundu ky'emirandira kyalimu amazzi amasukiridde, n'ebiwandiiko {{sampleCount}}.",
history,history.calendar.summary.soil.mixed,Soil status was mixed across depths.,Embeera y'obutaka yali etabuddwa mu buziba obwenjawulo.,
history,history.calendar.summary.soil.no_data,No soil data was available.,Tewali data za butaka eyaliwo.,
history,history.calendar.summary.dendro.normal_growth,Stem growth looked normal.,Okukula kw'omuti kwalabika kwa bulijjo.,
history,history.calendar.summary.dendro.reduced_growth,Stem growth was reduced.,Okukula kw'omuti kwakendeera.,
history,history.calendar.summary.dendro.high_shrinkage_stress,Stem shrinkage indicated stress.,Okukendeera kw'omuti kwalaga okunyigirizibwa.,
history,history.calendar.summary.dendro.incomplete_night_recovery,Night recovery was incomplete.,Okuzzaawo kw'ekiro tekwatuuka.,
history,history.calendar.summary.dendro.no_data,No dendrometer data was available.,Tewali data za Dendrometer eyaliwo.,
history,history.calendar.summary.environment.normal,Environment was normal.,Obudde bwali bwa bulijjo.,
history,history.calendar.summary.environment.heat_stress,Heat stress was detected.,Okunyigirizibwa olw'ebbugumu kwazuulibwa.,
history,history.calendar.summary.environment.cold_stress,Cold stress was detected.,Okunyigirizibwa olw'obunnyogovu kwazuulibwa.,
history,history.calendar.summary.environment.high_humidity,High humidity was detected.,Amaanzi mangi mu mpewo gazuulibwa.,
history,history.calendar.summary.environment.rain_day,Rain was detected.,Enkuba yazuulibwa.,
history,history.calendar.summary.environment.no_data,No environment data was available.,Tewali data z'obudde eyaliwo.,
history,history.calendar.summary.irrigation.no_irrigation,No irrigation occurred.,Tewali kusukkulirira kwabaddewo.,
history,history.calendar.summary.irrigation.irrigation_event,Irrigation occurred.,Okusukkulirira kwabaddewo.,
history,history.calendar.summary.irrigation.high_irrigation_frequency,Irrigation frequency was high.,Okusukkulirira kwabaddewo emirundi mingi.,
history,history.calendar.summary.irrigation.possible_ineffective_irrigation,Irrigation may have been ineffective.,Okusukkulirira kiyinza okuba nga tekwagasa.,
history,history.calendar.summary.irrigation.manual_override,Manual override occurred.,Waliwo okukozesa n'omukono.,
history,history.calendar.summary.gateway.offline,Gateway connectivity was offline.,Okuyunga kwa Gateway kwali tekuli ku Network.,
history,history.calendar.summary.gateway.normal,Gateway status was normal.,Embeera ya Gateway yali ya bulijjo.,
history,history.calendar.summary.gateway.no_data,No gateway data was available.,Tewali data za Gateway eyaliwo.,
history,history.interpretation.title,Interpretation,Okutegeera,
history,history.interpretation.noData.title,No data in selected range,Tewali data mu kiseera ekirondeddwa,
history,history.interpretation.noData.body,"This card is configured, but no measured history was available for the selected range.","Kaadi eno etegekeddwa, naye tewali byafaayo ebipimiddwa ebyaliwo mu kiseera ekirondeddwa.",
history,history.interpretation.rootZoneDry.title,Root zone entered dry status,Ekitundu ky'emirandira kyayingira embeera ey'obukalu,
history,history.interpretation.rootZoneDry.body,Lower soil tension stayed dry through the selected period.,Okuzika kw'amazzi mu butaka obuwanvu kwasigala kukalu mu kiseera ekirondeddwa.,
history,history.interpretation.dataCoverageGap.title,Sensor data is incomplete,Data za Sensor tezijjuvu,
history,history.interpretation.dataCoverageGap.body,Sensor data was missing during the selected period.,Data za Sensor zaabulako mu kiseera ekirondeddwa.,
history,history.interpretation.incompleteNightRecovery.title,Night recovery was incomplete,Okuzzaawo kw'ekiro tekwatuuka,
history,history.interpretation.incompleteNightRecovery.body,The dendrometer did not fully recover overnight during the selected period.,Dendrometer teyazzaawo bulungi ekiro mu kiseera ekirondeddwa.,
history,history.interpretation.environmentStress.title,Environment stress detected,Okunyigirizibwa kw'obudde kwazuulibwa,
history,history.interpretation.environmentStress.body,Environment readings crossed a stress threshold in the selected range.,Ebiwandiiko by'obudde byasukka ekigero ky'okunyigirizibwa mu kiseera ekirondeddwa.,
history,history.interpretation.extensionUnavailable.title,Cloud context unavailable,Ebikwata ku Cloud tebiriwo,
history,history.interpretation.prediction.title,Prediction context,Ebikwata ku Prediction,
history,history.interpretation.prediction.body,Prediction context is available for this zone.,Ebikwata ku Prediction biriwo mu kitundu kino.,
history,history.interpretation.recommendation.irrigate,Irrigate,Sukkulira,
history,history.interpretation.recommendation.monitor,Monitor,Lambula,
history,history.advanced.title,Advanced diagnostics,Okwekenneenya okw'ebisingawo,
history,history.advanced.loading,Loading advanced diagnostics...,Okwekenneenya okw'ebisingawo kutikkibwa...,
history,history.advanced.emptyTitle,No advanced diagnostics,Tewali kwekenneenya kw'ebisingawo,
history,history.advanced.value.unavailable,Unavailable,Tekiriwo,
history,history.advanced.availability.collected,Collected,Kikuŋŋaanyiziddwa,
history,history.advanced.availability.not_collected_at_time,Not collected then,Tekyakuŋŋaanyizibwa mu kiseera ekyo,
history,history.advanced.availability.unknown_now,Unknown now,Tekimanyiddwa kati,
history,history.advanced.availability.unsupported,Unsupported,Tewagirwa,
history,history.advanced.field.device_eui,Device EUI,Device EUI,yes
history,history.advanced.field.primaryDeveui,Device EUI,Device EUI,yes
history,history.advanced.field.rssi,RSSI,RSSI,yes
history,history.advanced.field.snr,SNR,SNR,yes
history,history.advanced.field.raw_payload,Raw payload,Data nga bwe eri,
history,history.advanced.field.rawPayload,Raw payload,Data nga bwe eri,
history,history.advanced.field.firmware,Firmware,Firmware,yes
history,history.advanced.field.calibration,Calibration,Okutereeza ekipimo,
history,history.advanced.field.prediction,Prediction,Okuteebereza,
history,history.advanced.field.forecast,Forecast,Ebikuubiriza,
history,history.advanced.field.pending_commands,Pending commands,Ebiragiro ebirindiridde,
history,history.advanced.field.batteryPct,Battery percent,Pasenti ya Bbaatule,
history,history.advanced.field.batteryVoltage,Battery voltage,Voliti za Bbaatule,
history,history.advanced.field.calibrationStatus,Calibration status,Embeera ya Calibration,
history,history.advanced.field.firmwareVersion,Firmware version,Vaasoni ya Firmware,
history,history.advanced.field.gatewayEui,Gateway EUI,Gateway EUI,yes
history,history.advanced.field.gatewayLatitude,Gateway latitude,Latitudo ya Gateway,
history,history.advanced.field.gatewayLocationStatus,Gateway location status,Embeera y'ekifo kya Gateway,
history,history.advanced.field.gatewayLongitude,Gateway longitude,Longitudo ya Gateway,
history,history.advanced.field.logicalSourceKey,Logical source key,Kisumuluzo ky'ensibuko,
history,history.advanced.field.pendingCommands,Pending commands,Ebiragiro ebirindiridde,
history,history.advanced.field.rawRowCount,Raw row count,Omuwendo gw'emirundi gya data,
history,history.advanced.field.sourceDeviceCount,Source device count,Omuwendo gw'ebyuma ebisibuko,
history,history.source.multipleNamed,{{count}} sources: {{names}},Ensibuko {{count}}: {{names}},
history,history.source.multiple,{{count}} sources,Ensibuko {{count}},
history,history.soilLineChart.title,Soil line chart,Chart y'omulongo gw'obutaka,
history,history.soilLineChart.emptyTitle,No soil trend data,Tewali data za nkyukakyuka z'obutaka,
history,history.soilLineChart.emptyBody,Soil tension readings will appear here when history data is available.,Ebiwandiiko by'okuzika kw'amazzi mu butaka bijja kulabikira wano nga data w'ebyafaayo eriwo.,
history,history.soilLineChart.pointsCount,{{count}} readings,Ebiwandiiko {{count}},
history,history.soilLineChart.axisLabel,{{unit}} axis,Olwebongero lwa {{unit}},
history,history.soilLineChart.series.soil1,Soil 1,Obutaka 1,
history,history.soilLineChart.series.soil2,Soil 2,Obutaka 2,
history,history.soilLineChart.series.soil3,Soil 3,Obutaka 3,
history,history.soilLineChart.series.soil,Soil {{index}},Obutaka {{index}},
history,history.soilLineChart.series.sensor,Sensor {{index}},Ekyuma ekipima {{index}},
history,history.soilIrrigationResponse.title,Soil irrigation response,Okuddamu kw'obutaka eri okusukkulirira,
history,history.soilIrrigationResponse.emptyTitle,No irrigation response events,Tewali bikolwa by'okuddamu kw'okusukkulirira,
history,history.soilIrrigationResponse.emptyBody,No irrigation response events in this range.,Tewali bikolwa by'okuddamu kw'okusukkulirira mu kiseera kino.,
history,history.soilIrrigationResponse.eventsCount,{{count}} events,Ebikolwa {{count}},
history,history.soilIrrigationResponse.eventFallback,Irrigation response,Okuddamu kw'okusukkulirira,
history,history.soilIrrigationResponse.duration,Duration: {{value}} min,Ebanga: Ddakiika {{value}},
history,history.soilIrrigationResponse.interpretationsTitle,Response notes,Ebiwandiiko ku kuddamu,
history,history.dendroLineChart.title,Dendro line chart,Chart y'omulongo gwa Dendro,
history,history.dendroLineChart.emptyTitle,No dendrometer line data,Tewali data za chart ya Dendrometer,
history,history.dendroLineChart.emptyBody,Dendrometer readings will appear here when history data is available.,Ebiwandiiko bya Dendrometer bijja kulabikira wano nga data w'ebyafaayo eriwo.,
history,history.dendroLineChart.pointsCount,{{count}} readings,Ebiwandiiko {{count}},
history,history.dendroLineChart.series.stemChange,Stem change,Enkyukakyuka mu kikolo,
history,history.dendroLineChart.series.growth,Growth,Okukula,
history,history.dendroLineChart.series.shrinkage,Shrinkage,Okukendeera,
history,history.dendroLineChart.series.position,Position,Ekifo,
history,history.dendroLineChart.series.dendrometer,Dendrometer,Dendrometer,yes
history,history.dendroStressEvents.title,Dendro stress events,Ebikolwa by'okunyigirizibwa bya Dendro,
history,history.dendroStressEvents.emptyTitle,No stress events,Tewali bikolwa by'okunyigirizibwa,
history,history.dendroStressEvents.emptyBody,No stress events in this range.,Tewali bikolwa by'okunyigirizibwa mu kiseera kino.,
history,history.dendroStressEvents.eventsCount,{{count}} events,Ebikolwa {{count}},
history,history.dendroStressEvents.interpretationsTitle,Stress notes,Ebiwandiiko ku kunyigirizibwa,
history,history.dendroStressEvents.event.stress,Stress event,Ekikolwa ky'okunyigirizibwa,
history,history.dendroStressEvents.event.shrinkage,Shrinkage stress,Okunyigirizibwa olw'okukendeera,
history,history.dendroStressEvents.event.incompleteRecovery,Incomplete recovery,Okuzzaawo okutajjuvu,
history,history.sourceFilter.label,Source,Ensibuko,
history,history.sourceFilter.all,All,Byonna,
history,history.settings.open,Open card settings,Ggulawo enteekateeka za kaadi,
history,history.settings.menuLabel,Card settings,Enteekateeka za kaadi,
history,history.settings.advancedView,Advanced View,Endaba y'ebisingawo,
history,history.settings.cardSettings,Card settings,Enteekateeka za kaadi,
history,history.settings.resetRange,Reset range,Zzaawo ekiseera,
history,history.settings.cardSettingsUnavailable,Card settings are not available yet.,Enteekateeka za kaadi tezinnaba kubaawo.,
history,history.settings.refresh,Refresh,Zza obuggya,
history,history.inspector.title,Inspector,Ebikwata,
history,history.inspector.context,Selected point,Akatundu akalondeddwa,
history,history.inspector.close,Close,Ggalawo,
history,history.inspector.timestamp,Timestamp,Ekiseera,
history,history.inspector.date,Date,Olunaku,
history,history.inspector.source,Source,Ensibuko,
history,history.inspector.coverage,Coverage,Obujjuvu,
history,history.inspector.syncState,Sync state,Embeera y'okusinkroniza,
history,history.inspector.dataAsOf,Data as of,Data okutuuka ku,
history,history.inspector.events,Events,Ebikolwa,
history,history.inspector.noInterpretation,No local interpretation for this selection.,Tewali kutegeera kw'omu kitundu ku kirondeddwa kino.,
history,history.inspector.eventFallback,History event,Ekikolwa ky'ebyafaayo,
history,history.sources.button,Sources,Ensibuko,
history,history.sources.menuLabel,Card sources,Ensibuko za kaadi,
journal,title,Field journal,Journal y'ennimiro,
journal,welcome,Activity record for {{username}},Ebiwandiiko by'ebikolwa bya {{username}},
journal,comingSoon.badge,In development,Kikyakolebwa,
journal,comingSoon.heading,The field journal is being built,Journal y'ennimiro ekyakolebwa,
journal,comingSoon.body,"Log what happened in the field — irrigation, spraying, seeding, harvest, observations — so your sensor curves and analytics can be read in context. Entries anchor to a plot, capture the sensor snapshot at the moment of the activity, and appear as markers on your history charts.","Wandiika ekyabaddewo mu nnimiro — okusukkulirira, okumansira eddagala, okusiga, okukungula, n'okulambula — okusobola okutegeera obulungi chart za sensor n'okwekenneenya kwo. Ebiwandiiko bikwatagana n'omusiri, ne bikwata endaba ya sensor mu kiseera ky'ekikolwa, era bilabika ng'obubonero ku chart z'ebyafaayo byo.",
journal,comingSoon.captureTitle,Fast capture,Okuwandiika amangu,
journal,comingSoon.captureBody,"Six recent activities on a tap grid, product-first entry, and a plain-language confirmation line before every save.","Ebikolwa mukaaga ebisembayo ku lupapula lw'okukwatako, okuwandiika nga otandika ku kika ky'ekyakozesebwa, n'olunyiriri olukakasa mu bigambo ebyangu buli lwoterekawo.",
journal,comingSoon.recordTitle,A real farm record,Ebiwandiiko bya nnimiro eby'amazima,
journal,comingSoon.recordBody,"Structured, machine-readable entries per plot with frozen provenance — a detailed record designed for compliance profiles later.","Ebiwandiiko ebitegekeddwa obulungi era ebisomeka na makina, buli musiri nga birina ensibuko etakyuka — ebiwandiiko eby'obujjuvu ebikoleddwa ku lw'enkola ez'okugoberera amateeka mu biseera ebijja.",
journal,comingSoon.syncTitle,Honest sync,Okusinkroniza okw'amazima,
journal,comingSoon.syncBody,Every entry tells you whether it is saved on the farm gateway or waiting for it. Nothing is silently lost.,Buli kiwandiiko kikulaga oba kiterekeddwa ku Gateway y'ennimiro oba nga kikyalindirira. Tewali kibula nga tokimanyiiko.,
journal,row.farmLevel,Farm-level,Ennimiro yonna,
journal,row.unknownPlot,Unknown plot,Omusiri ogutamanyiddwa,
journal,row.status.final,Final,Kimaliriddwa,
journal,row.status.draft,Draft,Kitannamala,
journal,row.status.voided,Voided,Kisaziddwamu,
journal,activity.irrigation,Irrigation,Okusukkulirira,
journal,activity.fertigation,Fertigation,Fertigation,yes
journal,activity.fertilization,Fertilization,Okugimusa,
journal,activity.seeding,Seeding,Okusiga,
journal,activity.harvest,Harvest,Okukungula,
journal,activity.general_observation,Observation,Okulambula,
journal,timeline.empty,No activities logged yet.,Tewali kikolwa kiwandiikiddwa.,
journal,timeline.loading,Loading activities…,Ebikolwa bitikkibwa...,
journal,timeline.batch,Batch activity,Ebikolwa eby'awamu,
journal,timeline.batchExpand,Expand batch,Gaziya ebikolwa eby'awamu,
journal,timeline.batchCollapse,Collapse batch,Kendeeza ebikolwa eby'awamu,
journal,timeline.batchLoading,Loading batch entries…,Ebiwandiiko eby'awamu bitikkibwa…,
journal,timeline.batchError,Unable to load batch entries.,Ebiwandiiko eby'awamu tebiyinzise kutikkibwa.,
journal,timeline.batchRetry,Retry,Gezaako nate,
journal,where.station,Station,Siteegi,
journal,where.unstationed,Unstationed plots,Emisiri egitalina siteegi,
journal,where.namedPlots,Named plots,Emisiri egirina amannya,
journal,where.noStation,No station,Tewali siteegi,
journal,where.selectAll,Select all,Londa zonna,
journal,where.invert,Invert selection,Kyusa okulonda,
journal,where.range,Station range,Ennamba z'emisiri ku siteegi,
journal,where.applyRange,Apply range,Londa ennamba zino,
journal,where.rangeSummary,{{label}} · {{plotCount}} · {{selectedCount}},{{label}} · {{plotCount}} · {{selectedCount}},yes
journal,where.rangePlotCount,plots,emisiri,
journal,where.rangePlotCount_one,{{count}} plot,Omusiri {{count}},
journal,where.rangePlotCount_other,{{count}} plots,Emisiri {{count}},
journal,where.rangeSelectedCount,selected,zilondeddwa,
journal,where.rangeSelectedCount_one,{{count}} selected,Omusiri {{count}} gulondeddwa,
journal,where.rangeSelectedCount_other,{{count}} selected,Emisiri {{count}} girondeddwa,
journal,where.rangeEmpty,The station range is empty.,Ennamba z'emisiri ku siteegi tezirimu.,
journal,where.rangeMalformed,The station range is invalid.,Ennamba z'emisiri ku siteegi si ntuufu.,
journal,where.rangeOutOfStation,The range contains a plot outside this station.,Ennamba z'emisiri zirimu omusiri ogutali ku siteegi eno.,
journal,where.rangeDuplicate,The station range repeats a value.,Ennamba z'emisiri ku siteegi zirimu ennamba eddamu.,
journal,where.rangeReversed,The station range is reversed.,Ennamba z'emisiri ku siteegi zikyusiddwa.,
journal,where.rangeNonInteger,The station range must use whole numbers.,Ennamba z'emisiri ku siteegi zirina okuba ennamba enzijuvu.,
journal,where.rangeNonPositive,The station range must use positive numbers.,Ennamba z'emisiri ku siteegi zirina okuba ezisinga ku ziro.,
journal,where.mixedLayout,Selected plots use different layouts.,Emisiri egirondeddwa gikozesa layouts ez'enjawulo.,
journal,where.maxPlots,Selected plots,Emisiri egirondeddwa,
journal,where.maxPlotsError,Select no more than {{count}} plots.,Londa emisiri egitasinga {{count}}.,
journal,where.noPlot,No plot,Tewali musiri,
journal,where.selectionCount,plots selected,emisiri girondeddwa,
journal,where.selectionCount_one,{{count}} plot selected,Omusiri {{count}} gulondeddwa,
journal,where.selectionCount_other,{{count}} plots selected,Emisiri {{count}} girondeddwa,
journal,where.staleSelection,This selection changed. Refresh and try again.,Okulonda kuno kukyusiddwa. Ddamu okutikka n'oddemu ogezeeko.,
journal,where.createGroup,Create group,Tonda ekibinja,
journal,where.editGroup,Edit group,Kyusa ekibinja,
journal,where.groupLabel,Group label,Erinnya ly'ekibinja,
journal,where.saveGroup,Save group,Tereka ekibinja,
journal,where.cancel,Cancel,Sazaamu,
journal,where.loading,Loading…,Bitikkibwa…,
journal,where.retry,Retry,Gezaako nate,
journal,group.members,Plot groups,Ebibinja by'emisiri,
journal,group.members_one,{{count}} plot,Omusiri {{count}},
journal,group.members_other,{{count}} plots,Emisiri {{count}},
journal,group.unavailableMembers,Some group members are unavailable.,Abamu ku bali mu kibinja tebaliwo.,
journal,group.resolved,Resolved,Kisaasaanyiddwa,
journal,group.resolve,Resolve group,Saasaanya ekibinja,
journal,group.resolveError,Could not resolve this group.,Twayisiddwa okusaasaanya ekibinja kino.,
journal,group.changedError,This group changed. Refresh and try again.,Ekibinja kino kikyuse. Ddamu otikke omuko era ogezeeko nate.,
journal,group.resolutionRegion,Harvest group resolution,Okusaasaanya ekibinja ky'okukungula,
journal,group.resolveHeading,Resolve harvest group,Saasaanya ekibinja ky'okukungula,
journal,group.resolveAction,Resolve group,Saasaanya ekibinja,
journal,group.resolving,Resolving…,Kisaasaanyibwa…,
journal,group.heterogeneous,The group contains incompatible layouts.,Ekibinja kirimu layouts ezitakwatagana.,
journal,group.create,Create group,Tonda ekibinja,
journal,group.edit,Edit group,Kyusa ekibinja,
journal,group.loading,Loading groups…,Ebibinja bitikkibwa…,
journal,group.error,Could not save the plot group.,Twayisiddwa okutereka ekibinja ky'emisiri.,
journal,group.retry,Retry,Gezaako nate,
journal,plot.create,Create plot,Tonda omusiri,
journal,plot.update,Update plot,Longooseza omusiri,
journal,plot.new,New plot,Omusiri omupya,
journal,plot.edit,Edit selected plot,Kyusa omusiri ogulondeddwa,
journal,plot.code,Plot code,Koodi y'omusiri,
journal,plot.name,Name,Erinnya,
journal,plot.zone,Zone,Ekitundu,
journal,plot.station,Station,Siteegi,
journal,plot.cropHint,Crop hint,Obubaka ku kirime,
journal,plot.area,Area (m²),Obunene (m²),
journal,plot.active,Active,Kikola,
journal,plot.layout,Layout,Layout,yes
journal,plot.save,Save,Tereka,
journal,plot.cancel,Cancel,Sazaamu,
journal,plot.layoutRequired,Select an active layout,Londa layout ekola,
journal,plot.stale,This plot changed elsewhere. Reload before saving.,Omusiri guno gukyusiddwa awalala. Guddemu okutikka nga tonnatereka.,
journal,plot.codeConflict,Plot code is already in use.,Koodi y'omusiri ekozesebwa dda.,
journal,plot.heterogeneousGroup,The plot belongs to a heterogeneous group.,Omusiri guno guli mu kibinja kya layouts ezitakwatagana.,
journal,plot.unresolvedGroup,Resolve the plot group before deactivating this plot.,Saasaanya ekibinja ky'omusiri nga tonnakiremesa.,
journal,plot.loading,Saving…,Tikutereka…,
journal,plot.error,Could not save the plot.,Twayisiddwa okutereka omusiri.,
journal,plot.retry,Retry,Gezaako nate,
journal,batch.saving,Saving…,Tikutereka…,
journal,batch.saved,Saved,Kiterekeddwa,
journal,batch.confirm,Review batch before saving,Kebera ebikolwa eby'awamu nga tonnatereka,
journal,batch.confirmCount,plots,emisiri,
journal,batch.confirmCount_one,{{count}} plot,Omusiri {{count}},
journal,batch.confirmCount_other,{{count}} plots,Emisiri {{count}},
journal,batch.duplicateTitle,Duplicate entries found,Ebiwandiiko ebiddiŋŋana bizuuliddwa,
journal,batch.duplicateBody,Review every duplicate candidate before saving this batch.,Kebera buli kiwandiiko ekiteeberezebwa okuba ekyiddiŋŋana nga tonnatereka bino eby'awamu.,
journal,batch.duplicateAcknowledge,Acknowledge all and retry,Kakasa byonna oddemu ogezeeko,
journal,batch.count,plots,emisiri,
journal,batch.count_one,{{count}} plot,Omusiri {{count}},
journal,batch.count_other,{{count}} plots,Emisiri {{count}},
journal,batch.retry,Retry,Gezaako nate,
journal,unavailable.title,Journal not available,Journal tekiriwo,
journal,unavailable.body,This gateway does not yet have the field journal. Update the gateway firmware to enable it.,Gateway eno tennaba kuba na journal y'ennimiro. Zzaawo firmware ya Gateway okugisobozesa.,
journal,error.title,Could not load the journal,Journal teyasobodde kutikkibwa,
journal,error.body,The gateway did not answer successfully. Try again.,Gateway teyaddamu bulungi. Gezaako nate.,
journal,error.retry,Try again,Gezaako nate,
journal,filters.plot,Plot,Omusiri,
journal,filters.allPlots,All plots,Emisiri gyonna,
journal,filters.activity,Activity,Ekikolwa,
journal,filters.allActivities,All activities,Ebikolwa byonna,
journal,logActivity,Log activity,Wandiika ky'okoze,
journal,capture.title,Log activity,Wandiika ky'okoze,
journal,capture.close,Close,Ggalawo,
journal,capture.back,Back,Ddayo,
journal,capture.next,Next,Ekiddako,
journal,capture.finish,Finish,Maliriza,
journal,capture.where.title,Where did this happen?,Kino kyabaddewo wa?,
journal,capture.where.plot,Plot,Omusiri,
journal,capture.where.selectPlot,Select a plot,Londa omusiri,
journal,capture.where.farmLevel,Whole farm,Ennimiro yonna,
journal,capture.where.noPlot,No plot,Tewali musiri,
journal,capture.where.linkedZone,Linked to a sensor zone,Kikwatagana n'ekitundu kya sensor,
journal,capture.where.sensorless,No linked sensor zone,Tewali kitundu kya sensor ekikwataganye,
journal,capture.where.layout,Layout,Layout,yes
journal,capture.where.timezone,Timezone,Timezone,yes
journal,capture.picker.title,What happened?,Kyabaddewo ki?,
journal,capture.picker.recentOnPlot,Recent on this plot,Ebisembayo ku musiri guno,
journal,capture.picker.commonThisSeason,Common this season,Ebitera okukolebwa mu kiseera kino,
journal,capture.picker.farmRecent,Recent on this farm,Ebisembayo mu nnimiro eno,
journal,capture.picker.allOptions,All options,Ebyokulonda byonna,
journal,capture.picker.more,More activities,Ebikolwa ebirala,
journal,capture.picker.search,Search activities,Noonya ebikolwa,
journal,capture.picker.searchPlaceholder,Search by name or code,Noonya n'erinnya oba koodi,
journal,capture.picker.browseAll,Browse all,Laba byonna,
journal,capture.picker.noResults,No matching activities,Tewali kikolwa kifaanana,
journal,capture.picker.unsupported,This activity is not available for the selected layout,Ekikolwa kino tekiriwo ku layout gy'olonze,
journal,capture.form.title,Activity details,Ebikwata ku kikolwa,
journal,capture.form.detailLevel,Detail level,Obungi bw'ebikwata,
journal,capture.form.quick,Quick,Amangu,
journal,capture.form.full,Full,Ekijjuvu,
journal,capture.form.research,Research,Okunoonyereza,
journal,capture.form.layout,Layout,Layout,yes
journal,capture.form.required,Required,Kyetaagisa,
journal,capture.form.optional,Optional,Si kyetaagisa,
journal,capture.form.select,Select an option,Londa ekintu,
journal,capture.form.value,Value,Omuwendo,
journal,capture.form.unit,Unit,Ekipimo,
journal,capture.form.decrease,Decrease,Kendeeza,
journal,capture.form.increase,Increase,Yongeza,
journal,capture.form.add,Add another,Yongeramu endala,
journal,capture.form.remove,Remove,Ggyawo,
journal,capture.form.product,Product,Ekyakozesebwa,
journal,capture.form.derivedNutrients,Calculated from product composition,Bibalibwa okuva mu bitundu by'ekyakozesebwa,
journal,capture.form.noProducts,No active products are available,Tewali byakozesebwa ebiriwo kati,
journal,capture.form.note,Note,Akawandiiko,
journal,capture.form.booleanYes,Yes,Yee,
journal,capture.form.booleanNo,No,Nedda,
journal,capture.validation.required,Complete this field,Jjuzaamu ekifo kino,
journal,capture.validation.invalidNumber,Enter a valid number,Yingiza ennamba entuufu,
journal,capture.validation.minimum,Enter a value of at least {{min}},Yingiza omuwendo ogutali wansi wa {{min}},
journal,capture.validation.maximum,Enter a value no greater than {{max}},Yingiza omuwendo ogutali waggulu wa {{max}},
journal,capture.validation.incompatibleUnit,This unit cannot be used for this value,Ekipimo kino tekisobola kukozesebwa ku muwendo guno,
journal,capture.validation.crossBasis,This unit uses a different measurement basis,Ekipimo kino kikozesa enkola endala ey'okupima,
journal,capture.validation.invalidDependency,The selected options do not form a valid combination,Ebyolonze tebikwatagana bulungi,
journal,capture.validation.invalidDefinition,This journal form is not available,Fomu eno eya journal tekiriwo,
journal,capture.validation.layoutTemplateMismatch,This detail level is not available for the selected layout,Obungi buno obw'ebikwata tebukolera ku layout gy'olonze,
journal,capture.validation.cropRequired,Enter a crop because no active season covers this plot,Yingiza ekirime kubanga tewali kiseera kikola ku musiri guno,
journal,capture.validation.invalidLocalTime,Enter a valid local date and time,Yingiza ennaku n'ekiseera ebituufu eby'omu kitundu,
journal,capture.validation.invalidTimezone,Select a supported timezone,Londa timezone ekkirizibwa,
journal,capture.validation.nonexistentLocalTime,This local time does not exist because the clock moves forward,Ekiseera kino eky'omu kitundu tekiriwo kubanga essaawa yeeyongera mu maaso,
journal,capture.validation.ambiguousLocalTime,This local time occurs twice because the clock moves back,Ekiseera kino eky'omu kitundu kibaawo emirundi ebiri kubanga essaawa edda emabega,
journal,capture.validation.chooseUtcOffset,Choose which UTC offset applies,Londa UTC offset ekozesebwa,
journal,capture.validation.invalidUtcOffset,The selected UTC offset does not match this local time,UTC offset gy'olonze tekwataganye n'ekiseera kino eky'omu kitundu,
journal,capture.carry.prefilled,Copied from the latest compatible entry,Kikoppeddwa okuva mu kiwandiiko ekisembayo ekikwataganye,
journal,capture.carry.repeatTreatment,Repeat last treatment,Ddamu ekyakozesebwa eky'enkomerero,
journal,capture.carry.repeatTreatmentDescription,Review the previous treatment before copying its protected fields,Kebera ekyakozesebwa ekyasooka nga tonnakoppa bifo byakyo ebikuumibwa,
journal,capture.carry.sourceDate,Previous date,Ennaku eyasooka,
journal,capture.carry.crop,Crop,Ekirime,
journal,capture.carry.product,Product,Ekyakozesebwa,
journal,capture.carry.rate,Rate,Omuwendo gw'okukozesa,
journal,capture.carry.useValues,Use these values,Kozesa emiwendo gino,
journal,capture.carry.dismiss,Do not copy,Tokoppa,
journal,capture.carry.invalidated,"The previous treatment no longer matches this plot, crop, time, season, or layout","Ekyakozesebwa ekyasooka tekikyakwatagana na musiri guno, ekirime kino, akaseera kano, ebbanga lino ery'okulima, oba layout eno",
journal,capture.confirm.title,Review before saving,Kebera nga tonnaterekawo,
journal,capture.confirm.activity,Activity,Ekikolwa,
journal,capture.confirm.plot,Plot,Omusiri,
journal,capture.confirm.farmLevel,Whole farm,Ennimiro yonna,
journal,capture.confirm.layout,Layout,Layout,yes
journal,capture.confirm.occurrence,When,Ddi,
journal,capture.confirm.values,Details,Ebikwata,
journal,capture.confirm.edit,Edit,Kyusa,
journal,capture.confirm.ready,Ready to save,Kitegefu okuterekebwa,
journal,capture.confirm.duplicateTitle,A similar activity already exists,Ekikolwa ekifaanana kimaze okubaawo,
journal,capture.confirm.duplicateBody,Review the existing entry before saving another record,Kebera ekiwandiiko ekiriwo nga tonnaterekawo ekirala,
journal,capture.confirm.openExisting,Open existing,Ggulawo ekiriwo,
journal,capture.confirm.saveSeparately,Save separately,Tereka awuka,
journal,capture.save.saving,Saving…,Tikutereka...,
journal,capture.save.draftSavedGateway,Draft saved on farm gateway,Ekitannamala kiterekeddwa ku Gateway y'ennimiro,
journal,capture.save.finalSavedGateway,Saved on farm gateway,Kiterekeddwa ku Gateway y'ennimiro,
journal,capture.save.cloudWaiting,Saved on OSI Server — waiting for farm gateway,Kiterekeddwa ku OSI Server — kirindiridde Gateway y'ennimiro,
journal,capture.save.notSaved,Not saved,Tekiterekeddwa,
journal,capture.save.retry,Try again,Gezaako nate,
journal,capture.save.lossWarning,Changes are held only in this open screen until the gateway saves them,Enkyukakyuka zikwatiddwa mu lupapula luno lwokka okutuusa Gateway lw'ezitereka,
journal,capture.save.leaveWarning,Leaving now will discard changes that the gateway has not saved,"Bw'ovaawo kati, enkyukakyuka Gateway ze zitanaba kutereka zijja kubulwa",
settings,entryPoint,Settings,Enteekateeka,
settings,title,Settings,Enteekateeka,
settings,backToDashboard,Back to dashboard,Ddayo ku dashboard,
settings,languageTitle,Language,Olulimi,
settings,appearanceTitle,Appearance,Endabika,
settings,theme,Theme,Omulamwa,
settings,light,Light,Ekitangaala,
settings,dark,Dark,Ekizikiza,
settings,system,System,Sisitimu,
settings,unitsTitle,Units & Display,Ebipimo n'okulaga,
settings,swtUnit,Soil water tension unit,Ekipimo kya soil water tension,
settings,kpa,kPa,kPa,yes
settings,pf,pF,pF,yes
settings,swtSample,SWT sample,Ekyokulabirako kya SWT,
settings,modulesTitle,Modules,Modulu,
settings,predictionAdvisory,Prediction advisory,Okubuulirira kwa prediction,
settings,predictionAdvisoryWarning,"Experimental, do not use for production!","Kigezesa, togikozesa mu production!",
settings,waterCard,Water balance,Water balance,yes
settings,irrigationSchedule,Irrigation schedule,Enteekateeka y'okufukirira,
settings,environmentCard,Environment & weather forecast,Environment & weather forecast,yes
settings,schedulerDisableConfirm,Disable all active irrigation schedules before hiding this module?,Ggyako enteekateeka z'okufukirira zonna ezikola nga tonnakweka modulu eno?,
settings,schedulerDisableSuccess_one,Disabled {{count}} active schedule.,Enteekateeka {{count}} eggyiddwako.,
settings,schedulerDisableSuccess_other,Disabled {{count}} active schedules.,Enteekateeka {{count}} ziggyiddwako.,
settings,schedulerDisableError,Could not disable irrigation schedules,Enteekateeka z'okufukirira tezisobodde kuggyibwako,
settings,dataTitle,Data & Refresh,Data n'okuzza obuggya,
settings,autoRefresh,Auto-refresh dashboard,Dashboard ezze obuggya yokka,
settings,on,On,Koleeza,
settings,off,Off,Gyako,
settings,userRequestTitle,User request,Okusaba kw’omukozesa,
settings,requestType,Request type,Ekika ky’okusaba,
settings,bugFix,Bug fix,Okutereeza ensobi,
settings,featureRequest,Feature request,Okusaba ekintu ekipya,
settings,requestTitle,Title,Omutwe,
settings,contactEmail,Email address (optional),Email (optional),
settings,requestArea,Area,Ekitundu,
settings,requestImpact,Impact,Enkosa,
settings,requestDescription,Description,Description,yes
settings,requestShareConsent,May be shared publicly without private farm details.,Kiyinza okugabanyizibwa awatali bikwata ku nnimiro eby’ekyama.,
settings,requestIncludeDiagnostics,Include diagnostics,Include diagnostics,yes
settings,requestSubmit,Save request,Save request,yes
settings,requestSubmitting,Saving...,Saving...,yes
settings,requestSaved,"Saved, waiting for internet","Saved, waiting for internet",yes
settings,requestError,Could not save request,Could not save request,yes
settings,area_dashboard,Dashboard,Dashboard,yes
settings,area_history,History,History,yes
settings,area_analysis,Analysis,Analysis,yes
settings,area_watering,Watering,Watering,yes
settings,area_devices,Devices,Devices,yes
settings,area_sync,Sync,Sync,yes
settings,area_system,System,System,yes
settings,area_other,Other,Other,yes
settings,impact_cant_work,Cannot work,Cannot work,yes
settings,impact_workaround,Workaround available,Workaround available,yes
settings,impact_annoying,Annoying,Annoying,yes
settings,impact_idea,Idea,Idea,yes
support,navLabel,Support & Requests,Obuyambi n'okusaba,
support,title,Support & Requests,Obuyambi n'okusaba,
support,backToDashboard,Back to dashboard,Ddayo ku Dashboard,
support,empty,No requests yet.,Tewali kusaba okuliwo.,
support,form.stepRequest,1. Request text,1. Ebigambo by'okusaba,
support,form.stepArea,2. Area and severity,2. Ekitundu n'obukulu,
support,form.stepDiagnostics,3. Diagnostics and consent,3. Okukebera n'okukkiriza,
support,form.summary,Short title,Omutwe omumpi,
support,form.description,What should be improved?,Kiki ekirina okulongoosebwa?,
support,form.contactEmail,Contact email (optional),Email ey'okukutuukako (si ya buwaze),
support,form.expected,Expected,Ekisuubirwa,
support,form.actual,Actual,Ekiriwo,
support,form.steps,Steps,Emitendera,
support,form.requestType,Request type,Ekika ky'okusaba,
support,form.area,Area,Ekitundu,
support,form.severity,Severity,Obukulu,
support,form.diagnostics,Diagnostics preview,Ebikwata ku kukebera,
support,form.includeDiagnostics,Include safe diagnostics with this request.,Teekako ebikwata ku kyuma ebitali bya kyama.,
support,form.consentPublic,I agree this request may be shared publicly without private farm details.,Nzikiriza okusaba kuno kugabanyizibwe mu lujjudde awatali bikwata ku faamu eby'ekyama.,
support,form.submit,Save request,Tereka okusaba,
support,form.submitting,Saving...,Kutereka...,
support,types.bug,Bug,Ekizibu,
support,types.improvement,Improvement,Okulongoosa,
support,types.feedback,Feedback,Ebirowoozo,
support,areas.dashboard,Dashboard,Dashboard,yes
support,areas.history,History,Ebyafaayo,
support,areas.analysis,Analysis,Okwekenneenya,
support,areas.copy,Text and labels,Ebigambo n'ennyiriri,
support,areas.watering,Watering,Okufukirira,
support,areas.sync,Sync,Okusinkroniza,
support,areas.devices,Devices,Ebyuma,
support,areas.system,System,Enkola,
support,areas.other,Other,Ekirala,
support,severity.cant_work,Cannot work,Omulimu tegusoboka,
support,severity.workaround,Workaround available,Waliwo engeri endala,
support,severity.annoying,Annoying,Kinyiza,
support,severity.idea,Idea,Ekirowoozo,
support,diagnostics.loading,Loading diagnostics...,Ebikwata ku kukebera bitikkibwa...,
support,diagnostics.unavailable,Diagnostics are unavailable right now.,Ebikwata ku kukebera tebiriwo kati.,
support,banners.retryable,Could not send right now. The request can be retried.,Tekisobodde kusindikibwa kati. Osobola okugezaako nate.,
support,status.QUEUED,"Saved, waiting for internet","Kiterekeddwa, kirindiridde yintaneeti",
support,status.SUBMITTED,Submitted,Kisindikiddwa,
support,status.SYNCED,Synced,Kisinkroniziddwa,
support,status.FAILED_RETRYABLE,Retry needed,Kyetaaga okugezaako nate,
support,status.FAILED_PERMANENT,Could not send,Tekisobodde kusindikibwa,
support,status.AWAITING_PUBLISH,Waiting to publish,Kirindiridde kufulumizibwa,
support,status.PUBLISHING,Publishing,Kifulumizibwa,
support,status.PUBLISH_BLOCKED_CONFIG,Publishing blocked,Okufulumya kuzibiddwa,
support,status.PUBLISH_BLOCKED_SECRET,Publishing blocked,Okufulumya kuzibiddwa,
support,status.TRIAGED,Being reviewed,Kyekebejjebwa,
support,status.BEING_REVIEWED,Being reviewed,Kyekebejjebwa,
support,status.NEEDS_INFO,Needs more information,Kyetaaga ebisingawo,
support,status.ISSUE_ONLY,Saved as issue,Kiterekeddwa nga issue,
support,status.ISSUE_OPEN,Issue open,Issue egguddwawo,
support,status.NOT_PLANNED,Not planned,Tekitegekeddwa,
support,status.RATE_LIMITED,Rate limited,Ekkomo ly'omuwendo lituukiddwaako,
support,status.RELEASED,Released,Kifulumiziddwa,
support,status.REJECTED,Rejected,Kigaanyiiddwa,
support,status.DUPLICATE,Duplicate,Kiddiddwamu,
support,status.DUPLICATE_OF,Duplicate,Kiddiddwamu,
support,status.AWAITING_APPROVAL,Awaiting approval,Kirindiridde kukkirizibwa,
support,status.AGENT_RUNNING,In progress,Kikolebwa,
support,status.VERIFYING,Verifying,Kikakasibwa,
support,status.PR_OPEN,In progress,Kikolebwa,
support,status.IN_REVIEW,In review,Kyekebejjebwa,
support,status.MERGED,Merged,Kigattiddwa,
support,status.CLOSED,Closed,Kiggaddwa,
support,status.AGENT_FAILED,Needs review,Kyetaaga okwekebejjebwa,
support,status.UNKNOWN,Status update received,Okukyusa embeera kufuniddwa,
support,myRequests.title,My Requests,Okusaba kwange,
support,myRequests.loadError,Requests could not be loaded.,Okusaba tekusobodde kutikkibwa.,
support,myRequests.loading,Loading requests...,Okusaba kutikkibwa...,
support,myRequests.area,Area,Ekitundu,
support,myRequests.submitted,Submitted,Kisindikiddwa,
