namespace,key,english,fr,shared_with_english
accountLink,title,Connect to OSI Server,Connecter à OSI Server,
accountLink,navLink,OSI Server,OSI Server,yes
accountLink,backToDashboard,Back to Dashboard,Retour au tableau de bord,
accountLink,status.linked,Account linked to OSI Server,Compte lié à OSI Server,
accountLink,status.notLinked,Not connected to OSI Server,Non connecté à OSI Server,
accountLink,status.linkedAs,Linked as: {{username}},Lié en tant que : {{username}},
accountLink,status.linkedSince,Since: {{date}},Depuis : {{date}},
accountLink,form.serverUrl,OSI Server URL,URL du serveur OSI,
accountLink,form.actionLabel,Action,Action,yes
accountLink,form.actionLogin,Link existing account,Lier un compte existant,
accountLink,form.actionRegister,Create new account,Créer un nouveau compte,
accountLink,form.username,Server Username,Nom d'utilisateur serveur,
accountLink,form.email,Email,E-mail,
accountLink,form.password,Password,Mot de passe,
accountLink,form.submit,Connect to OSI Server,Connecter à OSI Server,
accountLink,form.submitting,Connecting...,Connexion...,
accountLink,form.cancel,Cancel,Annuler,
accountLink,warning.title,Important,Important,yes
accountLink,warning.message,"After linking, you must use your OSI Server credentials to log in. OSI OS stores a gateway-specific offline verifier for linked login.","Après la liaison, vous devez utiliser vos identifiants OSI Server pour vous connecter. OSI OS stocke un vérificateur hors ligne propre à la passerelle pour la connexion liée.",
accountLink,warning.proceed,Proceed,Continuer,
accountLink,success.title,Successfully Connected,Connecté avec succès,
accountLink,success.message,Your account is now linked as {{username}} on OSI Server.,Votre compte est maintenant lié en tant que {{username}} sur OSI Server.,
accountLink,success.claimedDevices,Devices claimed on server: {{count}},Appareils réclamés sur le serveur : {{count}},
accountLink,success.skippedDevices,Devices skipped (already claimed): {{count}},Appareils ignorés (déjà réclamés) : {{count}},
accountLink,unlink.button,Disconnect from OSI Server,Se déconnecter d'OSI Server,
accountLink,unlink.confirm,"Are you sure? After disconnecting, you must use your original local password to log in.","Êtes-vous sûr ? Après la déconnexion, vous devez utiliser votre mot de passe local d'origine.",
accountLink,unlink.success,Disconnected from OSI Server,Déconnecté d'OSI Server,
accountLink,errors.networkError,Cannot reach OSI Server. Check the URL and your internet connection.,Impossible d'atteindre OSI Server. Vérifiez l'URL et votre connexion Internet.,
accountLink,errors.authFailed,Invalid OSI Server credentials.,Identifiants OSI Server invalides.,
accountLink,errors.generic,An error occurred. Please try again.,Une erreur s'est produite. Veuillez réessayer.,
accountLink,errors.forceSyncFailed,Manual sync failed. Please try again.,Échec de la synchronisation manuelle. Veuillez réessayer.,
accountLink,sync.title,Manual sync,Synchronisation manuelle,
accountLink,sync.description,Run an immediate recovery sync with OSI Server.,Lance une synchronisation de récupération immédiate avec OSI Server.,
accountLink,sync.button,Force sync now,Forcer la synchronisation maintenant,
accountLink,sync.running,Syncing...,Synchronisation en cours...,
accountLink,sync.successTitle,Manual sync completed,Synchronisation manuelle terminée,
accountLink,sync.partialTitle,Manual sync finished with issues,Synchronisation manuelle terminée avec des problèmes,
accountLink,sync.refreshed,Sync token refreshed before sync.,Jeton de synchronisation actualisé avant la synchronisation.,
accountLink,sync.usedCurrentToken,Using current sync token.,Utilisation du jeton de synchronisation actuel.,
accountLink,sync.bootstrap,"Bootstrap applied: {{applied}}, skipped: {{skipped}}","Bootstrap appliqué : {{applied}}, ignoré : {{skipped}}",
accountLink,sync.outbox,Outbox delivered: {{delivered}} ({{before}} -> {{after}} pending),Outbox livrée : {{delivered}} ({{before}} -> {{after}} en attente),
accountLink,sync.pending,"Pending commands fetched: {{fetched}}, queued for local apply: {{queued}}","Commandes en attente récupérées : {{fetched}}, mises en file pour application locale : {{queued}}",
accountLink,sync.pendingAfterResponse,Local apply continues after this response returns.,L'application locale se poursuit après le retour de cette réponse.,
accountLink,sync.lastError,Last error from {{source}}: {{message}},Dernière erreur de {{source}} : {{message}},
accountLink,reauth.title,Sync token expired,Jeton de synchronisation expiré,
accountLink,reauth.description,Re-authenticate with OSI Server to mint a fresh sync token for this gateway.,Réauthentifiez-vous auprès d'OSI Server pour générer un nouveau jeton de synchronisation pour cette passerelle.,
accountLink,reauth.button,Re-authenticate,Se réauthentifier,
accountLink,reauth.username,Server Username,Nom d'utilisateur serveur,
accountLink,reauth.password,OSI Server Password,Mot de passe OSI Server,
accountLink,reauth.submit,Refresh connection,Actualiser la connexion,
accountLink,reauth.running,Refreshing...,Actualisation en cours...,
auth,login.title,AgroLink,AgroLink,yes
auth,login.subtitle,Sign in to your account,Connectez-vous à votre compte,
auth,login.username,Username,Nom d'utilisateur,
auth,login.usernamePlaceholder,Enter your username,Entrez votre nom d'utilisateur,
auth,login.password,Password,Mot de passe,
auth,login.passwordPlaceholder,Enter your password,Entrez votre mot de passe,
auth,login.signingIn,Signing In...,Connexion en cours...,
auth,login.signIn,Sign In,Se connecter,
auth,login.noAccount,Register Account,Créer un compte,
auth,login.failed,Login failed. Please check your credentials.,Connexion échouée. Veuillez vérifier vos identifiants.,
auth,register.title,Create Account,Créer un compte,
auth,register.subtitle,Register for AgroLink,S'inscrire à AgroLink,
auth,register.username,Username,Nom d'utilisateur,
auth,register.usernamePlaceholder,Choose a username,Choisissez un nom d'utilisateur,
auth,register.password,Password,Mot de passe,
auth,register.passwordPlaceholder,Choose a password,Choisissez un mot de passe,
auth,register.confirmPassword,Confirm Password,Confirmer le mot de passe,
auth,register.confirmPasswordPlaceholder,Re-enter your password,Ressaisissez votre mot de passe,
auth,register.creating,Creating Account...,Création du compte...,
auth,register.submit,Create Account,Créer un compte,
auth,register.haveAccount,Already have an account? Sign in,Déjà un compte ? Se connecter,
auth,register.failed,Registration failed. Please try again.,Inscription échouée. Veuillez réessayer.,
auth,register.passwordMismatch,Passwords do not match,Les mots de passe ne correspondent pas,
auth,register.passwordTooShort,Password must be at least 6 characters,Le mot de passe doit contenir au moins 6 caractères,
auth,register.successTitle,Success!,Succès !,
auth,register.successMessage,Account created successfully. Redirecting to login...,Compte créé avec succès. Redirection vers la connexion...,
common,cancel,Cancel,Annuler,
common,loading,Loading...,Chargement...,
common,delete,Delete,Supprimer,
common,na,N/A,N/A,yes
common,retry,Retry,Réessayer,
common,analysis.title,Data analysis,Analyse des données,
common,analysis.axis.rename,Rename axis label,Renommer le libellé de l'axe,
common,analysis.backToDashboard,← Back to Dashboard,← Retour au tableau de bord,
common,analysis.loadError,Analysis data could not be loaded.,Impossible de charger les données d'analyse.,
common,analysis.pooled.tooltip,"Correlates all zones' points as one combined dataset, in addition to each zone separately.","Corrèle les points de toutes les zones comme un seul jeu de données combiné, en plus de chaque zone séparément.",
common,analysis.empty,Select one or more series to start comparing zones.,Sélectionnez une ou plusieurs séries pour commencer à comparer les zones.,
common,analysis.catalog.loading,Loading available series...,Chargement des séries disponibles...,
common,analysis.series.loading,Loading series...,Chargement des séries...,
common,analysis.aggregation.label,Aggregation,Agrégation,
common,analysis.aggregation.raw,Raw,Brute,
common,analysis.aggregation.fifteenMinute,15 minutes,15 minutes,yes
common,analysis.aggregation.hourly,Hourly,Horaire,
common,analysis.aggregation.daily,Daily,Quotidienne,
common,analysis.aggregation.weekly,Weekly,Hebdomadaire,
common,analysis.preset.metricLabel,Metric across zones,Métrique entre zones,
common,analysis.tray.label,Analysis series,Séries d'analyse,
common,analysis.tray.title,Series,Séries,
common,analysis.tray.search,Search for zones or devices,Rechercher des zones ou appareils,
common,analysis.tray.unknownSite,Unknown site,Site inconnu,
common,analysis.tray.reason.unsupported,Unsupported,Non pris en charge,
common,analysis.tray.reason.available_no_recent_data,No recent data available,Aucune donnée récente disponible,
common,analysis.range.label,Analysis range,Période d'analyse,
common,analysis.range.custom,Custom,Personnalisé,
common,analysis.range.from,From,Du,
common,analysis.range.to,To,Au,
common,analysis.range.apply,Apply,Appliquer,
common,analysis.range.invalid,Start must be before end.,Le début doit précéder la fin.,
common,analysis.mode.label,Analysis mode,Mode d'analyse,
common,analysis.mode.timeline,Timeline,Chronologie,
common,analysis.mode.correlation,Correlation,Corrélation,
common,analysis.layout.label,Layout,Disposition,
common,analysis.layout.stacked,Stacked,Empilé,
common,analysis.layout.overlaid,Overlaid,Superposé,
common,analysis.layout.smallMultiples,Small multiples,Petits multiples,
common,analysis.toggle.normalize,Normalize,Normaliser,
common,analysis.export.csv,Export CSV,Exporter CSV,
common,analysis.export.png,Export PNG,Exporter PNG,
common,analysis.legend.label,Chart legend,Légende du graphique,
common,analysis.legend.rename,Rename series,Renommer la série,
common,analysis.views.title,Saved views,Vues enregistrées,
common,analysis.views.save,Save view,Enregistrer la vue,
common,analysis.views.namePlaceholder,Name this view,Nommer cette vue,
common,analysis.views.delete,Delete view,Supprimer la vue,
common,analysis.views.empty,No saved views yet.,Aucune vue enregistrée pour le moment.,
common,analysis.droppedNotice,{{count}} series could not be loaded,{{count}} séries n'ont pas pu être chargées,
common,analysis.correlation.comingSoon,Correlation scatter is planned for the next slice.,Le nuage de points de corrélation est prévu pour la prochaine étape.,
common,analysis.correlation.needTwoChannels,Add series for at least two different channels to compare them.,Ajoutez des séries pour au moins deux canaux différents afin de les comparer.,
common,analysis.correlation.x,X channel,Canal X,
common,analysis.correlation.y,Y channel,Canal Y,
common,analysis.correlation.pooled,Pooled (all zones),Groupé (toutes les zones),
common,analysis.correlation.zone,Zone,Zone,yes
common,analysis.correlation.droppedPairs,Dropped,Ignorés,
common,analysis.correlation.insufficient,insufficient (n={{n}}),insuffisant (n={{n}}),
common,analysis.correlation.exploratory,Exploratory only — Pearson r over aligned buckets; not a significance test.,Exploratoire uniquement — r de Pearson sur des buckets alignés ; pas un test de signification.,
dashboard,title,Dashboard,Dashboard,yes
dashboard,welcome,"Welcome, {{username}}","Bienvenue, {{username}}",
dashboard,add,Add,Ajouter,
dashboard,addMenu.zone,Add Zone,Ajouter une zone,
dashboard,addMenu.device,Add Device,Ajouter un appareil,
dashboard,addMenu.activity,Log activity,Consigner une activité,
dashboard,data,Data,Données,
dashboard,account,Account,Compte,
dashboard,accountMenu.osiServer,OSI Server,OSI Server,yes
dashboard,logout,Logout,Déconnexion,
dashboard,loading,Loading dashboard...,Chargement du tableau de bord...,
dashboard,failedToLoad,Failed to load data,Échec du chargement des données,
dashboard,autoRefresh,Auto-refreshing every 10 seconds,Actualisation automatique toutes les 10 secondes,
dashboard,emptyState.title,Welcome to your farm!,Bienvenue dans votre ferme !,
dashboard,emptyState.subtitle,Get started by creating a zone and adding devices,Commencez par créer une zone et ajouter des appareils,
dashboard,emptyState.createZone,Create Zone,Créer une zone,
dashboard,emptyState.addDevice,Add Device,Ajouter un appareil,
dashboard,irrigationZones,Zones,Zones,yes
dashboard,unassignedDevices,Unassigned Devices,Appareils non assignés,
dashboard,unassignedSubtitle,These devices are not assigned to any zone,Ces appareils ne sont assignés à aucune zone,
dashboard,soilSensors,Soil Sensors,Capteurs de sol,
dashboard,smartValves,Smart Valves,Vannes intelligentes,
dashboard,journal,Journal,Journal,yes
dashboard,tabs.zones,Zones,Zones,yes
dashboard,tabs.data,Data,Données,
dashboard,tabs.journal,Journal,Journal,yes
devices,addModal.title,Add Device,Ajouter un appareil,
devices,addModal.deviceType,Device Type,Type d'appareil,
devices,addModal.deviceName,Device Name,Nom de l'appareil,
devices,addModal.deviceNamePlaceholder,"e.g., North Field, Main Valve","ex. Champ Nord, Vanne principale",
devices,addModal.deveui,DevEUI,DevEUI,yes
devices,addModal.deveuiPlaceholder,16 hex characters,16 caractères hexadécimaux,
devices,addModal.deveuiHint,"Enter exactly 16 hexadecimal characters (0-9, A-F)","Entrez exactement 16 caractères hexadécimaux (0-9, A-F)",
devices,addModal.deveuiInvalid,DevEUI must be exactly 16 hexadecimal characters,Le DevEUI doit contenir exactement 16 caractères hexadécimaux,
devices,addModal.adding,Adding...,Ajout en cours...,
devices,addModal.submit,Add Device,Ajouter l'appareil,
devices,addModal.failed,Failed to add device,Impossible d'ajouter l'appareil,
devices,assignModal.title,Assign Device to {{zoneName}},Assigner un appareil à {{zoneName}},
devices,assignModal.selectDevice,Select Device,Sélectionner un appareil,
devices,assignModal.selectPlaceholder,-- Select a device --,-- Sélectionner un appareil --,
devices,assignModal.noDevicesTitle,No unassigned devices,Aucun appareil non assigné,
devices,assignModal.noDevicesSubtitle,All your devices are already assigned to zones. Add more devices or remove them from other zones first.,Tous vos appareils sont déjà assignés à des zones. Ajoutez d'autres appareils ou retirez-les d'autres zones.,
devices,assignModal.assigning,Assigning...,Assignation en cours...,
devices,assignModal.submit,Assign Device,Assigner l'appareil,
devices,assignModal.pleaseSelect,Please select a device,Veuillez sélectionner un appareil,
devices,assignModal.failed,Failed to assign device,Impossible d'assigner l'appareil,
devices,createZoneModal.title,Create Zone,Créer une zone,
devices,createZoneModal.zoneName,Zone Name,Nom de la zone,
devices,createZoneModal.zoneNamePlaceholder,"e.g., Garden A, North Field, Orchard 1","ex. Jardin A, Champ Nord, Verger 1",
devices,createZoneModal.zoneNameRequired,Zone name is required,Le nom de la zone est requis,
devices,createZoneModal.creating,Creating...,Création en cours...,
devices,createZoneModal.submit,Create Zone,Créer la zone,
devices,createZoneModal.failed,Failed to create zone,Impossible de créer la zone,
devices,kiwiSensor.badge,KIWI SENSOR,CAPTEUR KIWI,
devices,kiwiSensor.tooDry,TOO DRY!,TROP SEC !,
devices,kiwiSensor.soilNeedsWater,Soil needs watering,Le sol a besoin d'eau,
devices,kiwiSensor.removeConfirm,Remove this device?,Supprimer cet appareil ?,
devices,kiwiSensor.removeSubtitle,This will unlink the device from your account.,L'appareil sera dissocié de votre compte.,
devices,kiwiSensor.yesRemove,"Yes, Remove","Oui, supprimer",
devices,kiwiSensor.removing,Removing...,Suppression en cours...,
devices,kiwiSensor.failedToRemove,Failed to remove device,Impossible de supprimer l'appareil,
devices,kiwiSensor.soilWaterTension1,SOIL WATER TENSION 1,TENSION HYDRIQUE DU SOL 1,
devices,kiwiSensor.soilWaterTension2,SOIL WATER TENSION 2,TENSION HYDRIQUE DU SOL 2,
devices,kiwiSensor.lightIntensity,LIGHT INTENSITY,INTENSITÉ LUMINEUSE,
devices,kiwiSensor.ambientTemperature,AMBIENT TEMPERATURE,TEMPÉRATURE AMBIANTE,
devices,kiwiSensor.relativeHumidity,RELATIVE HUMIDITY,HUMIDITÉ RELATIVE,
devices,kiwiSensor.lastSeen,Last seen: {{minutes}} minutes ago,Vu il y a {{minutes}} minutes,
devices,kiwiSensor.neverSeen,Never seen,Jamais vu,
devices,kiwiSensor.settings,SETTINGS,PARAMÈTRES,
devices,kiwiSensor.intervalLabel,Desired interval (minutes),Intervalle souhaité (minutes),
devices,kiwiSensor.intervalPlaceholder,e.g. 15,ex. 15,
devices,kiwiSensor.intervalNote,Kiwi interval changes use LoRaWAN FPort 100. Enter whole minutes between 1 and 1440.,Les changements d'intervalle Kiwi utilisent le FPort 100 LoRaWAN. Entrez un nombre entier de minutes entre 1 et 1440.,
devices,kiwiSensor.invalidInterval,Enter a whole number of minutes between 1 and 1440.,Entrez un nombre entier de minutes entre 1 et 1440.,
devices,kiwiSensor.applyInterval,Apply interval,Appliquer l'intervalle,
devices,kiwiSensor.applyingInterval,Applying interval...,Application de l'intervalle...,
devices,kiwiSensor.intervalPending,Uplink interval change requested for {{minutes}} minute(s).,Changement d'intervalle d'uplink demandé pour {{minutes}} minute(s).,
devices,kiwiSensor.failedToSetInterval,Failed to change Kiwi uplink interval,Impossible de modifier l'intervalle d'uplink Kiwi,
devices,kiwiSensor.enableTempHumidityTitle,AMBIENT TEMPERATURE + HUMIDITY,TEMPÉRATURE AMBIANTE + HUMIDITÉ,
devices,kiwiSensor.enableTempHumidityNote,Enable ambient temperature and humidity reporting using the interval entered above.,Active la remontée de la température ambiante et de l'humidité avec l'intervalle saisi ci-dessus.,
devices,kiwiSensor.enableTempHumidity,Enable temperature + humidity,Activer température + humidité,
devices,kiwiSensor.enablingTempHumidity,Enabling temperature + humidity...,Activation de la température + humidité...,
devices,kiwiSensor.enableTempHumidityPending,Ambient temperature and humidity reporting requested. The command uses a {{minutes}} minute interval.,Remontée de la température ambiante et de l'humidité demandée. La commande utilise un intervalle de {{minutes}} minute(s).,
devices,kiwiSensor.failedToEnableTempHumidity,Failed to enable Kiwi temperature and humidity,Impossible d'activer la température et l'humidité Kiwi,
devices,kiwiSensor.enableTempHumidityRequiresInterval,Enter a whole number of minutes between 1 and 1440 before enabling ambient temperature and humidity.,Entrez un nombre entier de minutes entre 1 et 1440 avant d'activer la température ambiante et l'humidité.,
devices,stregaValve.badge,STREGA VALVE,VANNE STREGA,
devices,stregaValve.status,STATUS,STATUT,
devices,stregaValve.open,OPEN,OUVERTE,
devices,stregaValve.closed,CLOSED,FERMÉE,
devices,stregaValve.target,Target: {{state}},Cible : {{state}},
devices,stregaValve.opening,Opening...,Ouverture en cours...,
devices,stregaValve.closing,Closing...,Fermeture en cours...,
devices,stregaValve.removeConfirm,Remove this device?,Supprimer cet appareil ?,
devices,stregaValve.removeSubtitle,This will unlink the device from your account.,L'appareil sera dissocié de votre compte.,
devices,stregaValve.yesRemove,"Yes, Remove","Oui, supprimer",
devices,stregaValve.removing,Removing...,Suppression en cours...,
devices,stregaValve.failedToRemove,Failed to remove device,Impossible de supprimer l'appareil,
devices,stregaValve.lastSeen,Last seen: {{minutes}} minutes ago,Vu il y a {{minutes}} minutes,
devices,stregaValve.neverSeen,Never seen,Jamais vu,
devices,stregaValve.settings,SETTINGS,PARAMÈTRES,
devices,stregaValve.intervalLabel,Closed-box interval (minutes),Intervalle boîtier fermé (minutes),
devices,stregaValve.intervalPlaceholder,e.g. 10,ex. 10,
devices,stregaValve.intervalNote,OSI sets the normal closed-box interval on FPort 11. The opened interval stays fixed at 2 minutes and tamper remains enabled.,OSI définit l'intervalle normal en boîtier fermé sur le FPort 11. L'intervalle en boîtier ouvert reste fixé à 2 minutes et la détection d'intrusion reste activée.,
devices,stregaValve.invalidInterval,Enter a whole number of minutes between 1 and 255.,Entrez un nombre entier de minutes entre 1 et 255.,
devices,stregaValve.applyInterval,Apply interval,Appliquer l'intervalle,
devices,stregaValve.applyingInterval,Applying interval...,Application de l'intervalle...,
devices,stregaValve.intervalPending,Closed-box uplink interval change requested for {{minutes}} minute(s). The opened interval stays at 2 minutes.,Changement d'intervalle d'uplink boîtier fermé demandé pour {{minutes}} minute(s). L'intervalle boîtier ouvert reste à 2 minutes.,
devices,stregaValve.failedToSetInterval,Failed to change Strega uplink interval,Impossible de modifier l'intervalle d'uplink Strega,
devices,stregaValve.actuationFeedback.closed,Closed,Fermée,
devices,stregaValve.actuationFeedback.closedAt,Closed at {{time}},Fermée à {{time}},
devices,stregaValve.actuationFeedback.open,OPEN,OUVERTE,
devices,stregaValve.actuationFeedback.openClosesAt,OPEN — closes at {{time}},OUVERTE — fermeture à {{time}},
devices,stregaValve.actuationFeedback.openQueued,Open queued,Ouverture en attente,
devices,stregaValve.actuationFeedback.waitingForUplink,waiting for valve uplink (≈ {{minutes}} min),en attente de l'uplink de la vanne (≈ {{minutes}} min),
devices,zone.deviceCount_one,{{count}} device,{{count}} appareil,
devices,zone.deviceCount_other,{{count}} devices,{{count}} appareils,
devices,zone.assignDevice,+ Device,+ Appareil,
devices,zone.deleteZone,Delete,Supprimer,
devices,zone.deleteConfirm,Delete this zone?,Supprimer cette zone ?,
devices,zone.deleteSubtitle,All devices will be unassigned from this zone. This action cannot be undone.,Tous les appareils seront dissociés de cette zone. Cette action est irréversible.,
devices,zone.yesDelete,"Yes, Delete","Oui, supprimer",
devices,zone.deleting,Deleting...,Suppression en cours...,
devices,zone.failedToDelete,Failed to delete zone,Impossible de supprimer la zone,
devices,zone.failedToRemoveDevice,Failed to remove device from zone,Impossible de retirer l'appareil de la zone,
devices,zone.noDevices,No devices in this zone yet,Aucun appareil dans cette zone,
devices,zone.assignFirst,Assign First Device,Assigner le premier appareil,
devices,zone.devicesInZone,Devices in this zone:,Appareils dans cette zone :,
devices,zone.data,Data,Données,
devices,zone.export.title,Data export,Export des données,
devices,zone.export.selectRange,Pick a date range to download zone data.,Choisissez une plage de dates pour télécharger les données de la zone.,
devices,zone.export.from,From,De,
devices,zone.export.to,To,À,
devices,zone.export.granularity,Granularity,Granularité,
devices,zone.export.raw,Raw,Brut,
devices,zone.export.hourly,Hourly,Horaire,
devices,zone.export.daily,Daily,Quotidien,
devices,zone.export.download,Download CSV,Télécharger CSV,
devices,zone.export.downloading,Preparing...,Préparation...,
devices,zone.export.rangeSummary,{{from}} to {{to}},{{from}} à {{to}},
devices,zone.export.error,Export failed,Échec de l'export,
devices,zone.export.tooLarge,Range too large. Choose a coarser granularity.,Plage trop grande. Choisissez une granularité plus large.,
devices,zone.export.fullExport,Full export,Export complet,
devices,schedule.irrigationSchedule,Irrigation Schedule,Planning d'irrigation,
devices,schedule.triggerMetric,Trigger Metric,Métrique de déclenchement,
devices,schedule.soilWaterTension1,Soil Water Tension 1,Tension hydrique du sol 1,
devices,schedule.soilWaterTension2,Soil Water Tension 2,Tension hydrique du sol 2,
devices,schedule.average,Average (WM1 + WM2),Moyenne (WM1 + WM2),
devices,schedule.thresholdKpa,Threshold (kPa),Seuil (kPa),
devices,schedule.duration,Irrigation duration (min),Durée d'irrigation (min),
devices,schedule.enabled,Enabled,Activé,
devices,schedule.on,On,Activé,
devices,schedule.off,Off,Désactivé,
devices,schedule.loadingSchedule,Loading schedule...,Chargement du planning...,
devices,schedule.loadFailed,Failed to load schedule,Impossible de charger le planning,
devices,schedule.saving,Saving...,Sauvegarde en cours...,
devices,schedule.saveSchedule,Save schedule,Sauvegarder le planning,
devices,schedule.saveFailed,Failed to save schedule,Impossible de sauvegarder le planning,
devices,schedule.reload,Reload,Recharger,
devices,schedule.reloadFailed,Failed to reload schedule,Impossible de recharger le planning,
devices,schedule.saved,Saved.,Sauvegardé.,
devices,schedule.triggerHint,"Trigger if {{metric}} ≥ {{threshold}} kPa (once/day, 06:00).","Déclencher si {{metric}} ≥ {{threshold}} kPa (une fois/jour, 06h00).",
devices,environment.sectionTitle,Environment & weather forecast,Environnement et prévisions météo,
devices,environment.tabs.local,Local,Local,yes
devices,environment.tabs.online,Online,En ligne,
devices,environment.tabs.agronomic,Agronomic,Agronomique,
devices,environment.tabs.forecast,Forecast,Prévisions,
devices,environment.source.openagri,OpenAgri,OpenAgri,yes
devices,environment.source.open_meteo,Open-Meteo,Open-Meteo,yes
devices,environment.source.local,Local sensors,Capteurs locaux,
devices,environment.source.unavailable,Unavailable,Indisponible,
devices,environment.cache.live,Live,En direct,
devices,environment.cache.stale,Stale,Obsolète,
devices,environment.cache.miss,No data,Aucune donnée,
devices,environment.location.zone,Zone coordinates,Coordonnées de zone,
devices,environment.location.gateway,Gateway GPS,GPS passerelle,
devices,environment.location.unavailable,No location set,Aucun emplacement,
devices,environment.local.freshSensors,{{count}} fresh,{{count}} récent,
devices,environment.local.staleSensors_one,{{count}} stale,{{count}} obsolète,
devices,environment.local.staleSensors_other,{{count}} stale,{{count}} obsolètes,
devices,environment.local.perDevice,Per-device readings,Lectures par appareil,
devices,environment.local.noData,No local sensor data available,Aucune donnée de capteur local disponible,
devices,environment.local.observedAt,Observed {{time}},Observé {{time}},
devices,environment.online.unavailable,No online weather available for this zone,Aucune donnée météo en ligne pour cette zone,
devices,environment.online.noLocation,Set zone coordinates to enable online weather,Définissez les coordonnées de zone pour activer la météo en ligne,
devices,environment.online.updatesAt,Updates at {{time}},Mise à jour à {{time}},
devices,environment.agronomic.vpd,VPD,VPD,yes
devices,environment.agronomic.dewPoint,Dew point,Point de rosée,
devices,environment.agronomic.heatIndex,Heat index,Indice de chaleur,
devices,environment.agronomic.thi,THI,THI,yes
devices,environment.agronomic.et0,Reference ET₀,ET₀ référence,
devices,environment.agronomic.kc,Crop coeff. Kc,Coeff. culture Kc,
devices,environment.agronomic.etc,Crop ET,ET culture,
devices,environment.agronomic.noData,No agronomic data available,Aucune donnée agronomique disponible,
devices,environment.agronomic.fromSource,from {{source}},depuis {{source}},
devices,environment.forecast.next24h,Next 24 h,Proch. 24 h,
devices,environment.forecast.next72h,Next 72 h,Proch. 72 h,
devices,environment.forecast.nextRain,Next rain,Prochaine pluie,
devices,environment.forecast.rainHours,Rain hours,Heures de pluie,
devices,environment.forecast.maxHourly,Peak hourly,Max. horaire,
devices,environment.forecast.today,today,aujourd'hui,
devices,environment.forecast.tomorrow,tomorrow,demain,
devices,environment.forecast.noData,No forecast available,Prévisions indisponibles,
devices,environment.forecast.noLocation,Set zone coordinates to enable forecast,Définissez les coordonnées de zone pour activer les prévisions,
devices,environment.forecast.hourlyTitle,Hourly rain (next 24 h),Pluie horaire (proch. 24 h),
devices,environment.forecast.unavailable,Unavailable,Indisponible,
devices,environment.metrics.air_temperature_c,Air Temp,Temp. air,
devices,environment.metrics.relative_humidity_pct,Humidity,Humidité,
devices,environment.metrics.probe_temperature_c,Probe Temp,Temp. sonde,
devices,environment.metrics.pressure_hpa,Pressure,Pression,
devices,environment.metrics.wind_speed_mps,Wind,Vent,
devices,environment.metrics.wind_direction_deg,Wind Dir,Dir. vent,
devices,environment.metrics.rainfall_mm,Rainfall,Précipitations,
devices,environment.metrics.light_lux,Light,Lumière,
devices,environment.metrics.uv_index,UV Index,Indice UV,
devices,environment.metrics.soil_temperature_c,Soil Temp,Temp. sol,
devices,environment.metrics.soil_moisture_pct,Soil Moisture,Humidité sol,
devices,irrigationOutcomes.title,Recent irrigations,Irrigations récentes,
devices,irrigationOutcomes.updated,updated,mis à jour,
devices,irrigationOutcomes.loading,Loading recent actuations…,Chargement des activations récentes…,
devices,irrigationOutcomes.error,Failed to load recent actuations,Impossible de charger les activations récentes,
devices,irrigationOutcomes.empty,No recent irrigations recorded yet.,Aucune irrigation récente enregistrée.,
devices,irrigationOutcomes.zoneUnknown,Zone ?,Zone ?,yes
devices,irrigationOutcomes.duration,Duration,Durée,
devices,irrigationOutcomes.totalVolume,Total volume: {{liters}},Volume total : {{liters}},
devices,irrigationOutcomes.irrigated,Irrigated: {{depth}},Irrigué : {{depth}},
devices,irrigationOutcomes.timestampTitle,{{label}}: {{absolute}} ({{relative}}),{{label}} : {{absolute}} ({{relative}}),
devices,irrigationOutcomes.settings,Recent irrigations settings,Paramètres des irrigations récentes,
devices,irrigationOutcomes.advancedView,Advanced view,Vue avancée,
devices,irrigationOutcomes.commanded,Commanded,Commandé,
devices,irrigationOutcomes.observedOpen,Confirmed open,Ouverture confirmée,
devices,irrigationOutcomes.observedClose,Confirmed close,Fermeture confirmée,
devices,irrigationOutcomes.status.PENDING_OPEN,Pending open,Ouverture en attente,
devices,irrigationOutcomes.status.RUNNING,Running,En cours,
devices,irrigationOutcomes.status.COMPLETED,Completed,Terminé,
devices,irrigationOutcomes.status.CANCELLED,Cancelled,Annulé,
devices,irrigationOutcomes.status.COMMAND_FAILED,Command failed,Commande échouée,
devices,irrigationOutcomes.status.OPEN_TIMEOUT,Open timeout,Délai d'ouverture dépassé,
devices,irrigationOutcomes.status.CLOSE_TIMEOUT,Close timeout,Délai de fermeture dépassé,
devices,irrigationOutcomes.status.UNKNOWN,Unknown,Inconnu,
history,history.nav.history,History,Historique,
history,history.nav.legacyDashboard,Legacy dashboard,Tableau de bord existant,
history,history.nav.logout,Logout,Déconnexion,
history,history.shell.title,History,Historique,
history,history.shell.subtitle,Local gateway history for {{username}},Historique local de la passerelle pour {{username}},
history,history.shell.loadingLocalCards,Loading local history cards...,Chargement des cartes d’historique local...,
history,history.shell.unavailableTitle,History is unavailable,L’historique n’est pas disponible,
history,history.shell.unavailableBody,Runtime feature flags keep the new history shell off until the local gateway enables it.,Les indicateurs de fonctionnalité gardent la nouvelle interface d’historique désactivée tant que la passerelle locale ne l’active pas.,
history,history.shell.featureFlagFailed,The feature flag request failed. The legacy dashboard is still available.,La requête de l’indicateur de fonctionnalité a échoué. Le tableau de bord existant reste disponible.,
history,history.shell.zonesFailedTitle,History zones failed to load,Échec du chargement des zones d’historique,
history,history.shell.noZonesTitle,No zones yet,Aucune zone pour le moment,
history,history.shell.noZonesBody,Create a zone from the legacy dashboard before opening thematic history.,Créez une zone depuis le tableau de bord existant avant d'ouvrir l'historique thématique.,
history,history.shell.cardsFailed,History cards failed to load.,Échec du chargement des cartes d’historique.,
history,history.shell.retryCards,Retry cards,Réessayer les cartes,
history,history.export.open,Export,Exporter,
history,history.export.title,Export data,Exporter les données,
history,history.desktop.railLabel,Cards,Cartes,
history,history.desktop.toolbarTitle,Toolbar,Barre d’outils,
history,history.desktop.modeLabel,Desktop mode,Mode bureau,
history,history.desktop.modeFocus,Focus,Focus,yes
history,history.desktop.modeCompare,Compare,Comparer,
history,history.desktop.viewSelectorLabel,Card view,Vue de la carte,
history,history.desktop.compareViewSelectorLabel,Compare view,Vue de comparaison,
history,history.desktop.sourceSelectorLabel,Sources,Sources,yes
history,history.desktop.rangeOverviewLabel,Time range overview,Aperçu de la période,
history,history.desktop.chartSurfaceLabel,"History chart, use arrow keys to pan and plus or minus to zoom","Graphique d’historique, utilisez les flèches pour déplacer et plus ou moins pour zoomer",
history,history.desktop.zoomIn,Zoom in,Zoom avant,
history,history.desktop.zoomOut,Zoom out,Zoom arrière,
history,history.desktop.resetZoom,Reset zoom,Réinitialiser le zoom,
history,history.desktop.maxPanels,Up to {{count}} comparison panels,Jusqu’à {{count}} panneaux de comparaison,
history,history.desktop.singleMode,Single,Individuel,
history,history.desktop.comparisonMode,Comparison,Comparaison,
history,history.desktop.addPanel,Add panel {{title}},Ajouter le panneau {{title}},
history,history.desktop.removePanel,Remove panel,Retirer le panneau,
history,history.desktop.panelLimitWarning,Only {{count}} comparison panels can be shown on this edge gateway.,Seuls {{count}} panneaux de comparaison peuvent être affichés sur cette passerelle edge.,
history,history.desktop.selectedTimestampNone,No timestamp selected,Aucun horodatage sélectionné,
history,history.desktop.selectedTimestamp,Selected timestamp: {{timestamp}},Horodatage sélectionné : {{timestamp}},
history,history.desktop.inspectorTitle,Inspector,Inspecteur,
history,history.desktop.inspectorPlaceholder,"Select a timestamp or calendar cell to see interpretation, events, data quality, and advanced metadata.","Sélectionnez un horodatage ou une cellule du calendrier pour voir l’interprétation, les événements, la qualité des données et les métadonnées avancées.",
history,history.mobile.zoneLabel,Zone,Zone,yes
history,history.mobile.actions,History actions,Actions d’historique,
history,history.mobile.openActions,Open history actions,Ouvrir les actions d’historique,
history,history.overview.empty,No history cards are available for this zone yet.,Aucune carte d’historique n’est disponible pour cette zone pour le moment.,
history,history.overview.openCard,Open {{title}} history,Ouvrir l’historique {{title}},
history,history.overview.cardTypeLabel,{{cardType}} card,Carte {{cardType}},
history,history.overview.pinCard,Pin card,Épingler la carte,
history,history.overview.unpinCard,Unpin card,Désépingler la carte,
history,history.overview.pinCardForTitle,Pin {{title}} card,Épingler la carte {{title}},
history,history.overview.unpinCardForTitle,Unpin {{title}} card,Désépingler la carte {{title}},
history,history.overview.pinned,Pinned,Épinglée,
history,history.overview.alert,Attention,Attention,yes
history,history.detail.backToHistory,Back to history,Retour à l’historique,
history,history.detail.invalidRouteTitle,History card not available,Carte d’historique non disponible,
history,history.detail.invalidRouteBody,Return to History and choose an available card.,Retournez à l’historique et choisissez une carte disponible.,
history,history.detail.loading,Loading history card...,Chargement de la carte d’historique...,
history,history.detail.notFoundTitle,History card not available,Carte d’historique non disponible,
history,history.detail.notFoundBody,Return to History and choose an available card.,Retournez à l’historique et choisissez une carte disponible.,
history,history.detail.controlsPlaceholder,Date range,Plage de dates,
history,history.detail.inspectorPlaceholder,Inspector,Inspecteur,
history,history.detail.rangeControlLabel,Date range,Plage de dates,
history,history.detail.viewControlLabel,View,Vue,
history,history.detail.visualizationLabel,History visualization,Visualisation de l’historique,
history,history.detail.visualizationHelp,"Drag to pan, pinch to zoom, double tap to reset, or long press to inspect.","Faites glisser pour déplacer, pincez pour zoomer, appuyez deux fois pour réinitialiser ou faites un appui long pour inspecter.",
history,history.rangeShort.12h,12h,12h,yes
history,history.rangeShort.24h,24h,24h,yes
history,history.rangeShort.7d,7D,7J,
history,history.rangeShort.30d,30D,30J,
history,history.rangeShort.season,Season,Saison,
history,history.rangeShort.custom,Custom,Personnalisé,
history,history.sidebar.zones,Zones,Zones,yes
history,history.sidebar.pinnedCards,Pinned cards,Cartes épinglées,
history,history.sidebar.availableCards,Available cards,Cartes disponibles,
history,history.sidebar.savedWorkspaces,Saved workspaces,Espaces de travail enregistrés,
history,history.sidebar.workspaceDisabled,Workspace saving is not enabled on this slice.,L’enregistrement des espaces de travail n’est pas activé à cette étape.,
history,history.sidebar.workspaceName,Workspace name,Nom de l’espace de travail,
history,history.sidebar.saveWorkspace,Save workspace,Enregistrer l’espace de travail,
history,history.sidebar.updateWorkspace,Update workspace,Mettre à jour l’espace de travail,
history,history.sidebar.loadWorkspace,Load {{name}},Charger {{name}},
history,history.sidebar.deleteWorkspace,Delete {{name}},Supprimer {{name}},
history,history.sidebar.defaultWorkspaceName,Local workspace,Espace de travail local,
history,history.sidebar.pinCard,Pin,Épingler,
history,history.sidebar.unpinCard,Unpin,Désépingler,
history,history.sidebar.none,None,Aucun,
history,history.carousel.empty,No history cards are available for this zone yet.,Aucune carte d’historique n’est disponible pour cette zone pour le moment.,
history,history.carousel.ariaLabel,History card carousel,Carrousel des cartes d’historique,
history,history.carousel.cardAriaLabel,{{title}} card,Carte {{title}},
history,history.carousel.cardTypeLabel,{{cardType}} card,Carte {{cardType}},
history,history.carousel.pinned,Pinned,Épinglée,
history,history.cardFrame.emptyTitle,Select a history card,Sélectionnez une carte d’historique,
history,history.cardFrame.emptyBody,Choose a zone and thematic card to inspect local history.,Choisissez une zone et une carte thématique pour inspecter l’historique local.,
history,history.cardFrame.typeHistory,{{cardType}} history,Historique {{cardType}},
history,history.cardFrame.viewModes,{{title}} view modes,Modes d’affichage {{title}},
history,history.cardFrame.unavailable,This card is not available for the selected zone.,Cette carte n’est pas disponible pour la zone sélectionnée.,
history,history.cardFrame.timelineBrush,Timeline viewport,Fenêtre de la chronologie,
history,history.cardFrame.timelineBrushKeyboardHelp,"Use arrow keys to pan, plus or minus to zoom, and Home or Enter to reset.","Utilisez les flèches pour déplacer, plus ou moins pour zoomer, et Origine ou Entrée pour réinitialiser.",
history,history.cardFrame.aggregationBadge,Aggregation: {{aggregation}},Agrégation : {{aggregation}},
history,history.cardFrame.placeholderBody,Chart and calendar data will load here when card data APIs are enabled.,Les données du graphique et du calendrier s’afficheront ici lorsque les API de données de carte seront activées.,
history,history.cardFrame.cardDataLoading,Loading card data...,Chargement des données de la carte...,
history,history.cardFrame.cardDataError,Card data failed to load: {{message}},Échec du chargement des données de la carte : {{message}},
history,history.cardFrame.cardDataUnknownError,Unknown error,Erreur inconnue,
history,history.workspace.unavailablePanel,Unavailable panel,Panneau indisponible,
history,history.workspace.repairPanel,Remove unavailable panel,Retirer le panneau indisponible,
history,history.dendroTimeline.title,Growth timeline,Chronologie de croissance,
history,history.dendroTimeline.emptyTitle,No dendrometer timeline data,Aucune donnée de chronologie dendrométrique,
history,history.dendroTimeline.emptyBody,Dendrometer readings will appear here when history data is available.,Les relevés du dendromètre s’afficheront ici lorsque les données d’historique seront disponibles.,
history,history.dendroTimeline.eventsTitle,Timeline events,Événements de la chronologie,
history,history.dendroTimeline.eventFallback,Dendrometer event,Événement dendromètre,
history,history.dendroTimeline.noEvents,No events in this range,Aucun événement dans cette période,
history,history.dendroTimeline.pointsCount,{{count}} readings,{{count}} relevés,
history,history.dendroTimeline.series.stemChange,Stem change,Variation du tronc,
history,history.dendroTimeline.series.growth,Growth,Croissance,
history,history.dendroTimeline.series.shrinkage,Shrinkage,Contraction,
history,history.dendroTimeline.series.dendrometer,Dendrometer,Dendromètre,
history,history.environmentLineChart.title,Environment trend,Tendance environnementale,
history,history.environmentLineChart.emptyTitle,No environment trend data,Aucune donnée de tendance environnementale,
history,history.environmentLineChart.emptyBody,Environment readings will appear here when history data is available.,Les relevés environnementaux s’afficheront ici lorsque les données d’historique seront disponibles.,
history,history.environmentLineChart.pointsCount,{{count}} readings,{{count}} relevés,
history,history.environmentLineChart.axisLabel,{{unit}} axis,Axe {{unit}},
history,history.environmentLineChart.axisNoUnit,Unitless axis,Axe sans unité,
history,history.environmentLineChart.series.airTemperature,Air temperature,Température de l’air,
history,history.environmentLineChart.series.humidity,Relative humidity,Humidité relative,
history,history.environmentLineChart.series.rain,Rain,Pluie,
history,history.environmentLineChart.series.light,Light,Luminosité,
history,history.environmentLineChart.series.pressure,Pressure,Pression,
history,history.environmentLineChart.series.wind,Wind,Vent,
history,history.environmentLineChart.series.uv,UV index,Indice UV,
history,history.environmentLineChart.series.environment,Environment,Environnement,
history,history.dailyMinMax.title,Daily Min/Max,Min/Max quotidien,
history,history.dailyMinMax.emptyTitle,No daily min/max data,Aucune donnée min/max quotidienne,
history,history.dailyMinMax.emptyBody,Daily minimum and maximum readings are not available for this range.,Les relevés minimum et maximum quotidiens ne sont pas disponibles pour cette période.,
history,history.dailyMinMax.pointsCount,{{count}} days,{{count}} jours,
history,history.dailyMinMax.axisLabel,{{unit}},{{unit}},yes
history,history.dailyMinMax.axisNoUnit,Value,Valeur,
history,history.dailyMinMax.tooltipMin,Min,Min,yes
history,history.dailyMinMax.tooltipMax,Max,Max,yes
history,history.dailyMinMax.tooltipMean,Mean,Moyenne,
history,history.dailyMinMax.series.airTemperature,Air temperature,Température de l’air,
history,history.dailyMinMax.series.environment,Environment,Environnement,
history,history.gatewayStatus.title,Gateway status overview,Aperçu de l’état de la passerelle,
history,history.gatewayStatus.emptyTitle,Limited gateway status data,Données d’état de la passerelle limitées,
history,history.gatewayStatus.emptyBody,Gateway status details will appear here as the hub reports them.,Les détails de l’état de la passerelle s’afficheront ici à mesure qu’elle les signale.,
history,history.gatewayStatus.lastSeen,Last seen,Vu pour la dernière fois,
history,history.gatewayStatus.dataAsOf,Data as of,Données au,
history,history.gatewayStatus.syncState,Sync state,État de synchronisation,
history,history.gatewayStatus.eventsTitle,Recent gateway events,Événements récents de la passerelle,
history,history.gatewayStatus.noEvents,No gateway events in this range.,Aucun événement de passerelle dans cette période.,
history,history.gatewayStatus.eventFallback,Gateway event,Événement de passerelle,
history,history.gatewayStatus.status.ok,OK,OK,yes
history,history.gatewayStatus.status.online,Online,En ligne,
history,history.gatewayStatus.status.offline,Offline,Hors ligne,
history,history.gatewayStatus.status.connected,Connected,Connecté,
history,history.gatewayStatus.status.disconnected,Disconnected,Déconnecté,
history,history.gatewayStatus.status.degraded,Degraded,Dégradé,
history,history.gatewayStatus.status.stale,Stale,Obsolète,
history,history.gatewayStatus.status.charging,Charging,En charge,
history,history.gatewayStatus.category.connectivity,Connectivity,Connectivité,
history,history.gatewayStatus.category.storage,Storage,Stockage,
history,history.gatewayStatus.category.system,System,Système,
history,history.gatewayStatus.metric.signal,Signal,Signal,yes
history,history.gatewayStatus.metric.storage,Storage use,Utilisation du stockage,
history,history.gatewayStatus.metric.memory,Memory use,Utilisation de la mémoire,
history,history.gatewayStatus.metric.cpu,CPU,CPU,yes
history,history.gatewayStatus.metric.temperature,Temperature,Température,
history,history.gatewayStatus.value.unavailable,Not reported,Non signalé,
history,history.irrigationTimeline.title,Irrigation event timeline,Chronologie des événements d’irrigation,
history,history.irrigationTimeline.emptyTitle,No irrigation events,Aucun événement d’irrigation,
history,history.irrigationTimeline.emptyBody,Irrigation actions and response windows will appear here when history data is available.,Les actions d’irrigation et les fenêtres de réponse s’afficheront ici lorsque les données d’historique seront disponibles.,
history,history.irrigationTimeline.eventsCount,{{count}} events,{{count}} événements,
history,history.irrigationTimeline.eventLabel.irrigation,Irrigation event,Événement d’irrigation,
history,history.irrigationTimeline.eventLabel.scheduled,Scheduled irrigation,Irrigation planifiée,
history,history.irrigationTimeline.eventLabel.manualOverride,Manual override,Forçage manuel,
history,history.irrigationTimeline.eventLabel.possibleIneffective,Possible ineffective irrigation,Irrigation potentiellement inefficace,
history,history.irrigationTimeline.eventLabel.responseWindow,Response window,Fenêtre de réponse,
history,history.irrigationTimeline.detail.duration,Duration: {{value}},Durée : {{value}},
history,history.irrigationTimeline.detail.responseWindow,Response window: {{value}},Fenêtre de réponse : {{value}},
history,history.irrigationTimeline.detail.observedResponse,Observed response: {{value}},Réponse observée : {{value}},
history,history.irrigationTimeline.severity.info,Info,Info,yes
history,history.irrigationTimeline.severity.warning,Warning,Avertissement,
history,history.irrigationTimeline.severity.critical,Critical,Critique,
history,history.irrigationTimeline.severity.success,Success,Succès,
history,history.irrigationTimeline.severity.unknown,Info,Info,yes
history,history.cardType.soil,Soil,Sol,
history,history.cardType.dendro,Dendro,Dendro,yes
history,history.cardType.environment,Environment,Environnement,
history,history.cardType.irrigation,Irrigation,Irrigation,yes
history,history.cardType.gateway,Gateway,Passerelle,
history,history.viewMode.soil-profile,Soil Profile,Profil du sol,
history,history.viewMode.line-chart,Line Chart,Graphique linéaire,
history,history.viewMode.calendar,Calendar,Calendrier,
history,history.viewMode.irrigation-response,Irrigation Response,Réponse à l’irrigation,
history,history.viewMode.advanced,Advanced View,Vue avancée,
history,history.viewMode.growth-timeline,Growth Timeline,Chronologie de croissance,
history,history.viewMode.stress-events,Stress Events,Événements de stress,
history,history.viewMode.daily-min-max,Daily Min/Max,Min/Max quotidien,
history,history.viewMode.event-timeline,Event Timeline,Chronologie des événements,
history,history.viewMode.status-overview,Status Overview,Aperçu de l’état,
history,history.viewMode.connectivity-timeline,Connectivity Timeline,Chronologie de connectivité,
history,history.metadata.coverageUnknown,Coverage unknown,Couverture inconnue,
history,history.metadata.coverageKnown,{{coverage}}% coverage,{{coverage}} % de couverture,
history,history.metadata.coverageConfidence.configured,Configured cadence,Cadence configurée,
history,history.metadata.coverageConfidence.derived,Derived cadence,Cadence déduite,
history,history.metadata.coverageConfidence.unknown,Cadence unknown,Cadence inconnue,
history,history.metadata.syncState.local,Local,Local,yes
history,history.metadata.syncState.synced,Synced,Synchronisé,
history,history.metadata.syncState.stale,Stale,Obsolète,
history,history.metadata.syncState.degraded,Degraded,Dégradé,
history,history.metadata.syncState.unknown,Unknown,Inconnu,
history,history.metadata.aggregation.auto,Automatic,Automatique,
history,history.metadata.aggregation.raw,Raw,Brute,
history,history.metadata.aggregation.15m,15 min,15 min,yes
history,history.metadata.aggregation.hourly,Hourly,Horaire,
history,history.metadata.aggregation.daily,Daily,Quotidienne,
history,history.metadata.aggregation.weekly,Weekly,Hebdomadaire,
history,history.metadata.range.12h,12 hours,12 heures,
history,history.metadata.range.24h,24 hours,24 heures,
history,history.metadata.range.7d,7 days,7 jours,
history,history.metadata.range.30d,30 days,30 jours,
history,history.metadata.range.season,Season,Saison,
history,history.metadata.range.custom,Custom range,Période personnalisée,
history,history.soilProfile.emptyTitle,No soil profile data,Aucune donnée de profil du sol,
history,history.soilProfile.emptyBody,Depth-aware profile readings are not available for this range.,Les relevés de profil par profondeur ne sont pas disponibles pour cette période.,
history,history.soilProfile.depthLabel,{{depth}} cm,{{depth}} cm,yes
history,history.soilProfile.depthUnknown,Depth pending,Profondeur en attente,
history,history.soilProfile.valueMissing,No reading,Aucun relevé,
history,history.soilProfile.status.dry_stress,Dry stress,Stress hydrique,
history,history.soilProfile.status.optimal,Optimal,Optimal,yes
history,history.soilProfile.status.wet_excess,Wet excess,Excès d’eau,
history,history.soilProfile.status.mixed,Mixed,Mixte,
history,history.soilProfile.status.no_data,No data,Aucune donnée,
history,history.soilProfile.labelUnknown,Soil layer {{index}},Couche de sol {{index}},
history,history.soil.state.wet,Wet,Saturé,
history,history.soil.state.moist,Moist,Humide,
history,history.soil.state.dry,Dry,Sec,
history,history.calendar.label,Calendar,Calendrier,
history,history.calendar.title,Calendar,Calendrier,
history,history.calendar.emptyTitle,No calendar data,Aucune donnée de calendrier,
history,history.calendar.weekday.mon,Mon,Lun,
history,history.calendar.weekday.tue,Tue,Mar,
history,history.calendar.weekday.wed,Wed,Mer,
history,history.calendar.weekday.thu,Thu,Jeu,
history,history.calendar.weekday.fri,Fri,Ven,
history,history.calendar.weekday.sat,Sat,Sam,
history,history.calendar.weekday.sun,Sun,Dim,
history,history.calendar.state.dry_stress,Dry stress,Stress hydrique,
history,history.calendar.state.optimal,Optimal,Optimal,yes
history,history.calendar.state.wet_excess,Wet excess,Excès d’eau,
history,history.calendar.state.mixed,Mixed,Mixte,
history,history.calendar.state.normal_growth,Normal growth,Croissance normale,
history,history.calendar.state.reduced_growth,Reduced growth,Croissance réduite,
history,history.calendar.state.high_shrinkage_stress,High shrinkage stress,Stress de contraction élevé,
history,history.calendar.state.incomplete_night_recovery,Incomplete night recovery,Récupération nocturne incomplète,
history,history.calendar.state.normal,Normal,Normal,yes
history,history.calendar.state.heat_stress,Heat stress,Stress thermique,
history,history.calendar.state.cold_stress,Cold stress,Stress dû au froid,
history,history.calendar.state.high_humidity,High humidity,Humidité élevée,
history,history.calendar.state.rain_day,Rain day,Jour de pluie,
history,history.calendar.state.no_irrigation,No irrigation,Aucune irrigation,
history,history.calendar.state.irrigation_event,Irrigation event,Événement d’irrigation,
history,history.calendar.state.high_irrigation_frequency,High irrigation frequency,Fréquence d’irrigation élevée,
history,history.calendar.state.possible_ineffective_irrigation,Possible ineffective irrigation,Irrigation potentiellement inefficace,
history,history.calendar.state.manual_override,Manual override,Forçage manuel,
history,history.calendar.state.offline,Offline,Hors ligne,
history,history.calendar.state.no_data,No data,Aucune donnée,
history,history.calendar.marker.irrigation.no_irrigation,No irrigation marker,Marqueur d’absence d’irrigation,
history,history.calendar.marker.irrigation.irrigation_event,Irrigation marker,Marqueur d’irrigation,
history,history.calendar.marker.irrigation.high_irrigation_frequency,High frequency marker,Marqueur de fréquence élevée,
history,history.calendar.marker.irrigation.possible_ineffective_irrigation,Possible ineffective irrigation marker,Marqueur d’irrigation potentiellement inefficace,
history,history.calendar.marker.irrigation.manual_override,Manual override marker,Marqueur de forçage manuel,
history,history.calendar.marker.rain,Rain,Pluie,
history,history.calendar.marker.sensor_gap,Sensor gap,Lacune de capteur,
history,history.calendar.marker.heat_event,Heat event,Événement de chaleur,
history,history.calendar.marker.soil.dry_stress,Dry stress marker,Marqueur de stress hydrique,
history,history.calendar.marker.soil.optimal,Optimal marker,Marqueur optimal,
history,history.calendar.marker.soil.wet_excess,Wet marker,Marqueur d’excès d’eau,
history,history.calendar.marker.soil.mixed,Mixed marker,Marqueur mixte,
history,history.calendar.marker.dendro.normal_growth,Normal growth marker,Marqueur de croissance normale,
history,history.calendar.marker.dendro.reduced_growth,Reduced growth marker,Marqueur de croissance réduite,
history,history.calendar.marker.dendro.high_shrinkage_stress,High shrinkage marker,Marqueur de forte contraction,
history,history.calendar.marker.dendro.incomplete_night_recovery,Incomplete recovery marker,Marqueur de récupération incomplète,
history,history.calendar.marker.environment.normal,Normal marker,Marqueur normal,
history,history.calendar.marker.environment.heat_stress,Heat marker,Marqueur de chaleur,
history,history.calendar.marker.environment.cold_stress,Cold marker,Marqueur de froid,
history,history.calendar.marker.environment.high_humidity,High humidity marker,Marqueur d’humidité élevée,
history,history.calendar.marker.environment.rain_day,Rain marker,Marqueur de pluie,
history,history.calendar.summary.soil.dry_stress,Root zone was dry with {{sampleCount}} samples.,La zone racinaire était sèche avec {{sampleCount}} échantillons.,
history,history.calendar.summary.soil.optimal,Root zone was optimal with {{sampleCount}} samples.,La zone racinaire était optimale avec {{sampleCount}} échantillons.,
history,history.calendar.summary.soil.wet_excess,Root zone was wet with {{sampleCount}} samples.,La zone racinaire était humide avec {{sampleCount}} échantillons.,
history,history.calendar.summary.soil.mixed,Soil status was mixed across depths.,L’état du sol était variable selon les profondeurs.,
history,history.calendar.summary.soil.no_data,No soil data was available.,Aucune donnée de sol n’était disponible.,
history,history.calendar.summary.dendro.normal_growth,Stem growth looked normal.,La croissance du tronc semblait normale.,
history,history.calendar.summary.dendro.reduced_growth,Stem growth was reduced.,La croissance du tronc était réduite.,
history,history.calendar.summary.dendro.high_shrinkage_stress,Stem shrinkage indicated stress.,La contraction du tronc indiquait un stress.,
history,history.calendar.summary.dendro.incomplete_night_recovery,Night recovery was incomplete.,La récupération nocturne était incomplète.,
history,history.calendar.summary.dendro.no_data,No dendrometer data was available.,Aucune donnée de dendromètre n’était disponible.,
history,history.calendar.summary.environment.normal,Environment was normal.,L’environnement était normal.,
history,history.calendar.summary.environment.heat_stress,Heat stress was detected.,Un stress thermique a été détecté.,
history,history.calendar.summary.environment.cold_stress,Cold stress was detected.,Un stress dû au froid a été détecté.,
history,history.calendar.summary.environment.high_humidity,High humidity was detected.,Une humidité élevée a été détectée.,
history,history.calendar.summary.environment.rain_day,Rain was detected.,De la pluie a été détectée.,
history,history.calendar.summary.environment.no_data,No environment data was available.,Aucune donnée environnementale n’était disponible.,
history,history.calendar.summary.irrigation.no_irrigation,No irrigation occurred.,Aucune irrigation n’a eu lieu.,
history,history.calendar.summary.irrigation.irrigation_event,Irrigation occurred.,Une irrigation a eu lieu.,
history,history.calendar.summary.irrigation.high_irrigation_frequency,Irrigation frequency was high.,La fréquence d’irrigation était élevée.,
history,history.calendar.summary.irrigation.possible_ineffective_irrigation,Irrigation may have been ineffective.,L’irrigation a peut-être été inefficace.,
history,history.calendar.summary.irrigation.manual_override,Manual override occurred.,Un forçage manuel a eu lieu.,
history,history.calendar.summary.gateway.offline,Gateway connectivity was offline.,La connectivité de la passerelle était hors ligne.,
history,history.calendar.summary.gateway.normal,Gateway status was normal.,L’état de la passerelle était normal.,
history,history.calendar.summary.gateway.no_data,No gateway data was available.,Aucune donnée de passerelle n’était disponible.,
history,history.interpretation.title,Interpretation,Interprétation,
history,history.interpretation.noData.title,No data in selected range,Aucune donnée dans la période sélectionnée,
history,history.interpretation.noData.body,"This card is configured, but no measured history was available for the selected range.","Cette carte est configurée, mais aucun historique mesuré n’était disponible pour la période sélectionnée.",
history,history.interpretation.rootZoneDry.title,Root zone entered dry status,La zone racinaire est passée en état sec,
history,history.interpretation.rootZoneDry.body,Lower soil tension stayed dry through the selected period.,La tension hydrique du sol en profondeur est restée sèche pendant la période sélectionnée.,
history,history.interpretation.dataCoverageGap.title,Sensor data is incomplete,Les données du capteur sont incomplètes,
history,history.interpretation.dataCoverageGap.body,Sensor data was missing during the selected period.,Les données du capteur étaient manquantes pendant la période sélectionnée.,
history,history.interpretation.incompleteNightRecovery.title,Night recovery was incomplete,La récupération nocturne était incomplète,
history,history.interpretation.incompleteNightRecovery.body,The dendrometer did not fully recover overnight during the selected period.,Le dendromètre ne s’est pas entièrement rétabli pendant la nuit au cours de la période sélectionnée.,
history,history.interpretation.environmentStress.title,Environment stress detected,Stress environnemental détecté,
history,history.interpretation.environmentStress.body,Environment readings crossed a stress threshold in the selected range.,Les relevés environnementaux ont dépassé un seuil de stress dans la période sélectionnée.,
history,history.interpretation.extensionUnavailable.title,Cloud context unavailable,Contexte cloud indisponible,
history,history.interpretation.prediction.title,Prediction context,Contexte de prédiction,
history,history.interpretation.prediction.body,Prediction context is available for this zone.,Le contexte de prédiction est disponible pour cette zone.,
history,history.interpretation.recommendation.irrigate,Irrigate,Irriguer,
history,history.interpretation.recommendation.monitor,Monitor,Surveiller,
history,history.advanced.title,Advanced diagnostics,Diagnostics avancés,
history,history.advanced.loading,Loading advanced diagnostics...,Chargement des diagnostics avancés...,
history,history.advanced.emptyTitle,No advanced diagnostics,Aucun diagnostic avancé,
history,history.advanced.value.unavailable,Unavailable,Indisponible,
history,history.advanced.availability.collected,Collected,Collecté,
history,history.advanced.availability.not_collected_at_time,Not collected then,Non collecté à ce moment-là,
history,history.advanced.availability.unknown_now,Unknown now,Inconnu à présent,
history,history.advanced.availability.unsupported,Unsupported,Non pris en charge,
history,history.advanced.field.device_eui,Device EUI,EUI de l’appareil,
history,history.advanced.field.primaryDeveui,Device EUI,EUI de l’appareil,
history,history.advanced.field.rssi,RSSI,RSSI,yes
history,history.advanced.field.snr,SNR,SNR,yes
history,history.advanced.field.raw_payload,Raw payload,Charge utile brute,
history,history.advanced.field.rawPayload,Raw payload,Charge utile brute,
history,history.advanced.field.firmware,Firmware,Firmware,yes
history,history.advanced.field.calibration,Calibration,Étalonnage,
history,history.advanced.field.prediction,Prediction,Prédiction,
history,history.advanced.field.forecast,Forecast,Prévision,
history,history.advanced.field.pending_commands,Pending commands,Commandes en attente,
history,history.advanced.field.batteryPct,Battery percent,Pourcentage de batterie,
history,history.advanced.field.batteryVoltage,Battery voltage,Tension de la batterie,
history,history.advanced.field.calibrationStatus,Calibration status,État de l’étalonnage,
history,history.advanced.field.firmwareVersion,Firmware version,Version du firmware,
history,history.advanced.field.gatewayEui,Gateway EUI,EUI de la passerelle,
history,history.advanced.field.gatewayLatitude,Gateway latitude,Latitude de la passerelle,
history,history.advanced.field.gatewayLocationStatus,Gateway location status,État de localisation de la passerelle,
history,history.advanced.field.gatewayLongitude,Gateway longitude,Longitude de la passerelle,
history,history.advanced.field.logicalSourceKey,Logical source key,Clé de source logique,
history,history.advanced.field.pendingCommands,Pending commands,Commandes en attente,
history,history.advanced.field.rawRowCount,Raw row count,Nombre de lignes brutes,
history,history.advanced.field.sourceDeviceCount,Source device count,Nombre d’appareils source,
history,history.source.multipleNamed,{{count}} sources: {{names}},{{count}} sources : {{names}},
history,history.source.multiple,{{count}} sources,{{count}} sources,yes
history,history.soilLineChart.title,Soil line chart,Graphique linéaire du sol,
history,history.soilLineChart.emptyTitle,No soil trend data,Aucune donnée de tendance du sol,
history,history.soilLineChart.emptyBody,Soil tension readings will appear here when history data is available.,Les relevés de tension du sol s’afficheront ici lorsque les données d’historique seront disponibles.,
history,history.soilLineChart.pointsCount,{{count}} readings,{{count}} relevés,
history,history.soilLineChart.axisLabel,{{unit}} axis,Axe {{unit}},
history,history.soilLineChart.series.soil1,Soil 1,Sol 1,
history,history.soilLineChart.series.soil2,Soil 2,Sol 2,
history,history.soilLineChart.series.soil3,Soil 3,Sol 3,
history,history.soilLineChart.series.soil,Soil {{index}},Sol {{index}},
history,history.soilLineChart.series.sensor,Sensor {{index}},Capteur {{index}},
history,history.soilIrrigationResponse.title,Soil irrigation response,Réponse du sol à l’irrigation,
history,history.soilIrrigationResponse.emptyTitle,No irrigation response events,Aucun événement de réponse à l’irrigation,
history,history.soilIrrigationResponse.emptyBody,No irrigation response events in this range.,Aucun événement de réponse à l’irrigation dans cette période.,
history,history.soilIrrigationResponse.eventsCount,{{count}} events,{{count}} événements,
history,history.soilIrrigationResponse.eventFallback,Irrigation response,Réponse à l’irrigation,
history,history.soilIrrigationResponse.duration,Duration: {{value}} min,Durée : {{value}} min,
history,history.soilIrrigationResponse.interpretationsTitle,Response notes,Notes de réponse,
history,history.dendroLineChart.title,Dendro line chart,Graphique linéaire du dendromètre,
history,history.dendroLineChart.emptyTitle,No dendrometer line data,Aucune donnée linéaire du dendromètre,
history,history.dendroLineChart.emptyBody,Dendrometer readings will appear here when history data is available.,Les relevés du dendromètre s’afficheront ici lorsque les données d’historique seront disponibles.,
history,history.dendroLineChart.pointsCount,{{count}} readings,{{count}} relevés,
history,history.dendroLineChart.series.stemChange,Stem change,Variation du tronc,
history,history.dendroLineChart.series.growth,Growth,Croissance,
history,history.dendroLineChart.series.shrinkage,Shrinkage,Contraction,
history,history.dendroLineChart.series.position,Position,Position,yes
history,history.dendroLineChart.series.dendrometer,Dendrometer,Dendromètre,
history,history.dendroStressEvents.title,Dendro stress events,Événements de stress du dendromètre,
history,history.dendroStressEvents.emptyTitle,No stress events,Aucun événement de stress,
history,history.dendroStressEvents.emptyBody,No stress events in this range.,Aucun événement de stress dans cette période.,
history,history.dendroStressEvents.eventsCount,{{count}} events,{{count}} événements,
history,history.dendroStressEvents.interpretationsTitle,Stress notes,Notes de stress,
history,history.dendroStressEvents.event.stress,Stress event,Événement de stress,
history,history.dendroStressEvents.event.shrinkage,Shrinkage stress,Stress de contraction,
history,history.dendroStressEvents.event.incompleteRecovery,Incomplete recovery,Récupération incomplète,
history,history.sourceFilter.label,Source,Source,yes
history,history.sourceFilter.all,All,Toutes,
history,history.settings.open,Open card settings,Ouvrir les paramètres de la carte,
history,history.settings.menuLabel,Card settings,Paramètres de la carte,
history,history.settings.advancedView,Advanced View,Vue avancée,
history,history.settings.cardSettings,Card settings,Paramètres de la carte,
history,history.settings.resetRange,Reset range,Réinitialiser la période,
history,history.settings.cardSettingsUnavailable,Card settings are not available yet.,Les paramètres de la carte ne sont pas encore disponibles.,
history,history.settings.refresh,Refresh,Actualiser,
history,history.inspector.title,Inspector,Inspecteur,
history,history.inspector.context,Selected point,Point sélectionné,
history,history.inspector.close,Close,Fermer,
history,history.inspector.timestamp,Timestamp,Horodatage,
history,history.inspector.date,Date,Date,yes
history,history.inspector.source,Source,Source,yes
history,history.inspector.coverage,Coverage,Couverture,
history,history.inspector.syncState,Sync state,État de synchronisation,
history,history.inspector.dataAsOf,Data as of,Données au,
history,history.inspector.events,Events,Événements,
history,history.inspector.noInterpretation,No local interpretation for this selection.,Aucune interprétation locale pour cette sélection.,
history,history.inspector.eventFallback,History event,Événement d’historique,
history,history.sources.button,Sources,Sources,yes
history,history.sources.menuLabel,Card sources,Sources de la carte,
journal,title,Field journal,Journal de terrain,
journal,welcome,Activity record for {{username}},Registre des activités de {{username}},
journal,comingSoon.badge,In development,En développement,
journal,comingSoon.heading,The field journal is being built,Le journal de terrain est en cours de construction,
journal,comingSoon.body,"Log what happened in the field — irrigation, spraying, seeding, harvest, observations — so your sensor curves and analytics can be read in context. Entries anchor to a plot, capture the sensor snapshot at the moment of the activity, and appear as markers on your history charts.","Consignez ce qui se passe au champ — irrigation, pulvérisation, semis, récolte, observations — afin que vos courbes de capteurs et vos analyses puissent être interprétées dans leur contexte. Les entrées sont rattachées à une parcelle, capturent l'instantané des capteurs au moment de l'activité et apparaissent comme des marqueurs sur vos graphiques d'historique.",
journal,comingSoon.captureTitle,Fast capture,Saisie rapide,
journal,comingSoon.captureBody,"Six recent activities on a tap grid, product-first entry, and a plain-language confirmation line before every save.","Six activités récentes sur une grille tactile, une saisie axée sur le produit, et une ligne de confirmation en langage clair avant chaque enregistrement.",
journal,comingSoon.recordTitle,A real farm record,Un véritable registre agricole,
journal,comingSoon.recordBody,"Structured, machine-readable entries per plot with frozen provenance — a detailed record designed for compliance profiles later.","Des entrées structurées et lisibles par machine, par parcelle, avec une provenance figée — un registre détaillé conçu pour de futurs profils de conformité.",
journal,comingSoon.syncTitle,Honest sync,Synchronisation transparente,
journal,comingSoon.syncBody,Every entry tells you whether it is saved on the farm gateway or waiting for it. Nothing is silently lost.,Chaque entrée vous indique si elle est enregistrée sur la passerelle de la ferme ou si elle attend de l'être. Rien n'est perdu silencieusement.,
journal,row.farmLevel,Farm-level,Toute la ferme,
journal,row.unknownPlot,Unknown plot,Parcelle inconnue,
journal,row.status.final,Final,Final,yes
journal,row.status.draft,Draft,Brouillon,
journal,row.status.voided,Voided,Annulé,
journal,activity.irrigation,Irrigation,Irrigation,yes
journal,activity.fertigation,Fertigation,Fertigation,yes
journal,activity.fertilization,Fertilization,Fertilisation,
journal,activity.seeding,Seeding,Semis,
journal,activity.harvest,Harvest,Récolte,
journal,activity.general_observation,Observation,Observation,yes
journal,timeline.empty,No activities logged yet.,Aucune activité enregistrée pour le moment.,
journal,timeline.loading,Loading activities…,Chargement des activités...,
journal,timeline.batch,Batch activity,Activité groupée,
journal,timeline.batchExpand,Expand batch,Afficher les entrées du lot,
journal,timeline.batchCollapse,Collapse batch,Masquer les entrées du lot,
journal,timeline.batchLoading,Loading batch entries…,Chargement des entrées du lot…,
journal,timeline.batchError,Unable to load batch entries.,Impossible de charger les entrées du lot.,
journal,timeline.batchRetry,Retry,Réessayer,
journal,where.station,Station,Station,yes
journal,where.unstationed,Unstationed plots,Parcelles sans station,
journal,where.namedPlots,Named plots,Parcelles nommées,
journal,where.noStation,No station,Aucune station,
journal,where.selectAll,Select all,Tout sélectionner,
journal,where.invert,Invert selection,Inverser la sélection,
journal,where.range,Station range,Plage de stations,
journal,where.applyRange,Apply range,Appliquer la plage,
journal,where.rangeSummary,{{label}} · {{plotCount}} · {{selectedCount}},{{label}} · {{plotCount}} · {{selectedCount}},yes
journal,where.rangePlotCount,plots,parcelles,
journal,where.rangePlotCount_one,{{count}} plot,{{count}} parcelle,
journal,where.rangePlotCount_other,{{count}} plots,{{count}} parcelles,
journal,where.rangeSelectedCount,selected,sélectionnées,
journal,where.rangeSelectedCount_one,{{count}} selected,{{count}} sélectionnée,
journal,where.rangeSelectedCount_other,{{count}} selected,{{count}} sélectionnées,
journal,where.rangeEmpty,The station range is empty.,La plage de stations est vide.,
journal,where.rangeMalformed,The station range is invalid.,La plage de stations n'est pas valide.,
journal,where.rangeOutOfStation,The range contains a plot outside this station.,La plage contient une parcelle située hors de cette station.,
journal,where.rangeDuplicate,The station range repeats a value.,La plage de stations répète une valeur.,
journal,where.rangeReversed,The station range is reversed.,La plage de stations est inversée.,
journal,where.rangeNonInteger,The station range must use whole numbers.,La plage de stations doit utiliser des nombres entiers.,
journal,where.rangeNonPositive,The station range must use positive numbers.,La plage de stations doit utiliser des nombres positifs.,
journal,where.mixedLayout,Selected plots use different layouts.,Les parcelles sélectionnées utilisent des layouts différents.,
journal,where.maxPlots,Selected plots,Parcelles sélectionnées,
journal,where.maxPlotsError,Select no more than {{count}} plots.,Ne sélectionnez pas plus de {{count}} parcelles.,
journal,where.noPlot,No plot,Aucune parcelle,
journal,where.selectionCount,plots selected,parcelles sélectionnées,
journal,where.selectionCount_one,{{count}} plot selected,{{count}} parcelle sélectionnée,
journal,where.selectionCount_other,{{count}} plots selected,{{count}} parcelles sélectionnées,
journal,where.staleSelection,This selection changed. Refresh and try again.,Cette sélection a changé. Rechargez-la et réessayez.,
journal,where.createGroup,Create group,Créer un groupe,
journal,where.editGroup,Edit group,Modifier le groupe,
journal,where.groupLabel,Group label,Nom du groupe,
journal,where.saveGroup,Save group,Enregistrer le groupe,
journal,where.cancel,Cancel,Annuler,
journal,where.loading,Loading…,Chargement…,
journal,where.retry,Retry,Réessayer,
journal,group.members,Plot groups,Groupes de parcelles,
journal,group.members_one,{{count}} plot,{{count}} parcelle,
journal,group.members_other,{{count}} plots,{{count}} parcelles,
journal,group.unavailableMembers,Some group members are unavailable.,Certains membres du groupe ne sont pas disponibles.,
journal,group.resolved,Resolved,Dissous,
journal,group.resolve,Resolve group,Dissoudre le groupe,
journal,group.resolveError,Could not resolve this group.,Impossible de dissoudre ce groupe.,
journal,group.changedError,This group changed. Refresh and try again.,Ce groupe a changé. Actualisez la page et réessayez.,
journal,group.resolutionRegion,Harvest group resolution,Dissolution du groupe après la récolte,
journal,group.resolveHeading,Resolve harvest group,Dissoudre le groupe de récolte,
journal,group.resolveAction,Resolve group,Dissoudre le groupe,
journal,group.resolving,Resolving…,Dissolution en cours…,
journal,group.heterogeneous,The group contains incompatible layouts.,Le groupe contient des layouts incompatibles.,
journal,group.create,Create group,Créer un groupe,
journal,group.edit,Edit group,Modifier le groupe,
journal,group.loading,Loading groups…,Chargement des groupes…,
journal,group.error,Could not save the plot group.,Impossible d'enregistrer le groupe de parcelles.,
journal,group.retry,Retry,Réessayer,
journal,plot.create,Create plot,Créer une parcelle,
journal,plot.update,Update plot,Mettre à jour la parcelle,
journal,plot.new,New plot,Nouvelle parcelle,
journal,plot.edit,Edit selected plot,Modifier la parcelle sélectionnée,
journal,plot.code,Plot code,Code de parcelle,
journal,plot.name,Name,Nom,
journal,plot.zone,Zone,Zone,yes
journal,plot.station,Station,Station,yes
journal,plot.cropHint,Crop hint,Indication de culture,
journal,plot.area,Area (m²),Surface (m²),
journal,plot.active,Active,Active,yes
journal,plot.layout,Layout,Layout,yes
journal,plot.save,Save,Enregistrer,
journal,plot.cancel,Cancel,Annuler,
journal,plot.layoutRequired,Select an active layout,Sélectionnez un layout actif,
journal,plot.stale,This plot changed elsewhere. Reload before saving.,Cette parcelle a changé ailleurs. Rechargez-la avant de l'enregistrer.,
journal,plot.codeConflict,Plot code is already in use.,Le code de parcelle est déjà utilisé.,
journal,plot.heterogeneousGroup,The plot belongs to a heterogeneous group.,La parcelle appartient à un groupe hétérogène.,
journal,plot.unresolvedGroup,Resolve the plot group before deactivating this plot.,Dissolvez le groupe de parcelles avant de désactiver cette parcelle.,
journal,plot.loading,Saving…,Enregistrement…,
journal,plot.error,Could not save the plot.,Impossible d'enregistrer la parcelle.,
journal,plot.retry,Retry,Réessayer,
journal,batch.saving,Saving…,Enregistrement…,
journal,batch.saved,Saved,Enregistré,
journal,batch.confirm,Review batch before saving,Vérifier le lot avant l'enregistrement,
journal,batch.confirmCount,plots,parcelles,
journal,batch.confirmCount_one,{{count}} plot,{{count}} parcelle,
journal,batch.confirmCount_other,{{count}} plots,{{count}} parcelles,
journal,batch.duplicateTitle,Duplicate entries found,Entrées en double trouvées,
journal,batch.duplicateBody,Review every duplicate candidate before saving this batch.,Vérifiez chaque doublon possible avant d'enregistrer ce lot.,
journal,batch.duplicateAcknowledge,Acknowledge all and retry,Tout confirmer et réessayer,
journal,batch.count,plots,parcelles,
journal,batch.count_one,{{count}} plot,{{count}} parcelle,
journal,batch.count_other,{{count}} plots,{{count}} parcelles,
journal,batch.retry,Retry,Réessayer,
journal,unavailable.title,Journal not available,Journal non disponible,
journal,unavailable.body,This gateway does not yet have the field journal. Update the gateway firmware to enable it.,Cette passerelle ne dispose pas encore du journal de terrain. Mettez à jour le firmware de la passerelle pour l'activer.,
journal,error.title,Could not load the journal,Impossible de charger le journal,
journal,error.body,The gateway did not answer successfully. Try again.,La passerelle n'a pas répondu correctement. Réessayez.,
journal,error.retry,Try again,Réessayer,
journal,filters.plot,Plot,Parcelle,
journal,filters.allPlots,All plots,Toutes les parcelles,
journal,filters.activity,Activity,Activité,
journal,filters.allActivities,All activities,Toutes les activités,
journal,logActivity,Log activity,Consigner une activité,
journal,capture.title,Log activity,Consigner une activité,
journal,capture.close,Close,Fermer,
journal,capture.back,Back,Retour,
journal,capture.next,Next,Suivant,
journal,capture.finish,Finish,Terminer,
journal,capture.where.title,Where did this happen?,Où cela s'est-il passé ?,
journal,capture.where.plot,Plot,Parcelle,
journal,capture.where.selectPlot,Select a plot,Sélectionner une parcelle,
journal,capture.where.farmLevel,Whole farm,Toute la ferme,
journal,capture.where.noPlot,No plot,Aucune parcelle,
journal,capture.where.linkedZone,Linked to a sensor zone,Liée à une zone de capteurs,
journal,capture.where.sensorless,No linked sensor zone,Aucune zone de capteurs liée,
journal,capture.where.layout,Layout,Layout,yes
journal,capture.where.timezone,Timezone,Fuseau horaire,
journal,capture.picker.title,What happened?,Que s'est-il passé ?,
journal,capture.picker.recentOnPlot,Recent on this plot,Récent sur cette parcelle,
journal,capture.picker.commonThisSeason,Common this season,Fréquent cette saison,
journal,capture.picker.farmRecent,Recent on this farm,Récent sur cette ferme,
journal,capture.picker.allOptions,All options,Toutes les options,
journal,capture.picker.more,More activities,Plus d'activités,
journal,capture.picker.search,Search activities,Rechercher des activités,
journal,capture.picker.searchPlaceholder,Search by name or code,Rechercher par nom ou code,
journal,capture.picker.browseAll,Browse all,Parcourir tout,
journal,capture.picker.noResults,No matching activities,Aucune activité correspondante,
journal,capture.picker.unsupported,This activity is not available for the selected layout,Cette activité n'est pas disponible pour le layout sélectionné,
journal,capture.form.title,Activity details,Détails de l'activité,
journal,capture.form.detailLevel,Detail level,Niveau de détail,
journal,capture.form.quick,Quick,Rapide,
journal,capture.form.full,Full,Complet,
journal,capture.form.research,Research,Recherche,
journal,capture.form.layout,Layout,Layout,yes
journal,capture.form.required,Required,Obligatoire,
journal,capture.form.optional,Optional,Facultatif,
journal,capture.form.select,Select an option,Sélectionner une option,
journal,capture.form.value,Value,Valeur,
journal,capture.form.unit,Unit,Unité,
journal,capture.form.decrease,Decrease,Diminuer,
journal,capture.form.increase,Increase,Augmenter,
journal,capture.form.add,Add another,Ajouter un autre,
journal,capture.form.remove,Remove,Retirer,
journal,capture.form.product,Product,Produit,
journal,capture.form.derivedNutrients,Calculated from product composition,Calculé à partir de la composition du produit,
journal,capture.form.noProducts,No active products are available,Aucun produit actif n'est disponible,
journal,capture.form.note,Note,Remarque,
journal,capture.form.booleanYes,Yes,Oui,
journal,capture.form.booleanNo,No,Non,
journal,capture.validation.required,Complete this field,Complétez ce champ,
journal,capture.validation.invalidNumber,Enter a valid number,Saisissez un nombre valide,
journal,capture.validation.minimum,Enter a value of at least {{min}},Saisissez une valeur d'au moins {{min}},
journal,capture.validation.maximum,Enter a value no greater than {{max}},Saisissez une valeur ne dépassant pas {{max}},
journal,capture.validation.incompatibleUnit,This unit cannot be used for this value,Cette unité ne peut pas être utilisée pour cette valeur,
journal,capture.validation.crossBasis,This unit uses a different measurement basis,Cette unité utilise une base de mesure différente,
journal,capture.validation.invalidDependency,The selected options do not form a valid combination,Les options sélectionnées ne forment pas une combinaison valide,
journal,capture.validation.invalidDefinition,This journal form is not available,Ce formulaire de journal n'est pas disponible,
journal,capture.validation.layoutTemplateMismatch,This detail level is not available for the selected layout,Ce niveau de détail n'est pas disponible pour le layout sélectionné,
journal,capture.validation.cropRequired,Enter a crop because no active season covers this plot,"Saisissez une culture, car aucune saison active ne couvre cette parcelle",
journal,capture.validation.invalidLocalTime,Enter a valid local date and time,Saisissez une date et une heure locales valides,
journal,capture.validation.invalidTimezone,Select a supported timezone,Sélectionnez un fuseau horaire pris en charge,
journal,capture.validation.nonexistentLocalTime,This local time does not exist because the clock moves forward,Cette heure locale n'existe pas car l'horloge avance,
journal,capture.validation.ambiguousLocalTime,This local time occurs twice because the clock moves back,Cette heure locale se produit deux fois car l'horloge recule,
journal,capture.validation.chooseUtcOffset,Choose which UTC offset applies,Choisissez le décalage UTC applicable,
journal,capture.validation.invalidUtcOffset,The selected UTC offset does not match this local time,Le décalage UTC sélectionné ne correspond pas à cette heure locale,
journal,capture.carry.prefilled,Copied from the latest compatible entry,Copié depuis la dernière entrée compatible,
journal,capture.carry.repeatTreatment,Repeat last treatment,Répéter le dernier traitement,
journal,capture.carry.repeatTreatmentDescription,Review the previous treatment before copying its protected fields,Vérifiez le traitement précédent avant de copier ses champs protégés,
journal,capture.carry.sourceDate,Previous date,Date précédente,
journal,capture.carry.crop,Crop,Culture,
journal,capture.carry.product,Product,Produit,
journal,capture.carry.rate,Rate,Dose,
journal,capture.carry.useValues,Use these values,Utiliser ces valeurs,
journal,capture.carry.dismiss,Do not copy,Ne pas copier,
journal,capture.carry.invalidated,"The previous treatment no longer matches this plot, crop, time, season, or layout","Le traitement précédent ne correspond plus à cette parcelle, cette culture, cette heure, cette saison ou ce layout",
journal,capture.confirm.title,Review before saving,Vérifier avant d'enregistrer,
journal,capture.confirm.activity,Activity,Activité,
journal,capture.confirm.plot,Plot,Parcelle,
journal,capture.confirm.farmLevel,Whole farm,Toute la ferme,
journal,capture.confirm.layout,Layout,Layout,yes
journal,capture.confirm.occurrence,When,Quand,
journal,capture.confirm.values,Details,Détails,
journal,capture.confirm.edit,Edit,Modifier,
journal,capture.confirm.ready,Ready to save,Prêt à enregistrer,
journal,capture.confirm.duplicateTitle,A similar activity already exists,Une activité similaire existe déjà,
journal,capture.confirm.duplicateBody,Review the existing entry before saving another record,Vérifiez l'entrée existante avant d'en enregistrer une nouvelle,
journal,capture.confirm.openExisting,Open existing,Ouvrir l'existante,
journal,capture.confirm.saveSeparately,Save separately,Enregistrer séparément,
journal,capture.save.saving,Saving…,Enregistrement en cours...,
journal,capture.save.draftSavedGateway,Draft saved on farm gateway,Brouillon enregistré sur la passerelle de la ferme,
journal,capture.save.finalSavedGateway,Saved on farm gateway,Enregistré sur la passerelle de la ferme,
journal,capture.save.cloudWaiting,Saved on OSI Server — waiting for farm gateway,Enregistré sur OSI Server — en attente de la passerelle de la ferme,
journal,capture.save.notSaved,Not saved,Non enregistré,
journal,capture.save.retry,Try again,Réessayer,
journal,capture.save.lossWarning,Changes are held only in this open screen until the gateway saves them,Les modifications ne sont conservées que dans cet écran ouvert jusqu'à ce que la passerelle les enregistre,
journal,capture.save.leaveWarning,Leaving now will discard changes that the gateway has not saved,"Si vous quittez maintenant, les modifications que la passerelle n'a pas enregistrées seront perdues",
settings,entryPoint,Settings,Réglages,
settings,title,Settings,Réglages,
settings,backToDashboard,Back to dashboard,Retour au tableau de bord,
settings,languageTitle,Language,Langue,
settings,appearanceTitle,Appearance,Apparence,
settings,theme,Theme,Thème,
settings,light,Light,Clair,
settings,dark,Dark,Sombre,
settings,system,System,Système,
settings,unitsTitle,Units & Display,Unités & affichage,
settings,swtUnit,Soil water tension unit,Unité de tension hydrique du sol,
settings,kpa,kPa,kPa,yes
settings,pf,pF,pF,yes
settings,swtSample,SWT sample,Exemple SWT,
settings,modulesTitle,Modules,Modules,yes
settings,predictionAdvisory,Prediction advisory,Conseil prédictif,
settings,predictionAdvisoryWarning,"Experimental, do not use for production!","Expérimental, ne pas utiliser en production !",
settings,waterCard,Water balance,Bilan hydrique,
settings,irrigationSchedule,Irrigation schedule,Programme d'irrigation,
settings,environmentCard,Environment & weather forecast,Environnement et prévisions météo,
settings,schedulerDisableConfirm,Disable all active irrigation schedules before hiding this module?,Désactiver tous les programmes d'irrigation actifs avant de masquer ce module ?,
settings,schedulerDisableSuccess_one,Disabled {{count}} active schedule.,{{count}} programme actif désactivé.,
settings,schedulerDisableSuccess_other,Disabled {{count}} active schedules.,{{count}} programmes actifs désactivés.,
settings,schedulerDisableError,Could not disable irrigation schedules,Impossible de désactiver les programmes d'irrigation,
settings,dataTitle,Data & Refresh,Données & actualisation,
settings,autoRefresh,Auto-refresh dashboard,Actualiser automatiquement le tableau de bord,
settings,on,On,Activé,
settings,off,Off,Désactivé,
settings,userRequestTitle,User request,Demande utilisateur,
settings,requestType,Request type,Type de demande,
settings,bugFix,Bug fix,Correction,
settings,featureRequest,Feature request,Nouvelle fonctionnalité,
settings,requestTitle,Title,Titre,
settings,contactEmail,Email address (optional),Adresse e-mail (facultatif),
settings,requestArea,Area,Zone,
settings,requestImpact,Impact,Impact,yes
settings,requestDescription,Description,Description,yes
settings,requestShareConsent,May be shared publicly without private farm details.,Peut être partagé publiquement sans détails privés de la ferme.,
settings,requestIncludeDiagnostics,Include diagnostics,Inclure les diagnostics,
settings,requestSubmit,Save request,Enregistrer la demande,
settings,requestSubmitting,Saving...,Enregistrement...,
settings,requestSaved,"Saved, waiting for internet","Enregistré, en attente d’Internet",
settings,requestError,Could not save request,Impossible d’enregistrer la demande,
settings,area_dashboard,Dashboard,Tableau de bord,
settings,area_history,History,Historique,
settings,area_analysis,Analysis,Analyse,
settings,area_watering,Watering,Irrigation,
settings,area_devices,Devices,Appareils,
settings,area_sync,Sync,Synchronisation,
settings,area_system,System,Système,
settings,area_other,Other,Autre,
settings,impact_cant_work,Cannot work,Impossible de travailler,
settings,impact_workaround,Workaround available,Solution de contournement disponible,
settings,impact_annoying,Annoying,Gênant,
settings,impact_idea,Idea,Idée,
support,navLabel,Support & Requests,Assistance et demandes,
support,title,Support & Requests,Assistance et demandes,
support,backToDashboard,Back to dashboard,Retour au tableau de bord,
support,empty,No requests yet.,Aucune demande pour le moment.,
support,form.stepRequest,1. Request text,1. Texte de la demande,
support,form.stepArea,2. Area and severity,2. Zone et gravité,
support,form.stepDiagnostics,3. Diagnostics and consent,3. Diagnostic et consentement,
support,form.summary,Short title,Titre court,
support,form.description,What should be improved?,Que faut-il améliorer ?,
support,form.contactEmail,Contact email (optional),E-mail de contact (facultatif),
support,form.expected,Expected,Attendu,
support,form.actual,Actual,Constaté,
support,form.steps,Steps,Étapes,
support,form.requestType,Request type,Type de demande,
support,form.area,Area,Zone,
support,form.severity,Severity,Gravité,
support,form.diagnostics,Diagnostics preview,Aperçu du diagnostic,
support,form.includeDiagnostics,Include safe diagnostics with this request.,Inclure un diagnostic sûr avec cette demande.,
support,form.consentPublic,I agree this request may be shared publicly without private farm details.,J'accepte que cette demande soit partagée publiquement sans détails privés de l'exploitation.,
support,form.submit,Save request,Enregistrer la demande,
support,form.submitting,Saving...,Enregistrement...,
support,types.bug,Bug,Bug,yes
support,types.improvement,Improvement,Amélioration,
support,types.feedback,Feedback,Retour,
support,areas.dashboard,Dashboard,Tableau de bord,
support,areas.history,History,Historique,
support,areas.analysis,Analysis,Analyse,
support,areas.copy,Text and labels,Textes et libellés,
support,areas.watering,Watering,Irrigation,
support,areas.sync,Sync,Synchronisation,
support,areas.devices,Devices,Appareils,
support,areas.system,System,Système,
support,areas.other,Other,Autre,
support,severity.cant_work,Cannot work,Impossible de travailler,
support,severity.workaround,Workaround available,Contournement disponible,
support,severity.annoying,Annoying,Gênant,
support,severity.idea,Idea,Idée,
support,diagnostics.loading,Loading diagnostics...,Chargement du diagnostic...,
support,diagnostics.unavailable,Diagnostics are unavailable right now.,Le diagnostic n'est pas disponible pour le moment.,
support,banners.retryable,Could not send right now. The request can be retried.,Impossible d'envoyer maintenant. La demande peut être réessayée.,
support,status.QUEUED,"Saved, waiting for internet","Enregistré, en attente d'internet",
support,status.SUBMITTED,Submitted,Envoyé,
support,status.SYNCED,Synced,Synchronisé,
support,status.FAILED_RETRYABLE,Retry needed,Nouvel essai requis,
support,status.FAILED_PERMANENT,Could not send,Envoi impossible,
support,status.AWAITING_PUBLISH,Waiting to publish,En attente de publication,
support,status.PUBLISHING,Publishing,Publication en cours,
support,status.PUBLISH_BLOCKED_CONFIG,Publishing blocked,Publication bloquée,
support,status.PUBLISH_BLOCKED_SECRET,Publishing blocked,Publication bloquée,
support,status.TRIAGED,Being reviewed,En cours d'examen,
support,status.BEING_REVIEWED,Being reviewed,En cours d'examen,
support,status.NEEDS_INFO,Needs more information,Informations supplémentaires nécessaires,
support,status.ISSUE_ONLY,Saved as issue,Enregistré comme ticket,
support,status.ISSUE_OPEN,Issue open,Ticket ouvert,
support,status.NOT_PLANNED,Not planned,Non planifié,
support,status.RATE_LIMITED,Rate limited,Limite de débit atteinte,
support,status.RELEASED,Released,Publié,
support,status.REJECTED,Rejected,Rejeté,
support,status.DUPLICATE,Duplicate,Doublon,
support,status.DUPLICATE_OF,Duplicate,Doublon,
support,status.AWAITING_APPROVAL,Awaiting approval,En attente d'approbation,
support,status.AGENT_RUNNING,In progress,En cours,
support,status.VERIFYING,Verifying,Vérification,
support,status.PR_OPEN,In progress,En cours,
support,status.IN_REVIEW,In review,En revue,
support,status.MERGED,Merged,Fusionné,
support,status.CLOSED,Closed,Fermé,
support,status.AGENT_FAILED,Needs review,Revue nécessaire,
support,status.UNKNOWN,Status update received,Mise à jour de statut reçue,
support,myRequests.title,My Requests,Mes demandes,
support,myRequests.loadError,Requests could not be loaded.,Impossible de charger les demandes.,
support,myRequests.loading,Loading requests...,Chargement des demandes...,
support,myRequests.area,Area,Zone,
support,myRequests.submitted,Submitted,Envoyé,
